ISO-10303-21;
HEADER;
FILE_DESCRIPTION(('Open CASCADE Model'),'2;1');
FILE_NAME('Open CASCADE Shape Model','2026-03-12T16:41:49',('Author'),(
    'Open CASCADE'),'Open CASCADE STEP processor 6.8','Open CASCADE 6.8'
  ,'Unknown');
FILE_SCHEMA(('AUTOMOTIVE_DESIGN { 1 0 10303 214 1 1 1 1 }'));
ENDSEC;
DATA;
#1 = APPLICATION_PROTOCOL_DEFINITION('international standard',
  'automotive_design',2000,#2);
#2 = APPLICATION_CONTEXT(
  'core data for automotive mechanical design processes');
#3 = SHAPE_DEFINITION_REPRESENTATION(#4,#10);
#4 = PRODUCT_DEFINITION_SHAPE('','',#5);
#5 = PRODUCT_DEFINITION('design','',#6,#9);
#6 = PRODUCT_DEFINITION_FORMATION('','',#7);
#7 = PRODUCT('PCB','PCB','',(#8));
#8 = PRODUCT_CONTEXT('',#2,'mechanical');
#9 = PRODUCT_DEFINITION_CONTEXT('part definition',#2,'design');
#10 = SHAPE_REPRESENTATION('',(#11,#15,#19,#23,#27,#31,#35,#39,#43,#47,
    #51,#55,#59,#63,#67),#71);
#11 = AXIS2_PLACEMENT_3D('',#12,#13,#14);
#12 = CARTESIAN_POINT('',(0.E+000,0.E+000,0.E+000));
#13 = DIRECTION('',(0.E+000,0.E+000,1.));
#14 = DIRECTION('',(1.,0.E+000,-0.E+000));
#15 = AXIS2_PLACEMENT_3D('',#16,#17,#18);
#16 = CARTESIAN_POINT('',(0.E+000,0.E+000,0.E+000));
#17 = DIRECTION('',(0.E+000,0.E+000,1.));
#18 = DIRECTION('',(1.,0.E+000,-0.E+000));
#19 = AXIS2_PLACEMENT_3D('',#20,#21,#22);
#20 = CARTESIAN_POINT('',(0.E+000,0.E+000,0.E+000));
#21 = DIRECTION('',(0.E+000,0.E+000,1.));
#22 = DIRECTION('',(1.,0.E+000,-0.E+000));
#23 = AXIS2_PLACEMENT_3D('',#24,#25,#26);
#24 = CARTESIAN_POINT('',(0.E+000,0.E+000,0.E+000));
#25 = DIRECTION('',(0.E+000,0.E+000,1.));
#26 = DIRECTION('',(1.,0.E+000,-0.E+000));
#27 = AXIS2_PLACEMENT_3D('',#28,#29,#30);
#28 = CARTESIAN_POINT('',(0.E+000,0.E+000,0.E+000));
#29 = DIRECTION('',(0.E+000,0.E+000,1.));
#30 = DIRECTION('',(1.,0.E+000,-0.E+000));
#31 = AXIS2_PLACEMENT_3D('',#32,#33,#34);
#32 = CARTESIAN_POINT('',(0.E+000,0.E+000,0.E+000));
#33 = DIRECTION('',(0.E+000,0.E+000,1.));
#34 = DIRECTION('',(1.,0.E+000,-0.E+000));
#35 = AXIS2_PLACEMENT_3D('',#36,#37,#38);
#36 = CARTESIAN_POINT('',(0.E+000,0.E+000,0.E+000));
#37 = DIRECTION('',(0.E+000,0.E+000,1.));
#38 = DIRECTION('',(1.,0.E+000,-0.E+000));
#39 = AXIS2_PLACEMENT_3D('',#40,#41,#42);
#40 = CARTESIAN_POINT('',(0.E+000,0.E+000,0.E+000));
#41 = DIRECTION('',(0.E+000,0.E+000,1.));
#42 = DIRECTION('',(1.,0.E+000,-0.E+000));
#43 = AXIS2_PLACEMENT_3D('',#44,#45,#46);
#44 = CARTESIAN_POINT('',(0.E+000,0.E+000,0.E+000));
#45 = DIRECTION('',(0.E+000,0.E+000,1.));
#46 = DIRECTION('',(1.,0.E+000,-0.E+000));
#47 = AXIS2_PLACEMENT_3D('',#48,#49,#50);
#48 = CARTESIAN_POINT('',(0.E+000,0.E+000,0.E+000));
#49 = DIRECTION('',(0.E+000,0.E+000,1.));
#50 = DIRECTION('',(1.,0.E+000,-0.E+000));
#51 = AXIS2_PLACEMENT_3D('',#52,#53,#54);
#52 = CARTESIAN_POINT('',(0.E+000,0.E+000,0.E+000));
#53 = DIRECTION('',(0.E+000,0.E+000,1.));
#54 = DIRECTION('',(1.,0.E+000,-0.E+000));
#55 = AXIS2_PLACEMENT_3D('',#56,#57,#58);
#56 = CARTESIAN_POINT('',(0.E+000,0.E+000,0.E+000));
#57 = DIRECTION('',(0.E+000,0.E+000,1.));
#58 = DIRECTION('',(1.,0.E+000,-0.E+000));
#59 = AXIS2_PLACEMENT_3D('',#60,#61,#62);
#60 = CARTESIAN_POINT('',(0.E+000,0.E+000,0.E+000));
#61 = DIRECTION('',(0.E+000,0.E+000,1.));
#62 = DIRECTION('',(1.,0.E+000,-0.E+000));
#63 = AXIS2_PLACEMENT_3D('',#64,#65,#66);
#64 = CARTESIAN_POINT('',(0.E+000,0.E+000,0.E+000));
#65 = DIRECTION('',(0.E+000,0.E+000,1.));
#66 = DIRECTION('',(1.,0.E+000,-0.E+000));
#67 = AXIS2_PLACEMENT_3D('',#68,#69,#70);
#68 = CARTESIAN_POINT('',(0.E+000,0.E+000,0.E+000));
#69 = DIRECTION('',(0.E+000,0.E+000,1.));
#70 = DIRECTION('',(1.,0.E+000,-0.E+000));
#71 = ( GEOMETRIC_REPRESENTATION_CONTEXT(3) 
GLOBAL_UNCERTAINTY_ASSIGNED_CONTEXT((#75)) GLOBAL_UNIT_ASSIGNED_CONTEXT(
(#72,#73,#74)) REPRESENTATION_CONTEXT('Context #1',
  '3D Context with UNIT and UNCERTAINTY') );
#72 = ( LENGTH_UNIT() NAMED_UNIT(*) SI_UNIT(.MILLI.,.METRE.) );
#73 = ( NAMED_UNIT(*) PLANE_ANGLE_UNIT() SI_UNIT($,.RADIAN.) );
#74 = ( NAMED_UNIT(*) SI_UNIT($,.STERADIAN.) SOLID_ANGLE_UNIT() );
#75 = UNCERTAINTY_MEASURE_WITH_UNIT(LENGTH_MEASURE(2.E-005),#72,
  'distance_accuracy_value','confusion accuracy');
#76 = PRODUCT_RELATED_PRODUCT_CATEGORY('part',$,(#7));
#77 = SHAPE_DEFINITION_REPRESENTATION(#78,#84);
#78 = PRODUCT_DEFINITION_SHAPE('','',#79);
#79 = PRODUCT_DEFINITION('design','',#80,#83);
#80 = PRODUCT_DEFINITION_FORMATION('','',#81);
#81 = PRODUCT('Board','Board','',(#82));
#82 = PRODUCT_CONTEXT('',#2,'mechanical');
#83 = PRODUCT_DEFINITION_CONTEXT('part definition',#2,'design');
#84 = SHAPE_REPRESENTATION('',(#11,#85),#89);
#85 = AXIS2_PLACEMENT_3D('',#86,#87,#88);
#86 = CARTESIAN_POINT('',(0.E+000,0.E+000,-0.41148));
#87 = DIRECTION('',(0.E+000,0.E+000,1.));
#88 = DIRECTION('',(1.,0.E+000,-0.E+000));
#89 = ( GEOMETRIC_REPRESENTATION_CONTEXT(3) 
GLOBAL_UNCERTAINTY_ASSIGNED_CONTEXT((#93)) GLOBAL_UNIT_ASSIGNED_CONTEXT(
(#90,#91,#92)) REPRESENTATION_CONTEXT('Context #1',
  '3D Context with UNIT and UNCERTAINTY') );
#90 = ( LENGTH_UNIT() NAMED_UNIT(*) SI_UNIT(.MILLI.,.METRE.) );
#91 = ( NAMED_UNIT(*) PLANE_ANGLE_UNIT() SI_UNIT($,.RADIAN.) );
#92 = ( NAMED_UNIT(*) SI_UNIT($,.STERADIAN.) SOLID_ANGLE_UNIT() );
#93 = UNCERTAINTY_MEASURE_WITH_UNIT(LENGTH_MEASURE(1.E-007),#90,
  'distance_accuracy_value','confusion accuracy');
#94 = ADVANCED_BREP_SHAPE_REPRESENTATION('',(#11,#95),#596);
#95 = MANIFOLD_SOLID_BREP('',#96);
#96 = CLOSED_SHELL('',(#97,#137,#168,#199,#221,#254,#287,#320,#353,#386,
    #419,#452,#485,#518,#557));
#97 = ADVANCED_FACE('',(#98),#132,.F.);
#98 = FACE_BOUND('',#99,.F.);
#99 = EDGE_LOOP('',(#100,#110,#118,#126));
#100 = ORIENTED_EDGE('',*,*,#101,.T.);
#101 = EDGE_CURVE('',#102,#104,#106,.T.);
#102 = VERTEX_POINT('',#103);
#103 = CARTESIAN_POINT('',(10.800000190735,0.800000011921,0.E+000));
#104 = VERTEX_POINT('',#105);
#105 = CARTESIAN_POINT('',(10.800000190735,0.800000011921,0.41148));
#106 = LINE('',#107,#108);
#107 = CARTESIAN_POINT('',(10.800000190735,0.800000011921,0.E+000));
#108 = VECTOR('',#109,1.);
#109 = DIRECTION('',(0.E+000,0.E+000,1.));
#110 = ORIENTED_EDGE('',*,*,#111,.T.);
#111 = EDGE_CURVE('',#104,#112,#114,.T.);
#112 = VERTEX_POINT('',#113);
#113 = CARTESIAN_POINT('',(32.299999237061,0.800000011921,0.41148));
#114 = LINE('',#115,#116);
#115 = CARTESIAN_POINT('',(10.800000190735,0.800000011921,0.41148));
#116 = VECTOR('',#117,1.);
#117 = DIRECTION('',(1.,0.E+000,0.E+000));
#118 = ORIENTED_EDGE('',*,*,#119,.F.);
#119 = EDGE_CURVE('',#120,#112,#122,.T.);
#120 = VERTEX_POINT('',#121);
#121 = CARTESIAN_POINT('',(32.299999237061,0.800000011921,0.E+000));
#122 = LINE('',#123,#124);
#123 = CARTESIAN_POINT('',(32.299999237061,0.800000011921,0.E+000));
#124 = VECTOR('',#125,1.);
#125 = DIRECTION('',(0.E+000,0.E+000,1.));
#126 = ORIENTED_EDGE('',*,*,#127,.F.);
#127 = EDGE_CURVE('',#102,#120,#128,.T.);
#128 = LINE('',#129,#130);
#129 = CARTESIAN_POINT('',(10.800000190735,0.800000011921,0.E+000));
#130 = VECTOR('',#131,1.);
#131 = DIRECTION('',(1.,0.E+000,0.E+000));
#132 = PLANE('',#133);
#133 = AXIS2_PLACEMENT_3D('',#134,#135,#136);
#134 = CARTESIAN_POINT('',(10.800000190735,0.800000011921,0.E+000));
#135 = DIRECTION('',(0.E+000,1.,0.E+000));
#136 = DIRECTION('',(1.,0.E+000,0.E+000));
#137 = ADVANCED_FACE('',(#138),#163,.F.);
#138 = FACE_BOUND('',#139,.F.);
#139 = EDGE_LOOP('',(#140,#141,#149,#157));
#140 = ORIENTED_EDGE('',*,*,#119,.T.);
#141 = ORIENTED_EDGE('',*,*,#142,.T.);
#142 = EDGE_CURVE('',#112,#143,#145,.T.);
#143 = VERTEX_POINT('',#144);
#144 = CARTESIAN_POINT('',(32.299999237061,14.5,0.41148));
#145 = LINE('',#146,#147);
#146 = CARTESIAN_POINT('',(32.299999237061,0.800000011921,0.41148));
#147 = VECTOR('',#148,1.);
#148 = DIRECTION('',(0.E+000,1.,0.E+000));
#149 = ORIENTED_EDGE('',*,*,#150,.F.);
#150 = EDGE_CURVE('',#151,#143,#153,.T.);
#151 = VERTEX_POINT('',#152);
#152 = CARTESIAN_POINT('',(32.299999237061,14.5,0.E+000));
#153 = LINE('',#154,#155);
#154 = CARTESIAN_POINT('',(32.299999237061,14.5,0.E+000));
#155 = VECTOR('',#156,1.);
#156 = DIRECTION('',(0.E+000,0.E+000,1.));
#157 = ORIENTED_EDGE('',*,*,#158,.F.);
#158 = EDGE_CURVE('',#120,#151,#159,.T.);
#159 = LINE('',#160,#161);
#160 = CARTESIAN_POINT('',(32.299999237061,0.800000011921,0.E+000));
#161 = VECTOR('',#162,1.);
#162 = DIRECTION('',(0.E+000,1.,0.E+000));
#163 = PLANE('',#164);
#164 = AXIS2_PLACEMENT_3D('',#165,#166,#167);
#165 = CARTESIAN_POINT('',(32.299999237061,0.800000011921,0.E+000));
#166 = DIRECTION('',(-1.,0.E+000,0.E+000));
#167 = DIRECTION('',(0.E+000,1.,0.E+000));
#168 = ADVANCED_FACE('',(#169),#194,.F.);
#169 = FACE_BOUND('',#170,.F.);
#170 = EDGE_LOOP('',(#171,#172,#180,#188));
#171 = ORIENTED_EDGE('',*,*,#150,.T.);
#172 = ORIENTED_EDGE('',*,*,#173,.T.);
#173 = EDGE_CURVE('',#143,#174,#176,.T.);
#174 = VERTEX_POINT('',#175);
#175 = CARTESIAN_POINT('',(10.800000190735,14.5,0.41148));
#176 = LINE('',#177,#178);
#177 = CARTESIAN_POINT('',(32.299999237061,14.5,0.41148));
#178 = VECTOR('',#179,1.);
#179 = DIRECTION('',(-1.,0.E+000,0.E+000));
#180 = ORIENTED_EDGE('',*,*,#181,.F.);
#181 = EDGE_CURVE('',#182,#174,#184,.T.);
#182 = VERTEX_POINT('',#183);
#183 = CARTESIAN_POINT('',(10.800000190735,14.5,0.E+000));
#184 = LINE('',#185,#186);
#185 = CARTESIAN_POINT('',(10.800000190735,14.5,0.E+000));
#186 = VECTOR('',#187,1.);
#187 = DIRECTION('',(0.E+000,0.E+000,1.));
#188 = ORIENTED_EDGE('',*,*,#189,.F.);
#189 = EDGE_CURVE('',#151,#182,#190,.T.);
#190 = LINE('',#191,#192);
#191 = CARTESIAN_POINT('',(32.299999237061,14.5,0.E+000));
#192 = VECTOR('',#193,1.);
#193 = DIRECTION('',(-1.,0.E+000,0.E+000));
#194 = PLANE('',#195);
#195 = AXIS2_PLACEMENT_3D('',#196,#197,#198);
#196 = CARTESIAN_POINT('',(32.299999237061,14.5,0.E+000));
#197 = DIRECTION('',(0.E+000,-1.,0.E+000));
#198 = DIRECTION('',(-1.,0.E+000,0.E+000));
#199 = ADVANCED_FACE('',(#200),#216,.F.);
#200 = FACE_BOUND('',#201,.F.);
#201 = EDGE_LOOP('',(#202,#203,#209,#210));
#202 = ORIENTED_EDGE('',*,*,#181,.T.);
#203 = ORIENTED_EDGE('',*,*,#204,.T.);
#204 = EDGE_CURVE('',#174,#104,#205,.T.);
#205 = LINE('',#206,#207);
#206 = CARTESIAN_POINT('',(10.800000190735,14.5,0.41148));
#207 = VECTOR('',#208,1.);
#208 = DIRECTION('',(0.E+000,-1.,0.E+000));
#209 = ORIENTED_EDGE('',*,*,#101,.F.);
#210 = ORIENTED_EDGE('',*,*,#211,.F.);
#211 = EDGE_CURVE('',#182,#102,#212,.T.);
#212 = LINE('',#213,#214);
#213 = CARTESIAN_POINT('',(10.800000190735,14.5,0.E+000));
#214 = VECTOR('',#215,1.);
#215 = DIRECTION('',(0.E+000,-1.,0.E+000));
#216 = PLANE('',#217);
#217 = AXIS2_PLACEMENT_3D('',#218,#219,#220);
#218 = CARTESIAN_POINT('',(10.800000190735,14.5,0.E+000));
#219 = DIRECTION('',(1.,0.E+000,-0.E+000));
#220 = DIRECTION('',(0.E+000,-1.,0.E+000));
#221 = ADVANCED_FACE('',(#222),#249,.F.);
#222 = FACE_BOUND('',#223,.T.);
#223 = EDGE_LOOP('',(#224,#234,#241,#242));
#224 = ORIENTED_EDGE('',*,*,#225,.T.);
#225 = EDGE_CURVE('',#226,#228,#230,.T.);
#226 = VERTEX_POINT('',#227);
#227 = CARTESIAN_POINT('',(13.15,5.08,0.E+000));
#228 = VERTEX_POINT('',#229);
#229 = CARTESIAN_POINT('',(13.15,5.08,0.41148));
#230 = LINE('',#231,#232);
#231 = CARTESIAN_POINT('',(13.15,5.08,0.E+000));
#232 = VECTOR('',#233,1.);
#233 = DIRECTION('',(0.E+000,0.E+000,1.));
#234 = ORIENTED_EDGE('',*,*,#235,.T.);
#235 = EDGE_CURVE('',#228,#228,#236,.T.);
#236 = CIRCLE('',#237,0.45);
#237 = AXIS2_PLACEMENT_3D('',#238,#239,#240);
#238 = CARTESIAN_POINT('',(12.7,5.08,0.41148));
#239 = DIRECTION('',(0.E+000,0.E+000,1.));
#240 = DIRECTION('',(1.,0.E+000,-0.E+000));
#241 = ORIENTED_EDGE('',*,*,#225,.F.);
#242 = ORIENTED_EDGE('',*,*,#243,.F.);
#243 = EDGE_CURVE('',#226,#226,#244,.T.);
#244 = CIRCLE('',#245,0.45);
#245 = AXIS2_PLACEMENT_3D('',#246,#247,#248);
#246 = CARTESIAN_POINT('',(12.7,5.08,0.E+000));
#247 = DIRECTION('',(0.E+000,0.E+000,1.));
#248 = DIRECTION('',(1.,0.E+000,-0.E+000));
#249 = CYLINDRICAL_SURFACE('',#250,0.45);
#250 = AXIS2_PLACEMENT_3D('',#251,#252,#253);
#251 = CARTESIAN_POINT('',(12.7,5.08,0.E+000));
#252 = DIRECTION('',(-0.E+000,-0.E+000,-1.));
#253 = DIRECTION('',(1.,0.E+000,-0.E+000));
#254 = ADVANCED_FACE('',(#255),#282,.F.);
#255 = FACE_BOUND('',#256,.T.);
#256 = EDGE_LOOP('',(#257,#267,#274,#275));
#257 = ORIENTED_EDGE('',*,*,#258,.T.);
#258 = EDGE_CURVE('',#259,#261,#263,.T.);
#259 = VERTEX_POINT('',#260);
#260 = CARTESIAN_POINT('',(13.15,2.54,0.E+000));
#261 = VERTEX_POINT('',#262);
#262 = CARTESIAN_POINT('',(13.15,2.54,0.41148));
#263 = LINE('',#264,#265);
#264 = CARTESIAN_POINT('',(13.15,2.54,0.E+000));
#265 = VECTOR('',#266,1.);
#266 = DIRECTION('',(0.E+000,0.E+000,1.));
#267 = ORIENTED_EDGE('',*,*,#268,.T.);
#268 = EDGE_CURVE('',#261,#261,#269,.T.);
#269 = CIRCLE('',#270,0.45);
#270 = AXIS2_PLACEMENT_3D('',#271,#272,#273);
#271 = CARTESIAN_POINT('',(12.7,2.54,0.41148));
#272 = DIRECTION('',(0.E+000,0.E+000,1.));
#273 = DIRECTION('',(1.,0.E+000,-0.E+000));
#274 = ORIENTED_EDGE('',*,*,#258,.F.);
#275 = ORIENTED_EDGE('',*,*,#276,.F.);
#276 = EDGE_CURVE('',#259,#259,#277,.T.);
#277 = CIRCLE('',#278,0.45);
#278 = AXIS2_PLACEMENT_3D('',#279,#280,#281);
#279 = CARTESIAN_POINT('',(12.7,2.54,0.E+000));
#280 = DIRECTION('',(0.E+000,0.E+000,1.));
#281 = DIRECTION('',(1.,0.E+000,-0.E+000));
#282 = CYLINDRICAL_SURFACE('',#283,0.45);
#283 = AXIS2_PLACEMENT_3D('',#284,#285,#286);
#284 = CARTESIAN_POINT('',(12.7,2.54,0.E+000));
#285 = DIRECTION('',(-0.E+000,-0.E+000,-1.));
#286 = DIRECTION('',(1.,0.E+000,-0.E+000));
#287 = ADVANCED_FACE('',(#288),#315,.F.);
#288 = FACE_BOUND('',#289,.T.);
#289 = EDGE_LOOP('',(#290,#300,#307,#308));
#290 = ORIENTED_EDGE('',*,*,#291,.T.);
#291 = EDGE_CURVE('',#292,#294,#296,.T.);
#292 = VERTEX_POINT('',#293);
#293 = CARTESIAN_POINT('',(13.15,12.7,0.E+000));
#294 = VERTEX_POINT('',#295);
#295 = CARTESIAN_POINT('',(13.15,12.7,0.41148));
#296 = LINE('',#297,#298);
#297 = CARTESIAN_POINT('',(13.15,12.7,0.E+000));
#298 = VECTOR('',#299,1.);
#299 = DIRECTION('',(0.E+000,0.E+000,1.));
#300 = ORIENTED_EDGE('',*,*,#301,.T.);
#301 = EDGE_CURVE('',#294,#294,#302,.T.);
#302 = CIRCLE('',#303,0.45);
#303 = AXIS2_PLACEMENT_3D('',#304,#305,#306);
#304 = CARTESIAN_POINT('',(12.7,12.7,0.41148));
#305 = DIRECTION('',(0.E+000,0.E+000,1.));
#306 = DIRECTION('',(1.,0.E+000,-0.E+000));
#307 = ORIENTED_EDGE('',*,*,#291,.F.);
#308 = ORIENTED_EDGE('',*,*,#309,.F.);
#309 = EDGE_CURVE('',#292,#292,#310,.T.);
#310 = CIRCLE('',#311,0.45);
#311 = AXIS2_PLACEMENT_3D('',#312,#313,#314);
#312 = CARTESIAN_POINT('',(12.7,12.7,0.E+000));
#313 = DIRECTION('',(0.E+000,0.E+000,1.));
#314 = DIRECTION('',(1.,0.E+000,-0.E+000));
#315 = CYLINDRICAL_SURFACE('',#316,0.45);
#316 = AXIS2_PLACEMENT_3D('',#317,#318,#319);
#317 = CARTESIAN_POINT('',(12.7,12.7,0.E+000));
#318 = DIRECTION('',(-0.E+000,-0.E+000,-1.));
#319 = DIRECTION('',(1.,0.E+000,-0.E+000));
#320 = ADVANCED_FACE('',(#321),#348,.F.);
#321 = FACE_BOUND('',#322,.T.);
#322 = EDGE_LOOP('',(#323,#333,#340,#341));
#323 = ORIENTED_EDGE('',*,*,#324,.T.);
#324 = EDGE_CURVE('',#325,#327,#329,.T.);
#325 = VERTEX_POINT('',#326);
#326 = CARTESIAN_POINT('',(13.15,10.16,0.E+000));
#327 = VERTEX_POINT('',#328);
#328 = CARTESIAN_POINT('',(13.15,10.16,0.41148));
#329 = LINE('',#330,#331);
#330 = CARTESIAN_POINT('',(13.15,10.16,0.E+000));
#331 = VECTOR('',#332,1.);
#332 = DIRECTION('',(0.E+000,0.E+000,1.));
#333 = ORIENTED_EDGE('',*,*,#334,.T.);
#334 = EDGE_CURVE('',#327,#327,#335,.T.);
#335 = CIRCLE('',#336,0.45);
#336 = AXIS2_PLACEMENT_3D('',#337,#338,#339);
#337 = CARTESIAN_POINT('',(12.7,10.16,0.41148));
#338 = DIRECTION('',(0.E+000,0.E+000,1.));
#339 = DIRECTION('',(1.,0.E+000,-0.E+000));
#340 = ORIENTED_EDGE('',*,*,#324,.F.);
#341 = ORIENTED_EDGE('',*,*,#342,.F.);
#342 = EDGE_CURVE('',#325,#325,#343,.T.);
#343 = CIRCLE('',#344,0.45);
#344 = AXIS2_PLACEMENT_3D('',#345,#346,#347);
#345 = CARTESIAN_POINT('',(12.7,10.16,0.E+000));
#346 = DIRECTION('',(0.E+000,0.E+000,1.));
#347 = DIRECTION('',(1.,0.E+000,-0.E+000));
#348 = CYLINDRICAL_SURFACE('',#349,0.45);
#349 = AXIS2_PLACEMENT_3D('',#350,#351,#352);
#350 = CARTESIAN_POINT('',(12.7,10.16,0.E+000));
#351 = DIRECTION('',(-0.E+000,-0.E+000,-1.));
#352 = DIRECTION('',(1.,0.E+000,-0.E+000));
#353 = ADVANCED_FACE('',(#354),#381,.F.);
#354 = FACE_BOUND('',#355,.T.);
#355 = EDGE_LOOP('',(#356,#366,#373,#374));
#356 = ORIENTED_EDGE('',*,*,#357,.T.);
#357 = EDGE_CURVE('',#358,#360,#362,.T.);
#358 = VERTEX_POINT('',#359);
#359 = CARTESIAN_POINT('',(30.93,5.08,0.E+000));
#360 = VERTEX_POINT('',#361);
#361 = CARTESIAN_POINT('',(30.93,5.08,0.41148));
#362 = LINE('',#363,#364);
#363 = CARTESIAN_POINT('',(30.93,5.08,0.E+000));
#364 = VECTOR('',#365,1.);
#365 = DIRECTION('',(0.E+000,0.E+000,1.));
#366 = ORIENTED_EDGE('',*,*,#367,.T.);
#367 = EDGE_CURVE('',#360,#360,#368,.T.);
#368 = CIRCLE('',#369,0.45);
#369 = AXIS2_PLACEMENT_3D('',#370,#371,#372);
#370 = CARTESIAN_POINT('',(30.48,5.08,0.41148));
#371 = DIRECTION('',(0.E+000,0.E+000,1.));
#372 = DIRECTION('',(1.,0.E+000,-0.E+000));
#373 = ORIENTED_EDGE('',*,*,#357,.F.);
#374 = ORIENTED_EDGE('',*,*,#375,.F.);
#375 = EDGE_CURVE('',#358,#358,#376,.T.);
#376 = CIRCLE('',#377,0.45);
#377 = AXIS2_PLACEMENT_3D('',#378,#379,#380);
#378 = CARTESIAN_POINT('',(30.48,5.08,0.E+000));
#379 = DIRECTION('',(0.E+000,0.E+000,1.));
#380 = DIRECTION('',(1.,0.E+000,-0.E+000));
#381 = CYLINDRICAL_SURFACE('',#382,0.45);
#382 = AXIS2_PLACEMENT_3D('',#383,#384,#385);
#383 = CARTESIAN_POINT('',(30.48,5.08,0.E+000));
#384 = DIRECTION('',(-0.E+000,-0.E+000,-1.));
#385 = DIRECTION('',(1.,0.E+000,-0.E+000));
#386 = ADVANCED_FACE('',(#387),#414,.F.);
#387 = FACE_BOUND('',#388,.T.);
#388 = EDGE_LOOP('',(#389,#399,#406,#407));
#389 = ORIENTED_EDGE('',*,*,#390,.T.);
#390 = EDGE_CURVE('',#391,#393,#395,.T.);
#391 = VERTEX_POINT('',#392);
#392 = CARTESIAN_POINT('',(30.93,2.54,0.E+000));
#393 = VERTEX_POINT('',#394);
#394 = CARTESIAN_POINT('',(30.93,2.54,0.41148));
#395 = LINE('',#396,#397);
#396 = CARTESIAN_POINT('',(30.93,2.54,0.E+000));
#397 = VECTOR('',#398,1.);
#398 = DIRECTION('',(0.E+000,0.E+000,1.));
#399 = ORIENTED_EDGE('',*,*,#400,.T.);
#400 = EDGE_CURVE('',#393,#393,#401,.T.);
#401 = CIRCLE('',#402,0.45);
#402 = AXIS2_PLACEMENT_3D('',#403,#404,#405);
#403 = CARTESIAN_POINT('',(30.48,2.54,0.41148));
#404 = DIRECTION('',(0.E+000,0.E+000,1.));
#405 = DIRECTION('',(1.,0.E+000,-0.E+000));
#406 = ORIENTED_EDGE('',*,*,#390,.F.);
#407 = ORIENTED_EDGE('',*,*,#408,.F.);
#408 = EDGE_CURVE('',#391,#391,#409,.T.);
#409 = CIRCLE('',#410,0.45);
#410 = AXIS2_PLACEMENT_3D('',#411,#412,#413);
#411 = CARTESIAN_POINT('',(30.48,2.54,0.E+000));
#412 = DIRECTION('',(0.E+000,0.E+000,1.));
#413 = DIRECTION('',(1.,0.E+000,-0.E+000));
#414 = CYLINDRICAL_SURFACE('',#415,0.45);
#415 = AXIS2_PLACEMENT_3D('',#416,#417,#418);
#416 = CARTESIAN_POINT('',(30.48,2.54,0.E+000));
#417 = DIRECTION('',(-0.E+000,-0.E+000,-1.));
#418 = DIRECTION('',(1.,0.E+000,-0.E+000));
#419 = ADVANCED_FACE('',(#420),#447,.F.);
#420 = FACE_BOUND('',#421,.T.);
#421 = EDGE_LOOP('',(#422,#432,#439,#440));
#422 = ORIENTED_EDGE('',*,*,#423,.T.);
#423 = EDGE_CURVE('',#424,#426,#428,.T.);
#424 = VERTEX_POINT('',#425);
#425 = CARTESIAN_POINT('',(30.93,12.7,0.E+000));
#426 = VERTEX_POINT('',#427);
#427 = CARTESIAN_POINT('',(30.93,12.7,0.41148));
#428 = LINE('',#429,#430);
#429 = CARTESIAN_POINT('',(30.93,12.7,0.E+000));
#430 = VECTOR('',#431,1.);
#431 = DIRECTION('',(0.E+000,0.E+000,1.));
#432 = ORIENTED_EDGE('',*,*,#433,.T.);
#433 = EDGE_CURVE('',#426,#426,#434,.T.);
#434 = CIRCLE('',#435,0.45);
#435 = AXIS2_PLACEMENT_3D('',#436,#437,#438);
#436 = CARTESIAN_POINT('',(30.48,12.7,0.41148));
#437 = DIRECTION('',(0.E+000,0.E+000,1.));
#438 = DIRECTION('',(1.,0.E+000,-0.E+000));
#439 = ORIENTED_EDGE('',*,*,#423,.F.);
#440 = ORIENTED_EDGE('',*,*,#441,.F.);
#441 = EDGE_CURVE('',#424,#424,#442,.T.);
#442 = CIRCLE('',#443,0.45);
#443 = AXIS2_PLACEMENT_3D('',#444,#445,#446);
#444 = CARTESIAN_POINT('',(30.48,12.7,0.E+000));
#445 = DIRECTION('',(0.E+000,0.E+000,1.));
#446 = DIRECTION('',(1.,0.E+000,-0.E+000));
#447 = CYLINDRICAL_SURFACE('',#448,0.45);
#448 = AXIS2_PLACEMENT_3D('',#449,#450,#451);
#449 = CARTESIAN_POINT('',(30.48,12.7,0.E+000));
#450 = DIRECTION('',(-0.E+000,-0.E+000,-1.));
#451 = DIRECTION('',(1.,0.E+000,-0.E+000));
#452 = ADVANCED_FACE('',(#453),#480,.F.);
#453 = FACE_BOUND('',#454,.T.);
#454 = EDGE_LOOP('',(#455,#465,#472,#473));
#455 = ORIENTED_EDGE('',*,*,#456,.T.);
#456 = EDGE_CURVE('',#457,#459,#461,.T.);
#457 = VERTEX_POINT('',#458);
#458 = CARTESIAN_POINT('',(30.93,7.62,0.E+000));
#459 = VERTEX_POINT('',#460);
#460 = CARTESIAN_POINT('',(30.93,7.62,0.41148));
#461 = LINE('',#462,#463);
#462 = CARTESIAN_POINT('',(30.93,7.62,0.E+000));
#463 = VECTOR('',#464,1.);
#464 = DIRECTION('',(0.E+000,0.E+000,1.));
#465 = ORIENTED_EDGE('',*,*,#466,.T.);
#466 = EDGE_CURVE('',#459,#459,#467,.T.);
#467 = CIRCLE('',#468,0.45);
#468 = AXIS2_PLACEMENT_3D('',#469,#470,#471);
#469 = CARTESIAN_POINT('',(30.48,7.62,0.41148));
#470 = DIRECTION('',(0.E+000,0.E+000,1.));
#471 = DIRECTION('',(1.,0.E+000,-0.E+000));
#472 = ORIENTED_EDGE('',*,*,#456,.F.);
#473 = ORIENTED_EDGE('',*,*,#474,.F.);
#474 = EDGE_CURVE('',#457,#457,#475,.T.);
#475 = CIRCLE('',#476,0.45);
#476 = AXIS2_PLACEMENT_3D('',#477,#478,#479);
#477 = CARTESIAN_POINT('',(30.48,7.62,0.E+000));
#478 = DIRECTION('',(0.E+000,0.E+000,1.));
#479 = DIRECTION('',(1.,0.E+000,-0.E+000));
#480 = CYLINDRICAL_SURFACE('',#481,0.45);
#481 = AXIS2_PLACEMENT_3D('',#482,#483,#484);
#482 = CARTESIAN_POINT('',(30.48,7.62,0.E+000));
#483 = DIRECTION('',(-0.E+000,-0.E+000,-1.));
#484 = DIRECTION('',(1.,0.E+000,-0.E+000));
#485 = ADVANCED_FACE('',(#486),#513,.F.);
#486 = FACE_BOUND('',#487,.T.);
#487 = EDGE_LOOP('',(#488,#498,#505,#506));
#488 = ORIENTED_EDGE('',*,*,#489,.T.);
#489 = EDGE_CURVE('',#490,#492,#494,.T.);
#490 = VERTEX_POINT('',#491);
#491 = CARTESIAN_POINT('',(30.93,10.16,0.E+000));
#492 = VERTEX_POINT('',#493);
#493 = CARTESIAN_POINT('',(30.93,10.16,0.41148));
#494 = LINE('',#495,#496);
#495 = CARTESIAN_POINT('',(30.93,10.16,0.E+000));
#496 = VECTOR('',#497,1.);
#497 = DIRECTION('',(0.E+000,0.E+000,1.));
#498 = ORIENTED_EDGE('',*,*,#499,.T.);
#499 = EDGE_CURVE('',#492,#492,#500,.T.);
#500 = CIRCLE('',#501,0.45);
#501 = AXIS2_PLACEMENT_3D('',#502,#503,#504);
#502 = CARTESIAN_POINT('',(30.48,10.16,0.41148));
#503 = DIRECTION('',(0.E+000,0.E+000,1.));
#504 = DIRECTION('',(1.,0.E+000,-0.E+000));
#505 = ORIENTED_EDGE('',*,*,#489,.F.);
#506 = ORIENTED_EDGE('',*,*,#507,.F.);
#507 = EDGE_CURVE('',#490,#490,#508,.T.);
#508 = CIRCLE('',#509,0.45);
#509 = AXIS2_PLACEMENT_3D('',#510,#511,#512);
#510 = CARTESIAN_POINT('',(30.48,10.16,0.E+000));
#511 = DIRECTION('',(0.E+000,0.E+000,1.));
#512 = DIRECTION('',(1.,0.E+000,-0.E+000));
#513 = CYLINDRICAL_SURFACE('',#514,0.45);
#514 = AXIS2_PLACEMENT_3D('',#515,#516,#517);
#515 = CARTESIAN_POINT('',(30.48,10.16,0.E+000));
#516 = DIRECTION('',(-0.E+000,-0.E+000,-1.));
#517 = DIRECTION('',(1.,0.E+000,-0.E+000));
#518 = ADVANCED_FACE('',(#519,#525,#528,#531,#534,#537,#540,#543,#546,
    #549),#552,.T.);
#519 = FACE_BOUND('',#520,.F.);
#520 = EDGE_LOOP('',(#521,#522,#523,#524));
#521 = ORIENTED_EDGE('',*,*,#127,.T.);
#522 = ORIENTED_EDGE('',*,*,#158,.T.);
#523 = ORIENTED_EDGE('',*,*,#189,.T.);
#524 = ORIENTED_EDGE('',*,*,#211,.T.);
#525 = FACE_BOUND('',#526,.T.);
#526 = EDGE_LOOP('',(#527));
#527 = ORIENTED_EDGE('',*,*,#243,.T.);
#528 = FACE_BOUND('',#529,.T.);
#529 = EDGE_LOOP('',(#530));
#530 = ORIENTED_EDGE('',*,*,#276,.T.);
#531 = FACE_BOUND('',#532,.T.);
#532 = EDGE_LOOP('',(#533));
#533 = ORIENTED_EDGE('',*,*,#309,.T.);
#534 = FACE_BOUND('',#535,.T.);
#535 = EDGE_LOOP('',(#536));
#536 = ORIENTED_EDGE('',*,*,#342,.T.);
#537 = FACE_BOUND('',#538,.T.);
#538 = EDGE_LOOP('',(#539));
#539 = ORIENTED_EDGE('',*,*,#375,.T.);
#540 = FACE_BOUND('',#541,.T.);
#541 = EDGE_LOOP('',(#542));
#542 = ORIENTED_EDGE('',*,*,#408,.T.);
#543 = FACE_BOUND('',#544,.T.);
#544 = EDGE_LOOP('',(#545));
#545 = ORIENTED_EDGE('',*,*,#441,.T.);
#546 = FACE_BOUND('',#547,.T.);
#547 = EDGE_LOOP('',(#548));
#548 = ORIENTED_EDGE('',*,*,#474,.T.);
#549 = FACE_BOUND('',#550,.T.);
#550 = EDGE_LOOP('',(#551));
#551 = ORIENTED_EDGE('',*,*,#507,.T.);
#552 = PLANE('',#553);
#553 = AXIS2_PLACEMENT_3D('',#554,#555,#556);
#554 = CARTESIAN_POINT('',(10.800000190735,0.800000011921,0.E+000));
#555 = DIRECTION('',(0.E+000,0.E+000,-1.));
#556 = DIRECTION('',(-1.,0.E+000,-0.E+000));
#557 = ADVANCED_FACE('',(#558,#564,#567,#570,#573,#576,#579,#582,#585,
    #588),#591,.F.);
#558 = FACE_BOUND('',#559,.T.);
#559 = EDGE_LOOP('',(#560,#561,#562,#563));
#560 = ORIENTED_EDGE('',*,*,#111,.T.);
#561 = ORIENTED_EDGE('',*,*,#142,.T.);
#562 = ORIENTED_EDGE('',*,*,#173,.T.);
#563 = ORIENTED_EDGE('',*,*,#204,.T.);
#564 = FACE_BOUND('',#565,.F.);
#565 = EDGE_LOOP('',(#566));
#566 = ORIENTED_EDGE('',*,*,#235,.T.);
#567 = FACE_BOUND('',#568,.F.);
#568 = EDGE_LOOP('',(#569));
#569 = ORIENTED_EDGE('',*,*,#268,.T.);
#570 = FACE_BOUND('',#571,.F.);
#571 = EDGE_LOOP('',(#572));
#572 = ORIENTED_EDGE('',*,*,#301,.T.);
#573 = FACE_BOUND('',#574,.F.);
#574 = EDGE_LOOP('',(#575));
#575 = ORIENTED_EDGE('',*,*,#334,.T.);
#576 = FACE_BOUND('',#577,.F.);
#577 = EDGE_LOOP('',(#578));
#578 = ORIENTED_EDGE('',*,*,#367,.T.);
#579 = FACE_BOUND('',#580,.F.);
#580 = EDGE_LOOP('',(#581));
#581 = ORIENTED_EDGE('',*,*,#400,.T.);
#582 = FACE_BOUND('',#583,.F.);
#583 = EDGE_LOOP('',(#584));
#584 = ORIENTED_EDGE('',*,*,#433,.T.);
#585 = FACE_BOUND('',#586,.F.);
#586 = EDGE_LOOP('',(#587));
#587 = ORIENTED_EDGE('',*,*,#466,.T.);
#588 = FACE_BOUND('',#589,.F.);
#589 = EDGE_LOOP('',(#590));
#590 = ORIENTED_EDGE('',*,*,#499,.T.);
#591 = PLANE('',#592);
#592 = AXIS2_PLACEMENT_3D('',#593,#594,#595);
#593 = CARTESIAN_POINT('',(10.800000190735,0.800000011921,0.41148));
#594 = DIRECTION('',(0.E+000,0.E+000,-1.));
#595 = DIRECTION('',(-1.,0.E+000,-0.E+000));
#596 = ( GEOMETRIC_REPRESENTATION_CONTEXT(3) 
GLOBAL_UNCERTAINTY_ASSIGNED_CONTEXT((#600)) GLOBAL_UNIT_ASSIGNED_CONTEXT
((#597,#598,#599)) REPRESENTATION_CONTEXT('Context #1',
  '3D Context with UNIT and UNCERTAINTY') );
#597 = ( LENGTH_UNIT() NAMED_UNIT(*) SI_UNIT(.MILLI.,.METRE.) );
#598 = ( NAMED_UNIT(*) PLANE_ANGLE_UNIT() SI_UNIT($,.RADIAN.) );
#599 = ( NAMED_UNIT(*) SI_UNIT($,.STERADIAN.) SOLID_ANGLE_UNIT() );
#600 = UNCERTAINTY_MEASURE_WITH_UNIT(LENGTH_MEASURE(1.E-007),#597,
  'distance_accuracy_value','confusion accuracy');
#601 = SHAPE_DEFINITION_REPRESENTATION(#602,#94);
#602 = PRODUCT_DEFINITION_SHAPE('','',#603);
#603 = PRODUCT_DEFINITION('design','',#604,#607);
#604 = PRODUCT_DEFINITION_FORMATION('','',#605);
#605 = PRODUCT('Open CASCADE STEP translator 6.8 1.1.1',
  'Open CASCADE STEP translator 6.8 1.1.1','',(#606));
#606 = PRODUCT_CONTEXT('',#2,'mechanical');
#607 = PRODUCT_DEFINITION_CONTEXT('part definition',#2,'design');
#608 = CONTEXT_DEPENDENT_SHAPE_REPRESENTATION(#609,#611);
#609 = ( REPRESENTATION_RELATIONSHIP('','',#94,#84) 
REPRESENTATION_RELATIONSHIP_WITH_TRANSFORMATION(#610) 
SHAPE_REPRESENTATION_RELATIONSHIP() );
#610 = ITEM_DEFINED_TRANSFORMATION('','',#11,#85);
#611 = PRODUCT_DEFINITION_SHAPE('Placement','Placement of an item',#612
  );
#612 = NEXT_ASSEMBLY_USAGE_OCCURRENCE('1','','',#79,#603,$);
#613 = PRODUCT_RELATED_PRODUCT_CATEGORY('part',$,(#605));
#614 = CONTEXT_DEPENDENT_SHAPE_REPRESENTATION(#615,#617);
#615 = ( REPRESENTATION_RELATIONSHIP('','',#84,#10) 
REPRESENTATION_RELATIONSHIP_WITH_TRANSFORMATION(#616) 
SHAPE_REPRESENTATION_RELATIONSHIP() );
#616 = ITEM_DEFINED_TRANSFORMATION('','',#11,#15);
#617 = PRODUCT_DEFINITION_SHAPE('Placement','Placement of an item',#618
  );
#618 = NEXT_ASSEMBLY_USAGE_OCCURRENCE('2','','',#5,#79,$);
#619 = PRODUCT_RELATED_PRODUCT_CATEGORY('part',$,(#81));
#620 = SHAPE_DEFINITION_REPRESENTATION(#621,#627);
#621 = PRODUCT_DEFINITION_SHAPE('','',#622);
#622 = PRODUCT_DEFINITION('design','',#623,#626);
#623 = PRODUCT_DEFINITION_FORMATION('','',#624);
#624 = PRODUCT('R6','R6','',(#625));
#625 = PRODUCT_CONTEXT('',#2,'mechanical');
#626 = PRODUCT_DEFINITION_CONTEXT('part definition',#2,'design');
#627 = SHAPE_REPRESENTATION('',(#11,#628),#632);
#628 = AXIS2_PLACEMENT_3D('',#629,#630,#631);
#629 = CARTESIAN_POINT('',(27.5,5.699998855591,0.152399942279));
#630 = DIRECTION('',(-8.742277657348E-008,1.,-4.371140912996E-008));
#631 = DIRECTION('',(-1.,-8.742277657348E-008,9.466853158302E-031));
#632 = ( GEOMETRIC_REPRESENTATION_CONTEXT(3) 
GLOBAL_UNCERTAINTY_ASSIGNED_CONTEXT((#636)) GLOBAL_UNIT_ASSIGNED_CONTEXT
((#633,#634,#635)) REPRESENTATION_CONTEXT('Context #1',
  '3D Context with UNIT and UNCERTAINTY') );
#633 = ( LENGTH_UNIT() NAMED_UNIT(*) SI_UNIT(.MILLI.,.METRE.) );
#634 = ( NAMED_UNIT(*) PLANE_ANGLE_UNIT() SI_UNIT($,.RADIAN.) );
#635 = ( NAMED_UNIT(*) SI_UNIT($,.STERADIAN.) SOLID_ANGLE_UNIT() );
#636 = UNCERTAINTY_MEASURE_WITH_UNIT(LENGTH_MEASURE(1.E-007),#633,
  'distance_accuracy_value','confusion accuracy');
#637 = ADVANCED_BREP_SHAPE_REPRESENTATION('',(#11,#638),#1932);
#638 = MANIFOLD_SOLID_BREP('',#639);
#639 = CLOSED_SHELL('',(#640,#680,#873,#904,#935,#952,#969,#981,#1012,
    #1036,#1126,#1209,#1241,#1297,#1314,#1331,#1348,#1365,#1382,#1450,
    #1540,#1557,#1581,#1628,#1645,#1657,#1669,#1686,#1703,#1720,#1737,
    #1749,#1766,#1783,#1800,#1817,#1834,#1851,#1886,#1903,#1920));
#640 = ADVANCED_FACE('',(#641),#675,.F.);
#641 = FACE_BOUND('',#642,.T.);
#642 = EDGE_LOOP('',(#643,#653,#661,#669));
#643 = ORIENTED_EDGE('',*,*,#644,.F.);
#644 = EDGE_CURVE('',#645,#647,#649,.T.);
#645 = VERTEX_POINT('',#646);
#646 = CARTESIAN_POINT('',(0.436,-9.6E-002,-0.25));
#647 = VERTEX_POINT('',#648);
#648 = CARTESIAN_POINT('',(0.436,9.6E-002,-0.25));
#649 = LINE('',#650,#651);
#650 = CARTESIAN_POINT('',(0.436,-9.6E-002,-0.25));
#651 = VECTOR('',#652,1.);
#652 = DIRECTION('',(0.E+000,1.,0.E+000));
#653 = ORIENTED_EDGE('',*,*,#654,.F.);
#654 = EDGE_CURVE('',#655,#645,#657,.T.);
#655 = VERTEX_POINT('',#656);
#656 = CARTESIAN_POINT('',(-0.436,-9.6E-002,-0.25));
#657 = LINE('',#658,#659);
#658 = CARTESIAN_POINT('',(-0.436,-9.6E-002,-0.25));
#659 = VECTOR('',#660,1.);
#660 = DIRECTION('',(1.,0.E+000,0.E+000));
#661 = ORIENTED_EDGE('',*,*,#662,.F.);
#662 = EDGE_CURVE('',#663,#655,#665,.T.);
#663 = VERTEX_POINT('',#664);
#664 = CARTESIAN_POINT('',(-0.436,9.6E-002,-0.25));
#665 = LINE('',#666,#667);
#666 = CARTESIAN_POINT('',(-0.436,9.6E-002,-0.25));
#667 = VECTOR('',#668,1.);
#668 = DIRECTION('',(0.E+000,-1.,0.E+000));
#669 = ORIENTED_EDGE('',*,*,#670,.T.);
#670 = EDGE_CURVE('',#663,#647,#671,.T.);
#671 = LINE('',#672,#673);
#672 = CARTESIAN_POINT('',(-0.436,9.6E-002,-0.25));
#673 = VECTOR('',#674,1.);
#674 = DIRECTION('',(1.,0.E+000,0.E+000));
#675 = PLANE('',#676);
#676 = AXIS2_PLACEMENT_3D('',#677,#678,#679);
#677 = CARTESIAN_POINT('',(0.E+000,0.E+000,-0.25));
#678 = DIRECTION('',(0.E+000,0.E+000,1.));
#679 = DIRECTION('',(1.,0.E+000,-0.E+000));
#680 = ADVANCED_FACE('',(#681,#834),#868,.F.);
#681 = FACE_BOUND('',#682,.T.);
#682 = EDGE_LOOP('',(#683,#693,#701,#707,#708,#716,#724,#732,#740,#748,
    #756,#764,#772,#780,#788,#796,#804,#812,#820,#828));
#683 = ORIENTED_EDGE('',*,*,#684,.T.);
#684 = EDGE_CURVE('',#685,#687,#689,.T.);
#685 = VERTEX_POINT('',#686);
#686 = CARTESIAN_POINT('',(0.3775,9.6E-002,-0.185));
#687 = VERTEX_POINT('',#688);
#688 = CARTESIAN_POINT('',(0.3775,9.6E-002,-0.249));
#689 = LINE('',#690,#691);
#690 = CARTESIAN_POINT('',(0.3775,9.6E-002,-0.185));
#691 = VECTOR('',#692,1.);
#692 = DIRECTION('',(0.E+000,0.E+000,-1.));
#693 = ORIENTED_EDGE('',*,*,#694,.T.);
#694 = EDGE_CURVE('',#687,#695,#697,.T.);
#695 = VERTEX_POINT('',#696);
#696 = CARTESIAN_POINT('',(0.436,9.6E-002,-0.249));
#697 = LINE('',#698,#699);
#698 = CARTESIAN_POINT('',(0.3775,9.6E-002,-0.249));
#699 = VECTOR('',#700,1.);
#700 = DIRECTION('',(1.,0.E+000,0.E+000));
#701 = ORIENTED_EDGE('',*,*,#702,.F.);
#702 = EDGE_CURVE('',#647,#695,#703,.T.);
#703 = LINE('',#704,#705);
#704 = CARTESIAN_POINT('',(0.436,9.6E-002,-0.25));
#705 = VECTOR('',#706,1.);
#706 = DIRECTION('',(0.E+000,0.E+000,1.));
#707 = ORIENTED_EDGE('',*,*,#670,.F.);
#708 = ORIENTED_EDGE('',*,*,#709,.T.);
#709 = EDGE_CURVE('',#663,#710,#712,.T.);
#710 = VERTEX_POINT('',#711);
#711 = CARTESIAN_POINT('',(-0.436,9.6E-002,-0.249));
#712 = LINE('',#713,#714);
#713 = CARTESIAN_POINT('',(-0.436,9.6E-002,-0.25));
#714 = VECTOR('',#715,1.);
#715 = DIRECTION('',(0.E+000,0.E+000,1.));
#716 = ORIENTED_EDGE('',*,*,#717,.T.);
#717 = EDGE_CURVE('',#710,#718,#720,.T.);
#718 = VERTEX_POINT('',#719);
#719 = CARTESIAN_POINT('',(-0.3775,9.6E-002,-0.249));
#720 = LINE('',#721,#722);
#721 = CARTESIAN_POINT('',(-0.436,9.6E-002,-0.249));
#722 = VECTOR('',#723,1.);
#723 = DIRECTION('',(1.,0.E+000,0.E+000));
#724 = ORIENTED_EDGE('',*,*,#725,.T.);
#725 = EDGE_CURVE('',#718,#726,#728,.T.);
#726 = VERTEX_POINT('',#727);
#727 = CARTESIAN_POINT('',(-0.3775,9.6E-002,-0.185));
#728 = LINE('',#729,#730);
#729 = CARTESIAN_POINT('',(-0.3775,9.6E-002,-0.249));
#730 = VECTOR('',#731,1.);
#731 = DIRECTION('',(0.E+000,0.E+000,1.));
#732 = ORIENTED_EDGE('',*,*,#733,.T.);
#733 = EDGE_CURVE('',#726,#734,#736,.T.);
#734 = VERTEX_POINT('',#735);
#735 = CARTESIAN_POINT('',(-0.255,9.6E-002,-0.185));
#736 = LINE('',#737,#738);
#737 = CARTESIAN_POINT('',(-0.3775,9.6E-002,-0.185));
#738 = VECTOR('',#739,1.);
#739 = DIRECTION('',(1.,0.E+000,0.E+000));
#740 = ORIENTED_EDGE('',*,*,#741,.F.);
#741 = EDGE_CURVE('',#742,#734,#744,.T.);
#742 = VERTEX_POINT('',#743);
#743 = CARTESIAN_POINT('',(-0.255,9.6E-002,0.185));
#744 = LINE('',#745,#746);
#745 = CARTESIAN_POINT('',(-0.255,9.6E-002,0.185));
#746 = VECTOR('',#747,1.);
#747 = DIRECTION('',(0.E+000,0.E+000,-1.));
#748 = ORIENTED_EDGE('',*,*,#749,.T.);
#749 = EDGE_CURVE('',#742,#750,#752,.T.);
#750 = VERTEX_POINT('',#751);
#751 = CARTESIAN_POINT('',(-0.3775,9.6E-002,0.185));
#752 = LINE('',#753,#754);
#753 = CARTESIAN_POINT('',(-0.255,9.6E-002,0.185));
#754 = VECTOR('',#755,1.);
#755 = DIRECTION('',(-1.,0.E+000,0.E+000));
#756 = ORIENTED_EDGE('',*,*,#757,.T.);
#757 = EDGE_CURVE('',#750,#758,#760,.T.);
#758 = VERTEX_POINT('',#759);
#759 = CARTESIAN_POINT('',(-0.3775,9.6E-002,0.249));
#760 = LINE('',#761,#762);
#761 = CARTESIAN_POINT('',(-0.3775,9.6E-002,0.185));
#762 = VECTOR('',#763,1.);
#763 = DIRECTION('',(0.E+000,0.E+000,1.));
#764 = ORIENTED_EDGE('',*,*,#765,.F.);
#765 = EDGE_CURVE('',#766,#758,#768,.T.);
#766 = VERTEX_POINT('',#767);
#767 = CARTESIAN_POINT('',(-0.436,9.6E-002,0.249));
#768 = LINE('',#769,#770);
#769 = CARTESIAN_POINT('',(-0.436,9.6E-002,0.249));
#770 = VECTOR('',#771,1.);
#771 = DIRECTION('',(1.,0.E+000,0.E+000));
#772 = ORIENTED_EDGE('',*,*,#773,.T.);
#773 = EDGE_CURVE('',#766,#774,#776,.T.);
#774 = VERTEX_POINT('',#775);
#775 = CARTESIAN_POINT('',(-0.436,9.6E-002,0.25));
#776 = LINE('',#777,#778);
#777 = CARTESIAN_POINT('',(-0.436,9.6E-002,0.249));
#778 = VECTOR('',#779,1.);
#779 = DIRECTION('',(0.E+000,0.E+000,1.));
#780 = ORIENTED_EDGE('',*,*,#781,.F.);
#781 = EDGE_CURVE('',#782,#774,#784,.T.);
#782 = VERTEX_POINT('',#783);
#783 = CARTESIAN_POINT('',(0.436,9.6E-002,0.25));
#784 = LINE('',#785,#786);
#785 = CARTESIAN_POINT('',(0.436,9.6E-002,0.25));
#786 = VECTOR('',#787,1.);
#787 = DIRECTION('',(-1.,0.E+000,0.E+000));
#788 = ORIENTED_EDGE('',*,*,#789,.F.);
#789 = EDGE_CURVE('',#790,#782,#792,.T.);
#790 = VERTEX_POINT('',#791);
#791 = CARTESIAN_POINT('',(0.436,9.6E-002,0.249));
#792 = LINE('',#793,#794);
#793 = CARTESIAN_POINT('',(0.436,9.6E-002,0.249));
#794 = VECTOR('',#795,1.);
#795 = DIRECTION('',(0.E+000,0.E+000,1.));
#796 = ORIENTED_EDGE('',*,*,#797,.F.);
#797 = EDGE_CURVE('',#798,#790,#800,.T.);
#798 = VERTEX_POINT('',#799);
#799 = CARTESIAN_POINT('',(0.3775,9.6E-002,0.249));
#800 = LINE('',#801,#802);
#801 = CARTESIAN_POINT('',(0.3775,9.6E-002,0.249));
#802 = VECTOR('',#803,1.);
#803 = DIRECTION('',(1.,0.E+000,0.E+000));
#804 = ORIENTED_EDGE('',*,*,#805,.T.);
#805 = EDGE_CURVE('',#798,#806,#808,.T.);
#806 = VERTEX_POINT('',#807);
#807 = CARTESIAN_POINT('',(0.3775,9.6E-002,0.185));
#808 = LINE('',#809,#810);
#809 = CARTESIAN_POINT('',(0.3775,9.6E-002,0.249));
#810 = VECTOR('',#811,1.);
#811 = DIRECTION('',(0.E+000,0.E+000,-1.));
#812 = ORIENTED_EDGE('',*,*,#813,.T.);
#813 = EDGE_CURVE('',#806,#814,#816,.T.);
#814 = VERTEX_POINT('',#815);
#815 = CARTESIAN_POINT('',(0.255,9.6E-002,0.185));
#816 = LINE('',#817,#818);
#817 = CARTESIAN_POINT('',(0.3775,9.6E-002,0.185));
#818 = VECTOR('',#819,1.);
#819 = DIRECTION('',(-1.,0.E+000,0.E+000));
#820 = ORIENTED_EDGE('',*,*,#821,.F.);
#821 = EDGE_CURVE('',#822,#814,#824,.T.);
#822 = VERTEX_POINT('',#823);
#823 = CARTESIAN_POINT('',(0.255,9.6E-002,-0.185));
#824 = LINE('',#825,#826);
#825 = CARTESIAN_POINT('',(0.255,9.6E-002,-0.185));
#826 = VECTOR('',#827,1.);
#827 = DIRECTION('',(0.E+000,0.E+000,1.));
#828 = ORIENTED_EDGE('',*,*,#829,.T.);
#829 = EDGE_CURVE('',#822,#685,#830,.T.);
#830 = LINE('',#831,#832);
#831 = CARTESIAN_POINT('',(0.255,9.6E-002,-0.185));
#832 = VECTOR('',#833,1.);
#833 = DIRECTION('',(1.,0.E+000,0.E+000));
#834 = FACE_BOUND('',#835,.T.);
#835 = EDGE_LOOP('',(#836,#846,#854,#862));
#836 = ORIENTED_EDGE('',*,*,#837,.T.);
#837 = EDGE_CURVE('',#838,#840,#842,.T.);
#838 = VERTEX_POINT('',#839);
#839 = CARTESIAN_POINT('',(-0.25,9.6E-002,0.217));
#840 = VERTEX_POINT('',#841);
#841 = CARTESIAN_POINT('',(-0.25,9.6E-002,-0.217));
#842 = LINE('',#843,#844);
#843 = CARTESIAN_POINT('',(-0.25,9.6E-002,0.217));
#844 = VECTOR('',#845,1.);
#845 = DIRECTION('',(0.E+000,0.E+000,-1.));
#846 = ORIENTED_EDGE('',*,*,#847,.T.);
#847 = EDGE_CURVE('',#840,#848,#850,.T.);
#848 = VERTEX_POINT('',#849);
#849 = CARTESIAN_POINT('',(0.25,9.6E-002,-0.217));
#850 = LINE('',#851,#852);
#851 = CARTESIAN_POINT('',(-0.25,9.6E-002,-0.217));
#852 = VECTOR('',#853,1.);
#853 = DIRECTION('',(1.,0.E+000,0.E+000));
#854 = ORIENTED_EDGE('',*,*,#855,.F.);
#855 = EDGE_CURVE('',#856,#848,#858,.T.);
#856 = VERTEX_POINT('',#857);
#857 = CARTESIAN_POINT('',(0.25,9.6E-002,0.217));
#858 = LINE('',#859,#860);
#859 = CARTESIAN_POINT('',(0.25,9.6E-002,0.217));
#860 = VECTOR('',#861,1.);
#861 = DIRECTION('',(0.E+000,0.E+000,-1.));
#862 = ORIENTED_EDGE('',*,*,#863,.T.);
#863 = EDGE_CURVE('',#856,#838,#864,.T.);
#864 = LINE('',#865,#866);
#865 = CARTESIAN_POINT('',(0.25,9.6E-002,0.217));
#866 = VECTOR('',#867,1.);
#867 = DIRECTION('',(-1.,0.E+000,0.E+000));
#868 = PLANE('',#869);
#869 = AXIS2_PLACEMENT_3D('',#870,#871,#872);
#870 = CARTESIAN_POINT('',(-0.436,9.6E-002,0.25));
#871 = DIRECTION('',(0.E+000,-1.,0.E+000));
#872 = DIRECTION('',(0.E+000,0.E+000,-1.));
#873 = ADVANCED_FACE('',(#874),#899,.F.);
#874 = FACE_BOUND('',#875,.T.);
#875 = EDGE_LOOP('',(#876,#884,#885,#893));
#876 = ORIENTED_EDGE('',*,*,#877,.F.);
#877 = EDGE_CURVE('',#838,#878,#880,.T.);
#878 = VERTEX_POINT('',#879);
#879 = CARTESIAN_POINT('',(-0.25,0.16,0.217));
#880 = LINE('',#881,#882);
#881 = CARTESIAN_POINT('',(-0.25,9.6E-002,0.217));
#882 = VECTOR('',#883,1.);
#883 = DIRECTION('',(0.E+000,1.,0.E+000));
#884 = ORIENTED_EDGE('',*,*,#863,.F.);
#885 = ORIENTED_EDGE('',*,*,#886,.F.);
#886 = EDGE_CURVE('',#887,#856,#889,.T.);
#887 = VERTEX_POINT('',#888);
#888 = CARTESIAN_POINT('',(0.25,0.16,0.217));
#889 = LINE('',#890,#891);
#890 = CARTESIAN_POINT('',(0.25,0.16,0.217));
#891 = VECTOR('',#892,1.);
#892 = DIRECTION('',(0.E+000,-1.,0.E+000));
#893 = ORIENTED_EDGE('',*,*,#894,.T.);
#894 = EDGE_CURVE('',#887,#878,#895,.T.);
#895 = LINE('',#896,#897);
#896 = CARTESIAN_POINT('',(0.25,0.16,0.217));
#897 = VECTOR('',#898,1.);
#898 = DIRECTION('',(-1.,0.E+000,0.E+000));
#899 = PLANE('',#900);
#900 = AXIS2_PLACEMENT_3D('',#901,#902,#903);
#901 = CARTESIAN_POINT('',(0.255,0.16,0.217));
#902 = DIRECTION('',(0.E+000,0.E+000,-1.));
#903 = DIRECTION('',(0.E+000,-1.,0.E+000));
#904 = ADVANCED_FACE('',(#905),#930,.T.);
#905 = FACE_BOUND('',#906,.T.);
#906 = EDGE_LOOP('',(#907,#908,#916,#924));
#907 = ORIENTED_EDGE('',*,*,#894,.F.);
#908 = ORIENTED_EDGE('',*,*,#909,.F.);
#909 = EDGE_CURVE('',#910,#887,#912,.T.);
#910 = VERTEX_POINT('',#911);
#911 = CARTESIAN_POINT('',(0.25,0.16,-0.217));
#912 = LINE('',#913,#914);
#913 = CARTESIAN_POINT('',(0.25,0.16,-0.217));
#914 = VECTOR('',#915,1.);
#915 = DIRECTION('',(0.E+000,0.E+000,1.));
#916 = ORIENTED_EDGE('',*,*,#917,.T.);
#917 = EDGE_CURVE('',#910,#918,#920,.T.);
#918 = VERTEX_POINT('',#919);
#919 = CARTESIAN_POINT('',(-0.25,0.16,-0.217));
#920 = LINE('',#921,#922);
#921 = CARTESIAN_POINT('',(0.25,0.16,-0.217));
#922 = VECTOR('',#923,1.);
#923 = DIRECTION('',(-1.,0.E+000,0.E+000));
#924 = ORIENTED_EDGE('',*,*,#925,.T.);
#925 = EDGE_CURVE('',#918,#878,#926,.T.);
#926 = LINE('',#927,#928);
#927 = CARTESIAN_POINT('',(-0.25,0.16,-0.217));
#928 = VECTOR('',#929,1.);
#929 = DIRECTION('',(0.E+000,0.E+000,1.));
#930 = PLANE('',#931);
#931 = AXIS2_PLACEMENT_3D('',#932,#933,#934);
#932 = CARTESIAN_POINT('',(0.436,0.16,-0.25));
#933 = DIRECTION('',(0.E+000,1.,0.E+000));
#934 = DIRECTION('',(1.,0.E+000,0.E+000));
#935 = ADVANCED_FACE('',(#936),#947,.F.);
#936 = FACE_BOUND('',#937,.T.);
#937 = EDGE_LOOP('',(#938,#944,#945,#946));
#938 = ORIENTED_EDGE('',*,*,#939,.F.);
#939 = EDGE_CURVE('',#840,#918,#940,.T.);
#940 = LINE('',#941,#942);
#941 = CARTESIAN_POINT('',(-0.25,9.6E-002,-0.217));
#942 = VECTOR('',#943,1.);
#943 = DIRECTION('',(0.E+000,1.,0.E+000));
#944 = ORIENTED_EDGE('',*,*,#837,.F.);
#945 = ORIENTED_EDGE('',*,*,#877,.T.);
#946 = ORIENTED_EDGE('',*,*,#925,.F.);
#947 = PLANE('',#948);
#948 = AXIS2_PLACEMENT_3D('',#949,#950,#951);
#949 = CARTESIAN_POINT('',(-0.25,9.6E-002,0.25));
#950 = DIRECTION('',(1.,0.E+000,0.E+000));
#951 = DIRECTION('',(-0.E+000,1.,0.E+000));
#952 = ADVANCED_FACE('',(#953),#964,.F.);
#953 = FACE_BOUND('',#954,.T.);
#954 = EDGE_LOOP('',(#955,#961,#962,#963));
#955 = ORIENTED_EDGE('',*,*,#956,.T.);
#956 = EDGE_CURVE('',#910,#848,#957,.T.);
#957 = LINE('',#958,#959);
#958 = CARTESIAN_POINT('',(0.25,0.16,-0.217));
#959 = VECTOR('',#960,1.);
#960 = DIRECTION('',(0.E+000,-1.,0.E+000));
#961 = ORIENTED_EDGE('',*,*,#847,.F.);
#962 = ORIENTED_EDGE('',*,*,#939,.T.);
#963 = ORIENTED_EDGE('',*,*,#917,.F.);
#964 = PLANE('',#965);
#965 = AXIS2_PLACEMENT_3D('',#966,#967,#968);
#966 = CARTESIAN_POINT('',(-0.255,0.16,-0.217));
#967 = DIRECTION('',(0.E+000,0.E+000,1.));
#968 = DIRECTION('',(1.,0.E+000,-0.E+000));
#969 = ADVANCED_FACE('',(#970),#976,.F.);
#970 = FACE_BOUND('',#971,.T.);
#971 = EDGE_LOOP('',(#972,#973,#974,#975));
#972 = ORIENTED_EDGE('',*,*,#886,.T.);
#973 = ORIENTED_EDGE('',*,*,#855,.T.);
#974 = ORIENTED_EDGE('',*,*,#956,.F.);
#975 = ORIENTED_EDGE('',*,*,#909,.T.);
#976 = PLANE('',#977);
#977 = AXIS2_PLACEMENT_3D('',#978,#979,#980);
#978 = CARTESIAN_POINT('',(0.25,0.16,0.25));
#979 = DIRECTION('',(-1.,0.E+000,0.E+000));
#980 = DIRECTION('',(0.E+000,0.E+000,1.));
#981 = ADVANCED_FACE('',(#982),#1007,.F.);
#982 = FACE_BOUND('',#983,.T.);
#983 = EDGE_LOOP('',(#984,#992,#1000,#1006));
#984 = ORIENTED_EDGE('',*,*,#985,.F.);
#985 = EDGE_CURVE('',#986,#822,#988,.T.);
#986 = VERTEX_POINT('',#987);
#987 = CARTESIAN_POINT('',(0.255,0.16,-0.185));
#988 = LINE('',#989,#990);
#989 = CARTESIAN_POINT('',(0.255,0.16,-0.185));
#990 = VECTOR('',#991,1.);
#991 = DIRECTION('',(0.E+000,-1.,0.E+000));
#992 = ORIENTED_EDGE('',*,*,#993,.T.);
#993 = EDGE_CURVE('',#986,#994,#996,.T.);
#994 = VERTEX_POINT('',#995);
#995 = CARTESIAN_POINT('',(0.3775,0.16,-0.185));
#996 = LINE('',#997,#998);
#997 = CARTESIAN_POINT('',(0.255,0.16,-0.185));
#998 = VECTOR('',#999,1.);
#999 = DIRECTION('',(1.,0.E+000,0.E+000));
#1000 = ORIENTED_EDGE('',*,*,#1001,.T.);
#1001 = EDGE_CURVE('',#994,#685,#1002,.T.);
#1002 = LINE('',#1003,#1004);
#1003 = CARTESIAN_POINT('',(0.3775,0.16,-0.185));
#1004 = VECTOR('',#1005,1.);
#1005 = DIRECTION('',(0.E+000,-1.,0.E+000));
#1006 = ORIENTED_EDGE('',*,*,#829,.F.);
#1007 = PLANE('',#1008);
#1008 = AXIS2_PLACEMENT_3D('',#1009,#1010,#1011);
#1009 = CARTESIAN_POINT('',(0.255,0.16,-0.185));
#1010 = DIRECTION('',(0.E+000,0.E+000,1.));
#1011 = DIRECTION('',(1.,0.E+000,-0.E+000));
#1012 = ADVANCED_FACE('',(#1013),#1031,.F.);
#1013 = FACE_BOUND('',#1014,.T.);
#1014 = EDGE_LOOP('',(#1015,#1016,#1024,#1030));
#1015 = ORIENTED_EDGE('',*,*,#1001,.F.);
#1016 = ORIENTED_EDGE('',*,*,#1017,.F.);
#1017 = EDGE_CURVE('',#1018,#994,#1020,.T.);
#1018 = VERTEX_POINT('',#1019);
#1019 = CARTESIAN_POINT('',(0.3775,0.16,-0.249));
#1020 = LINE('',#1021,#1022);
#1021 = CARTESIAN_POINT('',(0.3775,0.16,-0.249));
#1022 = VECTOR('',#1023,1.);
#1023 = DIRECTION('',(0.E+000,0.E+000,1.));
#1024 = ORIENTED_EDGE('',*,*,#1025,.T.);
#1025 = EDGE_CURVE('',#1018,#687,#1026,.T.);
#1026 = LINE('',#1027,#1028);
#1027 = CARTESIAN_POINT('',(0.3775,0.16,-0.249));
#1028 = VECTOR('',#1029,1.);
#1029 = DIRECTION('',(0.E+000,-1.,0.E+000));
#1030 = ORIENTED_EDGE('',*,*,#684,.F.);
#1031 = PLANE('',#1032);
#1032 = AXIS2_PLACEMENT_3D('',#1033,#1034,#1035);
#1033 = CARTESIAN_POINT('',(0.3775,0.16,-0.185));
#1034 = DIRECTION('',(1.,0.E+000,0.E+000));
#1035 = DIRECTION('',(-0.E+000,1.,0.E+000));
#1036 = ADVANCED_FACE('',(#1037),#1121,.F.);
#1037 = FACE_BOUND('',#1038,.T.);
#1038 = EDGE_LOOP('',(#1039,#1049,#1055,#1056,#1064,#1072,#1080,#1089,
    #1097,#1106,#1114));
#1039 = ORIENTED_EDGE('',*,*,#1040,.F.);
#1040 = EDGE_CURVE('',#1041,#1043,#1045,.T.);
#1041 = VERTEX_POINT('',#1042);
#1042 = CARTESIAN_POINT('',(-0.3775,0.16,-0.249));
#1043 = VERTEX_POINT('',#1044);
#1044 = CARTESIAN_POINT('',(-0.49,0.16,-0.249));
#1045 = LINE('',#1046,#1047);
#1046 = CARTESIAN_POINT('',(-0.3775,0.16,-0.249));
#1047 = VECTOR('',#1048,1.);
#1048 = DIRECTION('',(-1.,0.E+000,0.E+000));
#1049 = ORIENTED_EDGE('',*,*,#1050,.T.);
#1050 = EDGE_CURVE('',#1041,#718,#1051,.T.);
#1051 = LINE('',#1052,#1053);
#1052 = CARTESIAN_POINT('',(-0.3775,0.16,-0.249));
#1053 = VECTOR('',#1054,1.);
#1054 = DIRECTION('',(0.E+000,-1.,0.E+000));
#1055 = ORIENTED_EDGE('',*,*,#717,.F.);
#1056 = ORIENTED_EDGE('',*,*,#1057,.T.);
#1057 = EDGE_CURVE('',#710,#1058,#1060,.T.);
#1058 = VERTEX_POINT('',#1059);
#1059 = CARTESIAN_POINT('',(-0.436,-9.6E-002,-0.249));
#1060 = LINE('',#1061,#1062);
#1061 = CARTESIAN_POINT('',(-0.436,9.6E-002,-0.249));
#1062 = VECTOR('',#1063,1.);
#1063 = DIRECTION('',(0.E+000,-1.,0.E+000));
#1064 = ORIENTED_EDGE('',*,*,#1065,.F.);
#1065 = EDGE_CURVE('',#1066,#1058,#1068,.T.);
#1066 = VERTEX_POINT('',#1067);
#1067 = CARTESIAN_POINT('',(-0.3,-9.6E-002,-0.249));
#1068 = LINE('',#1069,#1070);
#1069 = CARTESIAN_POINT('',(-0.3,-9.6E-002,-0.249));
#1070 = VECTOR('',#1071,1.);
#1071 = DIRECTION('',(-1.,0.E+000,0.E+000));
#1072 = ORIENTED_EDGE('',*,*,#1073,.F.);
#1073 = EDGE_CURVE('',#1074,#1066,#1076,.T.);
#1074 = VERTEX_POINT('',#1075);
#1075 = CARTESIAN_POINT('',(-0.3,-0.15,-0.249));
#1076 = LINE('',#1077,#1078);
#1077 = CARTESIAN_POINT('',(-0.3,-0.15,-0.249));
#1078 = VECTOR('',#1079,1.);
#1079 = DIRECTION('',(0.E+000,1.,0.E+000));
#1080 = ORIENTED_EDGE('',*,*,#1081,.T.);
#1081 = EDGE_CURVE('',#1074,#1082,#1084,.T.);
#1082 = VERTEX_POINT('',#1083);
#1083 = CARTESIAN_POINT('',(-0.31,-0.16,-0.249));
#1084 = CIRCLE('',#1085,1.E-002);
#1085 = AXIS2_PLACEMENT_3D('',#1086,#1087,#1088);
#1086 = CARTESIAN_POINT('',(-0.31,-0.15,-0.249));
#1087 = DIRECTION('',(0.E+000,0.E+000,-1.));
#1088 = DIRECTION('',(1.,0.E+000,0.E+000));
#1089 = ORIENTED_EDGE('',*,*,#1090,.F.);
#1090 = EDGE_CURVE('',#1091,#1082,#1093,.T.);
#1091 = VERTEX_POINT('',#1092);
#1092 = CARTESIAN_POINT('',(-0.49,-0.16,-0.249));
#1093 = LINE('',#1094,#1095);
#1094 = CARTESIAN_POINT('',(-0.49,-0.16,-0.249));
#1095 = VECTOR('',#1096,1.);
#1096 = DIRECTION('',(1.,0.E+000,0.E+000));
#1097 = ORIENTED_EDGE('',*,*,#1098,.T.);
#1098 = EDGE_CURVE('',#1091,#1099,#1101,.T.);
#1099 = VERTEX_POINT('',#1100);
#1100 = CARTESIAN_POINT('',(-0.5,-0.15,-0.249));
#1101 = CIRCLE('',#1102,1.E-002);
#1102 = AXIS2_PLACEMENT_3D('',#1103,#1104,#1105);
#1103 = CARTESIAN_POINT('',(-0.49,-0.15,-0.249));
#1104 = DIRECTION('',(0.E+000,0.E+000,-1.));
#1105 = DIRECTION('',(0.E+000,-1.,0.E+000));
#1106 = ORIENTED_EDGE('',*,*,#1107,.F.);
#1107 = EDGE_CURVE('',#1108,#1099,#1110,.T.);
#1108 = VERTEX_POINT('',#1109);
#1109 = CARTESIAN_POINT('',(-0.5,0.15,-0.249));
#1110 = LINE('',#1111,#1112);
#1111 = CARTESIAN_POINT('',(-0.5,0.15,-0.249));
#1112 = VECTOR('',#1113,1.);
#1113 = DIRECTION('',(0.E+000,-1.,0.E+000));
#1114 = ORIENTED_EDGE('',*,*,#1115,.T.);
#1115 = EDGE_CURVE('',#1108,#1043,#1116,.T.);
#1116 = CIRCLE('',#1117,1.E-002);
#1117 = AXIS2_PLACEMENT_3D('',#1118,#1119,#1120);
#1118 = CARTESIAN_POINT('',(-0.49,0.15,-0.249));
#1119 = DIRECTION('',(0.E+000,0.E+000,-1.));
#1120 = DIRECTION('',(-1.,0.E+000,0.E+000));
#1121 = PLANE('',#1122);
#1122 = AXIS2_PLACEMENT_3D('',#1123,#1124,#1125);
#1123 = CARTESIAN_POINT('',(0.E+000,0.E+000,-0.249));
#1124 = DIRECTION('',(0.E+000,0.E+000,1.));
#1125 = DIRECTION('',(1.,0.E+000,-0.E+000));
#1126 = ADVANCED_FACE('',(#1127),#1204,.F.);
#1127 = FACE_BOUND('',#1128,.T.);
#1128 = EDGE_LOOP('',(#1129,#1139,#1148,#1156,#1164,#1170,#1171,#1172,
    #1180,#1189,#1197));
#1129 = ORIENTED_EDGE('',*,*,#1130,.F.);
#1130 = EDGE_CURVE('',#1131,#1133,#1135,.T.);
#1131 = VERTEX_POINT('',#1132);
#1132 = CARTESIAN_POINT('',(0.31,-0.16,-0.249));
#1133 = VERTEX_POINT('',#1134);
#1134 = CARTESIAN_POINT('',(0.49,-0.16,-0.249));
#1135 = LINE('',#1136,#1137);
#1136 = CARTESIAN_POINT('',(0.31,-0.16,-0.249));
#1137 = VECTOR('',#1138,1.);
#1138 = DIRECTION('',(1.,0.E+000,0.E+000));
#1139 = ORIENTED_EDGE('',*,*,#1140,.T.);
#1140 = EDGE_CURVE('',#1131,#1141,#1143,.T.);
#1141 = VERTEX_POINT('',#1142);
#1142 = CARTESIAN_POINT('',(0.3,-0.15,-0.249));
#1143 = CIRCLE('',#1144,1.E-002);
#1144 = AXIS2_PLACEMENT_3D('',#1145,#1146,#1147);
#1145 = CARTESIAN_POINT('',(0.31,-0.15,-0.249));
#1146 = DIRECTION('',(0.E+000,0.E+000,-1.));
#1147 = DIRECTION('',(0.E+000,-1.,0.E+000));
#1148 = ORIENTED_EDGE('',*,*,#1149,.F.);
#1149 = EDGE_CURVE('',#1150,#1141,#1152,.T.);
#1150 = VERTEX_POINT('',#1151);
#1151 = CARTESIAN_POINT('',(0.3,-9.6E-002,-0.249));
#1152 = LINE('',#1153,#1154);
#1153 = CARTESIAN_POINT('',(0.3,-9.6E-002,-0.249));
#1154 = VECTOR('',#1155,1.);
#1155 = DIRECTION('',(0.E+000,-1.,0.E+000));
#1156 = ORIENTED_EDGE('',*,*,#1157,.T.);
#1157 = EDGE_CURVE('',#1150,#1158,#1160,.T.);
#1158 = VERTEX_POINT('',#1159);
#1159 = CARTESIAN_POINT('',(0.436,-9.6E-002,-0.249));
#1160 = LINE('',#1161,#1162);
#1161 = CARTESIAN_POINT('',(0.3,-9.6E-002,-0.249));
#1162 = VECTOR('',#1163,1.);
#1163 = DIRECTION('',(1.,0.E+000,0.E+000));
#1164 = ORIENTED_EDGE('',*,*,#1165,.T.);
#1165 = EDGE_CURVE('',#1158,#695,#1166,.T.);
#1166 = LINE('',#1167,#1168);
#1167 = CARTESIAN_POINT('',(0.436,-9.6E-002,-0.249));
#1168 = VECTOR('',#1169,1.);
#1169 = DIRECTION('',(0.E+000,1.,0.E+000));
#1170 = ORIENTED_EDGE('',*,*,#694,.F.);
#1171 = ORIENTED_EDGE('',*,*,#1025,.F.);
#1172 = ORIENTED_EDGE('',*,*,#1173,.F.);
#1173 = EDGE_CURVE('',#1174,#1018,#1176,.T.);
#1174 = VERTEX_POINT('',#1175);
#1175 = CARTESIAN_POINT('',(0.49,0.16,-0.249));
#1176 = LINE('',#1177,#1178);
#1177 = CARTESIAN_POINT('',(0.49,0.16,-0.249));
#1178 = VECTOR('',#1179,1.);
#1179 = DIRECTION('',(-1.,0.E+000,0.E+000));
#1180 = ORIENTED_EDGE('',*,*,#1181,.T.);
#1181 = EDGE_CURVE('',#1174,#1182,#1184,.T.);
#1182 = VERTEX_POINT('',#1183);
#1183 = CARTESIAN_POINT('',(0.5,0.15,-0.249));
#1184 = CIRCLE('',#1185,1.E-002);
#1185 = AXIS2_PLACEMENT_3D('',#1186,#1187,#1188);
#1186 = CARTESIAN_POINT('',(0.49,0.15,-0.249));
#1187 = DIRECTION('',(0.E+000,0.E+000,-1.));
#1188 = DIRECTION('',(0.E+000,1.,0.E+000));
#1189 = ORIENTED_EDGE('',*,*,#1190,.F.);
#1190 = EDGE_CURVE('',#1191,#1182,#1193,.T.);
#1191 = VERTEX_POINT('',#1192);
#1192 = CARTESIAN_POINT('',(0.5,-0.15,-0.249));
#1193 = LINE('',#1194,#1195);
#1194 = CARTESIAN_POINT('',(0.5,-0.15,-0.249));
#1195 = VECTOR('',#1196,1.);
#1196 = DIRECTION('',(0.E+000,1.,0.E+000));
#1197 = ORIENTED_EDGE('',*,*,#1198,.T.);
#1198 = EDGE_CURVE('',#1191,#1133,#1199,.T.);
#1199 = CIRCLE('',#1200,1.E-002);
#1200 = AXIS2_PLACEMENT_3D('',#1201,#1202,#1203);
#1201 = CARTESIAN_POINT('',(0.49,-0.15,-0.249));
#1202 = DIRECTION('',(0.E+000,0.E+000,-1.));
#1203 = DIRECTION('',(1.,0.E+000,0.E+000));
#1204 = PLANE('',#1205);
#1205 = AXIS2_PLACEMENT_3D('',#1206,#1207,#1208);
#1206 = CARTESIAN_POINT('',(0.E+000,0.E+000,-0.249));
#1207 = DIRECTION('',(0.E+000,0.E+000,1.));
#1208 = DIRECTION('',(1.,0.E+000,-0.E+000));
#1209 = ADVANCED_FACE('',(#1210),#1236,.T.);
#1210 = FACE_BOUND('',#1211,.T.);
#1211 = EDGE_LOOP('',(#1212,#1220,#1229,#1235));
#1212 = ORIENTED_EDGE('',*,*,#1213,.F.);
#1213 = EDGE_CURVE('',#1214,#1108,#1216,.T.);
#1214 = VERTEX_POINT('',#1215);
#1215 = CARTESIAN_POINT('',(-0.5,0.15,0.249));
#1216 = LINE('',#1217,#1218);
#1217 = CARTESIAN_POINT('',(-0.5,0.15,0.249));
#1218 = VECTOR('',#1219,1.);
#1219 = DIRECTION('',(0.E+000,0.E+000,-1.));
#1220 = ORIENTED_EDGE('',*,*,#1221,.F.);
#1221 = EDGE_CURVE('',#1222,#1214,#1224,.T.);
#1222 = VERTEX_POINT('',#1223);
#1223 = CARTESIAN_POINT('',(-0.49,0.16,0.249));
#1224 = CIRCLE('',#1225,1.E-002);
#1225 = AXIS2_PLACEMENT_3D('',#1226,#1227,#1228);
#1226 = CARTESIAN_POINT('',(-0.49,0.15,0.249));
#1227 = DIRECTION('',(0.E+000,-0.E+000,1.));
#1228 = DIRECTION('',(0.E+000,1.,0.E+000));
#1229 = ORIENTED_EDGE('',*,*,#1230,.T.);
#1230 = EDGE_CURVE('',#1222,#1043,#1231,.T.);
#1231 = LINE('',#1232,#1233);
#1232 = CARTESIAN_POINT('',(-0.49,0.16,0.249));
#1233 = VECTOR('',#1234,1.);
#1234 = DIRECTION('',(0.E+000,0.E+000,-1.));
#1235 = ORIENTED_EDGE('',*,*,#1115,.F.);
#1236 = CYLINDRICAL_SURFACE('',#1237,1.E-002);
#1237 = AXIS2_PLACEMENT_3D('',#1238,#1239,#1240);
#1238 = CARTESIAN_POINT('',(-0.49,0.15,0.9018));
#1239 = DIRECTION('',(0.E+000,0.E+000,1.));
#1240 = DIRECTION('',(-1.,0.E+000,0.E+000));
#1241 = ADVANCED_FACE('',(#1242),#1292,.T.);
#1242 = FACE_BOUND('',#1243,.T.);
#1243 = EDGE_LOOP('',(#1244,#1252,#1260,#1268,#1276,#1284,#1290,#1291));
#1244 = ORIENTED_EDGE('',*,*,#1245,.F.);
#1245 = EDGE_CURVE('',#1246,#1222,#1248,.T.);
#1246 = VERTEX_POINT('',#1247);
#1247 = CARTESIAN_POINT('',(-0.3775,0.16,0.249));
#1248 = LINE('',#1249,#1250);
#1249 = CARTESIAN_POINT('',(-0.3775,0.16,0.249));
#1250 = VECTOR('',#1251,1.);
#1251 = DIRECTION('',(-1.,0.E+000,0.E+000));
#1252 = ORIENTED_EDGE('',*,*,#1253,.T.);
#1253 = EDGE_CURVE('',#1246,#1254,#1256,.T.);
#1254 = VERTEX_POINT('',#1255);
#1255 = CARTESIAN_POINT('',(-0.3775,0.16,0.185));
#1256 = LINE('',#1257,#1258);
#1257 = CARTESIAN_POINT('',(-0.3775,0.16,0.249));
#1258 = VECTOR('',#1259,1.);
#1259 = DIRECTION('',(0.E+000,0.E+000,-1.));
#1260 = ORIENTED_EDGE('',*,*,#1261,.F.);
#1261 = EDGE_CURVE('',#1262,#1254,#1264,.T.);
#1262 = VERTEX_POINT('',#1263);
#1263 = CARTESIAN_POINT('',(-0.255,0.16,0.185));
#1264 = LINE('',#1265,#1266);
#1265 = CARTESIAN_POINT('',(-0.255,0.16,0.185));
#1266 = VECTOR('',#1267,1.);
#1267 = DIRECTION('',(-1.,0.E+000,0.E+000));
#1268 = ORIENTED_EDGE('',*,*,#1269,.T.);
#1269 = EDGE_CURVE('',#1262,#1270,#1272,.T.);
#1270 = VERTEX_POINT('',#1271);
#1271 = CARTESIAN_POINT('',(-0.255,0.16,-0.185));
#1272 = LINE('',#1273,#1274);
#1273 = CARTESIAN_POINT('',(-0.255,0.16,0.185));
#1274 = VECTOR('',#1275,1.);
#1275 = DIRECTION('',(0.E+000,0.E+000,-1.));
#1276 = ORIENTED_EDGE('',*,*,#1277,.T.);
#1277 = EDGE_CURVE('',#1270,#1278,#1280,.T.);
#1278 = VERTEX_POINT('',#1279);
#1279 = CARTESIAN_POINT('',(-0.3775,0.16,-0.185));
#1280 = LINE('',#1281,#1282);
#1281 = CARTESIAN_POINT('',(-0.255,0.16,-0.185));
#1282 = VECTOR('',#1283,1.);
#1283 = DIRECTION('',(-1.,0.E+000,0.E+000));
#1284 = ORIENTED_EDGE('',*,*,#1285,.F.);
#1285 = EDGE_CURVE('',#1041,#1278,#1286,.T.);
#1286 = LINE('',#1287,#1288);
#1287 = CARTESIAN_POINT('',(-0.3775,0.16,-0.249));
#1288 = VECTOR('',#1289,1.);
#1289 = DIRECTION('',(0.E+000,0.E+000,1.));
#1290 = ORIENTED_EDGE('',*,*,#1040,.T.);
#1291 = ORIENTED_EDGE('',*,*,#1230,.F.);
#1292 = PLANE('',#1293);
#1293 = AXIS2_PLACEMENT_3D('',#1294,#1295,#1296);
#1294 = CARTESIAN_POINT('',(-0.255,0.16,0.249));
#1295 = DIRECTION('',(0.E+000,1.,0.E+000));
#1296 = DIRECTION('',(1.,0.E+000,0.E+000));
#1297 = ADVANCED_FACE('',(#1298),#1309,.F.);
#1298 = FACE_BOUND('',#1299,.T.);
#1299 = EDGE_LOOP('',(#1300,#1301,#1307,#1308));
#1300 = ORIENTED_EDGE('',*,*,#1285,.T.);
#1301 = ORIENTED_EDGE('',*,*,#1302,.T.);
#1302 = EDGE_CURVE('',#1278,#726,#1303,.T.);
#1303 = LINE('',#1304,#1305);
#1304 = CARTESIAN_POINT('',(-0.3775,0.16,-0.185));
#1305 = VECTOR('',#1306,1.);
#1306 = DIRECTION('',(0.E+000,-1.,0.E+000));
#1307 = ORIENTED_EDGE('',*,*,#725,.F.);
#1308 = ORIENTED_EDGE('',*,*,#1050,.F.);
#1309 = PLANE('',#1310);
#1310 = AXIS2_PLACEMENT_3D('',#1311,#1312,#1313);
#1311 = CARTESIAN_POINT('',(-0.3775,0.16,-0.249));
#1312 = DIRECTION('',(-1.,0.E+000,0.E+000));
#1313 = DIRECTION('',(0.E+000,0.E+000,1.));
#1314 = ADVANCED_FACE('',(#1315),#1326,.F.);
#1315 = FACE_BOUND('',#1316,.T.);
#1316 = EDGE_LOOP('',(#1317,#1318,#1319,#1320));
#1317 = ORIENTED_EDGE('',*,*,#733,.F.);
#1318 = ORIENTED_EDGE('',*,*,#1302,.F.);
#1319 = ORIENTED_EDGE('',*,*,#1277,.F.);
#1320 = ORIENTED_EDGE('',*,*,#1321,.F.);
#1321 = EDGE_CURVE('',#734,#1270,#1322,.T.);
#1322 = LINE('',#1323,#1324);
#1323 = CARTESIAN_POINT('',(-0.255,9.6E-002,-0.185));
#1324 = VECTOR('',#1325,1.);
#1325 = DIRECTION('',(0.E+000,1.,0.E+000));
#1326 = PLANE('',#1327);
#1327 = AXIS2_PLACEMENT_3D('',#1328,#1329,#1330);
#1328 = CARTESIAN_POINT('',(-0.3775,0.16,-0.185));
#1329 = DIRECTION('',(0.E+000,0.E+000,1.));
#1330 = DIRECTION('',(1.,0.E+000,-0.E+000));
#1331 = ADVANCED_FACE('',(#1332),#1343,.T.);
#1332 = FACE_BOUND('',#1333,.T.);
#1333 = EDGE_LOOP('',(#1334,#1340,#1341,#1342));
#1334 = ORIENTED_EDGE('',*,*,#1335,.F.);
#1335 = EDGE_CURVE('',#742,#1262,#1336,.T.);
#1336 = LINE('',#1337,#1338);
#1337 = CARTESIAN_POINT('',(-0.255,9.6E-002,0.185));
#1338 = VECTOR('',#1339,1.);
#1339 = DIRECTION('',(0.E+000,1.,0.E+000));
#1340 = ORIENTED_EDGE('',*,*,#741,.T.);
#1341 = ORIENTED_EDGE('',*,*,#1321,.T.);
#1342 = ORIENTED_EDGE('',*,*,#1269,.F.);
#1343 = PLANE('',#1344);
#1344 = AXIS2_PLACEMENT_3D('',#1345,#1346,#1347);
#1345 = CARTESIAN_POINT('',(-0.255,9.6E-002,0.249));
#1346 = DIRECTION('',(1.,0.E+000,0.E+000));
#1347 = DIRECTION('',(-0.E+000,1.,0.E+000));
#1348 = ADVANCED_FACE('',(#1349),#1360,.F.);
#1349 = FACE_BOUND('',#1350,.T.);
#1350 = EDGE_LOOP('',(#1351,#1352,#1358,#1359));
#1351 = ORIENTED_EDGE('',*,*,#1261,.T.);
#1352 = ORIENTED_EDGE('',*,*,#1353,.T.);
#1353 = EDGE_CURVE('',#1254,#750,#1354,.T.);
#1354 = LINE('',#1355,#1356);
#1355 = CARTESIAN_POINT('',(-0.3775,0.16,0.185));
#1356 = VECTOR('',#1357,1.);
#1357 = DIRECTION('',(0.E+000,-1.,0.E+000));
#1358 = ORIENTED_EDGE('',*,*,#749,.F.);
#1359 = ORIENTED_EDGE('',*,*,#1335,.T.);
#1360 = PLANE('',#1361);
#1361 = AXIS2_PLACEMENT_3D('',#1362,#1363,#1364);
#1362 = CARTESIAN_POINT('',(-0.255,0.16,0.185));
#1363 = DIRECTION('',(0.E+000,0.E+000,-1.));
#1364 = DIRECTION('',(0.E+000,-1.,0.E+000));
#1365 = ADVANCED_FACE('',(#1366),#1377,.F.);
#1366 = FACE_BOUND('',#1367,.T.);
#1367 = EDGE_LOOP('',(#1368,#1369,#1370,#1371));
#1368 = ORIENTED_EDGE('',*,*,#757,.F.);
#1369 = ORIENTED_EDGE('',*,*,#1353,.F.);
#1370 = ORIENTED_EDGE('',*,*,#1253,.F.);
#1371 = ORIENTED_EDGE('',*,*,#1372,.T.);
#1372 = EDGE_CURVE('',#1246,#758,#1373,.T.);
#1373 = LINE('',#1374,#1375);
#1374 = CARTESIAN_POINT('',(-0.3775,0.16,0.249));
#1375 = VECTOR('',#1376,1.);
#1376 = DIRECTION('',(0.E+000,-1.,0.E+000));
#1377 = PLANE('',#1378);
#1378 = AXIS2_PLACEMENT_3D('',#1379,#1380,#1381);
#1379 = CARTESIAN_POINT('',(-0.3775,0.16,0.185));
#1380 = DIRECTION('',(-1.,0.E+000,0.E+000));
#1381 = DIRECTION('',(0.E+000,0.E+000,1.));
#1382 = ADVANCED_FACE('',(#1383),#1445,.T.);
#1383 = FACE_BOUND('',#1384,.T.);
#1384 = EDGE_LOOP('',(#1385,#1393,#1402,#1410,#1419,#1427,#1435,#1441,
    #1442,#1443,#1444));
#1385 = ORIENTED_EDGE('',*,*,#1386,.T.);
#1386 = EDGE_CURVE('',#1214,#1387,#1389,.T.);
#1387 = VERTEX_POINT('',#1388);
#1388 = CARTESIAN_POINT('',(-0.5,-0.15,0.249));
#1389 = LINE('',#1390,#1391);
#1390 = CARTESIAN_POINT('',(-0.5,0.15,0.249));
#1391 = VECTOR('',#1392,1.);
#1392 = DIRECTION('',(0.E+000,-1.,0.E+000));
#1393 = ORIENTED_EDGE('',*,*,#1394,.T.);
#1394 = EDGE_CURVE('',#1387,#1395,#1397,.T.);
#1395 = VERTEX_POINT('',#1396);
#1396 = CARTESIAN_POINT('',(-0.49,-0.16,0.249));
#1397 = CIRCLE('',#1398,1.E-002);
#1398 = AXIS2_PLACEMENT_3D('',#1399,#1400,#1401);
#1399 = CARTESIAN_POINT('',(-0.49,-0.15,0.249));
#1400 = DIRECTION('',(0.E+000,0.E+000,1.));
#1401 = DIRECTION('',(-1.,0.E+000,0.E+000));
#1402 = ORIENTED_EDGE('',*,*,#1403,.T.);
#1403 = EDGE_CURVE('',#1395,#1404,#1406,.T.);
#1404 = VERTEX_POINT('',#1405);
#1405 = CARTESIAN_POINT('',(-0.31,-0.16,0.249));
#1406 = LINE('',#1407,#1408);
#1407 = CARTESIAN_POINT('',(-0.49,-0.16,0.249));
#1408 = VECTOR('',#1409,1.);
#1409 = DIRECTION('',(1.,0.E+000,0.E+000));
#1410 = ORIENTED_EDGE('',*,*,#1411,.T.);
#1411 = EDGE_CURVE('',#1404,#1412,#1414,.T.);
#1412 = VERTEX_POINT('',#1413);
#1413 = CARTESIAN_POINT('',(-0.3,-0.15,0.249));
#1414 = CIRCLE('',#1415,1.E-002);
#1415 = AXIS2_PLACEMENT_3D('',#1416,#1417,#1418);
#1416 = CARTESIAN_POINT('',(-0.31,-0.15,0.249));
#1417 = DIRECTION('',(0.E+000,0.E+000,1.));
#1418 = DIRECTION('',(0.E+000,-1.,0.E+000));
#1419 = ORIENTED_EDGE('',*,*,#1420,.T.);
#1420 = EDGE_CURVE('',#1412,#1421,#1423,.T.);
#1421 = VERTEX_POINT('',#1422);
#1422 = CARTESIAN_POINT('',(-0.3,-9.6E-002,0.249));
#1423 = LINE('',#1424,#1425);
#1424 = CARTESIAN_POINT('',(-0.3,-0.15,0.249));
#1425 = VECTOR('',#1426,1.);
#1426 = DIRECTION('',(0.E+000,1.,0.E+000));
#1427 = ORIENTED_EDGE('',*,*,#1428,.T.);
#1428 = EDGE_CURVE('',#1421,#1429,#1431,.T.);
#1429 = VERTEX_POINT('',#1430);
#1430 = CARTESIAN_POINT('',(-0.436,-9.6E-002,0.249));
#1431 = LINE('',#1432,#1433);
#1432 = CARTESIAN_POINT('',(-0.3,-9.6E-002,0.249));
#1433 = VECTOR('',#1434,1.);
#1434 = DIRECTION('',(-1.,0.E+000,0.E+000));
#1435 = ORIENTED_EDGE('',*,*,#1436,.F.);
#1436 = EDGE_CURVE('',#766,#1429,#1437,.T.);
#1437 = LINE('',#1438,#1439);
#1438 = CARTESIAN_POINT('',(-0.436,9.6E-002,0.249));
#1439 = VECTOR('',#1440,1.);
#1440 = DIRECTION('',(0.E+000,-1.,0.E+000));
#1441 = ORIENTED_EDGE('',*,*,#765,.T.);
#1442 = ORIENTED_EDGE('',*,*,#1372,.F.);
#1443 = ORIENTED_EDGE('',*,*,#1245,.T.);
#1444 = ORIENTED_EDGE('',*,*,#1221,.T.);
#1445 = PLANE('',#1446);
#1446 = AXIS2_PLACEMENT_3D('',#1447,#1448,#1449);
#1447 = CARTESIAN_POINT('',(0.E+000,0.E+000,0.249));
#1448 = DIRECTION('',(0.E+000,0.E+000,1.));
#1449 = DIRECTION('',(1.,0.E+000,-0.E+000));
#1450 = ADVANCED_FACE('',(#1451),#1535,.T.);
#1451 = FACE_BOUND('',#1452,.T.);
#1452 = EDGE_LOOP('',(#1453,#1463,#1472,#1480,#1486,#1487,#1495,#1503,
    #1511,#1520,#1528));
#1453 = ORIENTED_EDGE('',*,*,#1454,.T.);
#1454 = EDGE_CURVE('',#1455,#1457,#1459,.T.);
#1455 = VERTEX_POINT('',#1456);
#1456 = CARTESIAN_POINT('',(0.5,-0.15,0.249));
#1457 = VERTEX_POINT('',#1458);
#1458 = CARTESIAN_POINT('',(0.5,0.15,0.249));
#1459 = LINE('',#1460,#1461);
#1460 = CARTESIAN_POINT('',(0.5,-0.15,0.249));
#1461 = VECTOR('',#1462,1.);
#1462 = DIRECTION('',(0.E+000,1.,0.E+000));
#1463 = ORIENTED_EDGE('',*,*,#1464,.T.);
#1464 = EDGE_CURVE('',#1457,#1465,#1467,.T.);
#1465 = VERTEX_POINT('',#1466);
#1466 = CARTESIAN_POINT('',(0.49,0.16,0.249));
#1467 = CIRCLE('',#1468,1.E-002);
#1468 = AXIS2_PLACEMENT_3D('',#1469,#1470,#1471);
#1469 = CARTESIAN_POINT('',(0.49,0.15,0.249));
#1470 = DIRECTION('',(0.E+000,0.E+000,1.));
#1471 = DIRECTION('',(1.,0.E+000,-0.E+000));
#1472 = ORIENTED_EDGE('',*,*,#1473,.T.);
#1473 = EDGE_CURVE('',#1465,#1474,#1476,.T.);
#1474 = VERTEX_POINT('',#1475);
#1475 = CARTESIAN_POINT('',(0.3775,0.16,0.249));
#1476 = LINE('',#1477,#1478);
#1477 = CARTESIAN_POINT('',(0.49,0.16,0.249));
#1478 = VECTOR('',#1479,1.);
#1479 = DIRECTION('',(-1.,0.E+000,0.E+000));
#1480 = ORIENTED_EDGE('',*,*,#1481,.T.);
#1481 = EDGE_CURVE('',#1474,#798,#1482,.T.);
#1482 = LINE('',#1483,#1484);
#1483 = CARTESIAN_POINT('',(0.3775,0.16,0.249));
#1484 = VECTOR('',#1485,1.);
#1485 = DIRECTION('',(0.E+000,-1.,0.E+000));
#1486 = ORIENTED_EDGE('',*,*,#797,.T.);
#1487 = ORIENTED_EDGE('',*,*,#1488,.F.);
#1488 = EDGE_CURVE('',#1489,#790,#1491,.T.);
#1489 = VERTEX_POINT('',#1490);
#1490 = CARTESIAN_POINT('',(0.436,-9.6E-002,0.249));
#1491 = LINE('',#1492,#1493);
#1492 = CARTESIAN_POINT('',(0.436,-9.6E-002,0.249));
#1493 = VECTOR('',#1494,1.);
#1494 = DIRECTION('',(0.E+000,1.,0.E+000));
#1495 = ORIENTED_EDGE('',*,*,#1496,.F.);
#1496 = EDGE_CURVE('',#1497,#1489,#1499,.T.);
#1497 = VERTEX_POINT('',#1498);
#1498 = CARTESIAN_POINT('',(0.3,-9.6E-002,0.249));
#1499 = LINE('',#1500,#1501);
#1500 = CARTESIAN_POINT('',(0.3,-9.6E-002,0.249));
#1501 = VECTOR('',#1502,1.);
#1502 = DIRECTION('',(1.,0.E+000,0.E+000));
#1503 = ORIENTED_EDGE('',*,*,#1504,.T.);
#1504 = EDGE_CURVE('',#1497,#1505,#1507,.T.);
#1505 = VERTEX_POINT('',#1506);
#1506 = CARTESIAN_POINT('',(0.3,-0.15,0.249));
#1507 = LINE('',#1508,#1509);
#1508 = CARTESIAN_POINT('',(0.3,-9.6E-002,0.249));
#1509 = VECTOR('',#1510,1.);
#1510 = DIRECTION('',(0.E+000,-1.,0.E+000));
#1511 = ORIENTED_EDGE('',*,*,#1512,.T.);
#1512 = EDGE_CURVE('',#1505,#1513,#1515,.T.);
#1513 = VERTEX_POINT('',#1514);
#1514 = CARTESIAN_POINT('',(0.31,-0.16,0.249));
#1515 = CIRCLE('',#1516,1.E-002);
#1516 = AXIS2_PLACEMENT_3D('',#1517,#1518,#1519);
#1517 = CARTESIAN_POINT('',(0.31,-0.15,0.249));
#1518 = DIRECTION('',(0.E+000,0.E+000,1.));
#1519 = DIRECTION('',(-1.,0.E+000,0.E+000));
#1520 = ORIENTED_EDGE('',*,*,#1521,.T.);
#1521 = EDGE_CURVE('',#1513,#1522,#1524,.T.);
#1522 = VERTEX_POINT('',#1523);
#1523 = CARTESIAN_POINT('',(0.49,-0.16,0.249));
#1524 = LINE('',#1525,#1526);
#1525 = CARTESIAN_POINT('',(0.31,-0.16,0.249));
#1526 = VECTOR('',#1527,1.);
#1527 = DIRECTION('',(1.,0.E+000,0.E+000));
#1528 = ORIENTED_EDGE('',*,*,#1529,.T.);
#1529 = EDGE_CURVE('',#1522,#1455,#1530,.T.);
#1530 = CIRCLE('',#1531,1.E-002);
#1531 = AXIS2_PLACEMENT_3D('',#1532,#1533,#1534);
#1532 = CARTESIAN_POINT('',(0.49,-0.15,0.249));
#1533 = DIRECTION('',(0.E+000,0.E+000,1.));
#1534 = DIRECTION('',(0.E+000,-1.,0.E+000));
#1535 = PLANE('',#1536);
#1536 = AXIS2_PLACEMENT_3D('',#1537,#1538,#1539);
#1537 = CARTESIAN_POINT('',(0.E+000,0.E+000,0.249));
#1538 = DIRECTION('',(0.E+000,0.E+000,1.));
#1539 = DIRECTION('',(1.,0.E+000,-0.E+000));
#1540 = ADVANCED_FACE('',(#1541),#1552,.T.);
#1541 = FACE_BOUND('',#1542,.T.);
#1542 = EDGE_LOOP('',(#1543,#1544,#1545,#1551));
#1543 = ORIENTED_EDGE('',*,*,#709,.F.);
#1544 = ORIENTED_EDGE('',*,*,#662,.T.);
#1545 = ORIENTED_EDGE('',*,*,#1546,.T.);
#1546 = EDGE_CURVE('',#655,#1058,#1547,.T.);
#1547 = LINE('',#1548,#1549);
#1548 = CARTESIAN_POINT('',(-0.436,-9.6E-002,-0.25));
#1549 = VECTOR('',#1550,1.);
#1550 = DIRECTION('',(0.E+000,0.E+000,1.));
#1551 = ORIENTED_EDGE('',*,*,#1057,.F.);
#1552 = PLANE('',#1553);
#1553 = AXIS2_PLACEMENT_3D('',#1554,#1555,#1556);
#1554 = CARTESIAN_POINT('',(-0.436,0.16,-0.25));
#1555 = DIRECTION('',(-1.,0.E+000,0.E+000));
#1556 = DIRECTION('',(0.E+000,0.E+000,1.));
#1557 = ADVANCED_FACE('',(#1558),#1576,.T.);
#1558 = FACE_BOUND('',#1559,.T.);
#1559 = EDGE_LOOP('',(#1560,#1568,#1574,#1575));
#1560 = ORIENTED_EDGE('',*,*,#1561,.T.);
#1561 = EDGE_CURVE('',#1429,#1562,#1564,.T.);
#1562 = VERTEX_POINT('',#1563);
#1563 = CARTESIAN_POINT('',(-0.436,-9.6E-002,0.25));
#1564 = LINE('',#1565,#1566);
#1565 = CARTESIAN_POINT('',(-0.436,-9.6E-002,0.249));
#1566 = VECTOR('',#1567,1.);
#1567 = DIRECTION('',(0.E+000,0.E+000,1.));
#1568 = ORIENTED_EDGE('',*,*,#1569,.F.);
#1569 = EDGE_CURVE('',#774,#1562,#1570,.T.);
#1570 = LINE('',#1571,#1572);
#1571 = CARTESIAN_POINT('',(-0.436,9.6E-002,0.25));
#1572 = VECTOR('',#1573,1.);
#1573 = DIRECTION('',(0.E+000,-1.,0.E+000));
#1574 = ORIENTED_EDGE('',*,*,#773,.F.);
#1575 = ORIENTED_EDGE('',*,*,#1436,.T.);
#1576 = PLANE('',#1577);
#1577 = AXIS2_PLACEMENT_3D('',#1578,#1579,#1580);
#1578 = CARTESIAN_POINT('',(-0.436,0.16,-0.25));
#1579 = DIRECTION('',(-1.,0.E+000,0.E+000));
#1580 = DIRECTION('',(0.E+000,0.E+000,1.));
#1581 = ADVANCED_FACE('',(#1582),#1623,.F.);
#1582 = FACE_BOUND('',#1583,.T.);
#1583 = EDGE_LOOP('',(#1584,#1590,#1591,#1599,#1605,#1606,#1607,#1613,
    #1614,#1615,#1616,#1622));
#1584 = ORIENTED_EDGE('',*,*,#1585,.T.);
#1585 = EDGE_CURVE('',#1150,#1497,#1586,.T.);
#1586 = LINE('',#1587,#1588);
#1587 = CARTESIAN_POINT('',(0.3,-9.6E-002,-0.249));
#1588 = VECTOR('',#1589,1.);
#1589 = DIRECTION('',(0.E+000,0.E+000,1.));
#1590 = ORIENTED_EDGE('',*,*,#1496,.T.);
#1591 = ORIENTED_EDGE('',*,*,#1592,.T.);
#1592 = EDGE_CURVE('',#1489,#1593,#1595,.T.);
#1593 = VERTEX_POINT('',#1594);
#1594 = CARTESIAN_POINT('',(0.436,-9.6E-002,0.25));
#1595 = LINE('',#1596,#1597);
#1596 = CARTESIAN_POINT('',(0.436,-9.6E-002,0.249));
#1597 = VECTOR('',#1598,1.);
#1598 = DIRECTION('',(0.E+000,0.E+000,1.));
#1599 = ORIENTED_EDGE('',*,*,#1600,.F.);
#1600 = EDGE_CURVE('',#1562,#1593,#1601,.T.);
#1601 = LINE('',#1602,#1603);
#1602 = CARTESIAN_POINT('',(-0.436,-9.6E-002,0.25));
#1603 = VECTOR('',#1604,1.);
#1604 = DIRECTION('',(1.,0.E+000,0.E+000));
#1605 = ORIENTED_EDGE('',*,*,#1561,.F.);
#1606 = ORIENTED_EDGE('',*,*,#1428,.F.);
#1607 = ORIENTED_EDGE('',*,*,#1608,.T.);
#1608 = EDGE_CURVE('',#1421,#1066,#1609,.T.);
#1609 = LINE('',#1610,#1611);
#1610 = CARTESIAN_POINT('',(-0.3,-9.6E-002,0.249));
#1611 = VECTOR('',#1612,1.);
#1612 = DIRECTION('',(0.E+000,0.E+000,-1.));
#1613 = ORIENTED_EDGE('',*,*,#1065,.T.);
#1614 = ORIENTED_EDGE('',*,*,#1546,.F.);
#1615 = ORIENTED_EDGE('',*,*,#654,.T.);
#1616 = ORIENTED_EDGE('',*,*,#1617,.T.);
#1617 = EDGE_CURVE('',#645,#1158,#1618,.T.);
#1618 = LINE('',#1619,#1620);
#1619 = CARTESIAN_POINT('',(0.436,-9.6E-002,-0.25));
#1620 = VECTOR('',#1621,1.);
#1621 = DIRECTION('',(0.E+000,0.E+000,1.));
#1622 = ORIENTED_EDGE('',*,*,#1157,.F.);
#1623 = PLANE('',#1624);
#1624 = AXIS2_PLACEMENT_3D('',#1625,#1626,#1627);
#1625 = CARTESIAN_POINT('',(0.436,-9.6E-002,0.25));
#1626 = DIRECTION('',(0.E+000,1.,0.E+000));
#1627 = DIRECTION('',(1.,0.E+000,0.E+000));
#1628 = ADVANCED_FACE('',(#1629),#1640,.T.);
#1629 = FACE_BOUND('',#1630,.T.);
#1630 = EDGE_LOOP('',(#1631,#1632,#1638,#1639));
#1631 = ORIENTED_EDGE('',*,*,#789,.T.);
#1632 = ORIENTED_EDGE('',*,*,#1633,.F.);
#1633 = EDGE_CURVE('',#1593,#782,#1634,.T.);
#1634 = LINE('',#1635,#1636);
#1635 = CARTESIAN_POINT('',(0.436,-9.6E-002,0.25));
#1636 = VECTOR('',#1637,1.);
#1637 = DIRECTION('',(0.E+000,1.,0.E+000));
#1638 = ORIENTED_EDGE('',*,*,#1592,.F.);
#1639 = ORIENTED_EDGE('',*,*,#1488,.T.);
#1640 = PLANE('',#1641);
#1641 = AXIS2_PLACEMENT_3D('',#1642,#1643,#1644);
#1642 = CARTESIAN_POINT('',(0.436,-0.16,-0.25));
#1643 = DIRECTION('',(1.,0.E+000,0.E+000));
#1644 = DIRECTION('',(-0.E+000,1.,0.E+000));
#1645 = ADVANCED_FACE('',(#1646),#1652,.T.);
#1646 = FACE_BOUND('',#1647,.T.);
#1647 = EDGE_LOOP('',(#1648,#1649,#1650,#1651));
#1648 = ORIENTED_EDGE('',*,*,#1617,.F.);
#1649 = ORIENTED_EDGE('',*,*,#644,.T.);
#1650 = ORIENTED_EDGE('',*,*,#702,.T.);
#1651 = ORIENTED_EDGE('',*,*,#1165,.F.);
#1652 = PLANE('',#1653);
#1653 = AXIS2_PLACEMENT_3D('',#1654,#1655,#1656);
#1654 = CARTESIAN_POINT('',(0.436,-0.16,-0.25));
#1655 = DIRECTION('',(1.,0.E+000,0.E+000));
#1656 = DIRECTION('',(-0.E+000,1.,0.E+000));
#1657 = ADVANCED_FACE('',(#1658),#1664,.T.);
#1658 = FACE_BOUND('',#1659,.T.);
#1659 = EDGE_LOOP('',(#1660,#1661,#1662,#1663));
#1660 = ORIENTED_EDGE('',*,*,#1569,.T.);
#1661 = ORIENTED_EDGE('',*,*,#1600,.T.);
#1662 = ORIENTED_EDGE('',*,*,#1633,.T.);
#1663 = ORIENTED_EDGE('',*,*,#781,.T.);
#1664 = PLANE('',#1665);
#1665 = AXIS2_PLACEMENT_3D('',#1666,#1667,#1668);
#1666 = CARTESIAN_POINT('',(0.E+000,0.E+000,0.25));
#1667 = DIRECTION('',(0.E+000,0.E+000,1.));
#1668 = DIRECTION('',(1.,0.E+000,-0.E+000));
#1669 = ADVANCED_FACE('',(#1670),#1681,.T.);
#1670 = FACE_BOUND('',#1671,.T.);
#1671 = EDGE_LOOP('',(#1672,#1673,#1674,#1675));
#1672 = ORIENTED_EDGE('',*,*,#1073,.T.);
#1673 = ORIENTED_EDGE('',*,*,#1608,.F.);
#1674 = ORIENTED_EDGE('',*,*,#1420,.F.);
#1675 = ORIENTED_EDGE('',*,*,#1676,.T.);
#1676 = EDGE_CURVE('',#1412,#1074,#1677,.T.);
#1677 = LINE('',#1678,#1679);
#1678 = CARTESIAN_POINT('',(-0.3,-0.15,0.249));
#1679 = VECTOR('',#1680,1.);
#1680 = DIRECTION('',(0.E+000,0.E+000,-1.));
#1681 = PLANE('',#1682);
#1682 = AXIS2_PLACEMENT_3D('',#1683,#1684,#1685);
#1683 = CARTESIAN_POINT('',(-0.3,-0.16,0.249));
#1684 = DIRECTION('',(1.,0.E+000,0.E+000));
#1685 = DIRECTION('',(-0.E+000,1.,0.E+000));
#1686 = ADVANCED_FACE('',(#1687),#1698,.T.);
#1687 = FACE_BOUND('',#1688,.T.);
#1688 = EDGE_LOOP('',(#1689,#1690,#1691,#1697));
#1689 = ORIENTED_EDGE('',*,*,#1676,.F.);
#1690 = ORIENTED_EDGE('',*,*,#1411,.F.);
#1691 = ORIENTED_EDGE('',*,*,#1692,.T.);
#1692 = EDGE_CURVE('',#1404,#1082,#1693,.T.);
#1693 = LINE('',#1694,#1695);
#1694 = CARTESIAN_POINT('',(-0.31,-0.16,0.249));
#1695 = VECTOR('',#1696,1.);
#1696 = DIRECTION('',(0.E+000,0.E+000,-1.));
#1697 = ORIENTED_EDGE('',*,*,#1081,.F.);
#1698 = CYLINDRICAL_SURFACE('',#1699,1.E-002);
#1699 = AXIS2_PLACEMENT_3D('',#1700,#1701,#1702);
#1700 = CARTESIAN_POINT('',(-0.31,-0.15,0.9018));
#1701 = DIRECTION('',(0.E+000,0.E+000,1.));
#1702 = DIRECTION('',(1.,0.E+000,-0.E+000));
#1703 = ADVANCED_FACE('',(#1704),#1715,.T.);
#1704 = FACE_BOUND('',#1705,.T.);
#1705 = EDGE_LOOP('',(#1706,#1707,#1708,#1709));
#1706 = ORIENTED_EDGE('',*,*,#1090,.T.);
#1707 = ORIENTED_EDGE('',*,*,#1692,.F.);
#1708 = ORIENTED_EDGE('',*,*,#1403,.F.);
#1709 = ORIENTED_EDGE('',*,*,#1710,.T.);
#1710 = EDGE_CURVE('',#1395,#1091,#1711,.T.);
#1711 = LINE('',#1712,#1713);
#1712 = CARTESIAN_POINT('',(-0.49,-0.16,0.249));
#1713 = VECTOR('',#1714,1.);
#1714 = DIRECTION('',(0.E+000,0.E+000,-1.));
#1715 = PLANE('',#1716);
#1716 = AXIS2_PLACEMENT_3D('',#1717,#1718,#1719);
#1717 = CARTESIAN_POINT('',(-0.5,-0.16,0.249));
#1718 = DIRECTION('',(0.E+000,-1.,0.E+000));
#1719 = DIRECTION('',(0.E+000,0.E+000,-1.));
#1720 = ADVANCED_FACE('',(#1721),#1732,.T.);
#1721 = FACE_BOUND('',#1722,.T.);
#1722 = EDGE_LOOP('',(#1723,#1724,#1725,#1731));
#1723 = ORIENTED_EDGE('',*,*,#1710,.F.);
#1724 = ORIENTED_EDGE('',*,*,#1394,.F.);
#1725 = ORIENTED_EDGE('',*,*,#1726,.T.);
#1726 = EDGE_CURVE('',#1387,#1099,#1727,.T.);
#1727 = LINE('',#1728,#1729);
#1728 = CARTESIAN_POINT('',(-0.5,-0.15,0.249));
#1729 = VECTOR('',#1730,1.);
#1730 = DIRECTION('',(0.E+000,0.E+000,-1.));
#1731 = ORIENTED_EDGE('',*,*,#1098,.F.);
#1732 = CYLINDRICAL_SURFACE('',#1733,1.E-002);
#1733 = AXIS2_PLACEMENT_3D('',#1734,#1735,#1736);
#1734 = CARTESIAN_POINT('',(-0.49,-0.15,0.9018));
#1735 = DIRECTION('',(0.E+000,0.E+000,1.));
#1736 = DIRECTION('',(0.E+000,-1.,0.E+000));
#1737 = ADVANCED_FACE('',(#1738),#1744,.T.);
#1738 = FACE_BOUND('',#1739,.T.);
#1739 = EDGE_LOOP('',(#1740,#1741,#1742,#1743));
#1740 = ORIENTED_EDGE('',*,*,#1107,.T.);
#1741 = ORIENTED_EDGE('',*,*,#1726,.F.);
#1742 = ORIENTED_EDGE('',*,*,#1386,.F.);
#1743 = ORIENTED_EDGE('',*,*,#1213,.T.);
#1744 = PLANE('',#1745);
#1745 = AXIS2_PLACEMENT_3D('',#1746,#1747,#1748);
#1746 = CARTESIAN_POINT('',(-0.5,0.16,0.249));
#1747 = DIRECTION('',(-1.,0.E+000,0.E+000));
#1748 = DIRECTION('',(0.E+000,0.E+000,1.));
#1749 = ADVANCED_FACE('',(#1750),#1761,.T.);
#1750 = FACE_BOUND('',#1751,.T.);
#1751 = EDGE_LOOP('',(#1752,#1753,#1754,#1755));
#1752 = ORIENTED_EDGE('',*,*,#1504,.F.);
#1753 = ORIENTED_EDGE('',*,*,#1585,.F.);
#1754 = ORIENTED_EDGE('',*,*,#1149,.T.);
#1755 = ORIENTED_EDGE('',*,*,#1756,.F.);
#1756 = EDGE_CURVE('',#1505,#1141,#1757,.T.);
#1757 = LINE('',#1758,#1759);
#1758 = CARTESIAN_POINT('',(0.3,-0.15,0.249));
#1759 = VECTOR('',#1760,1.);
#1760 = DIRECTION('',(0.E+000,0.E+000,-1.));
#1761 = PLANE('',#1762);
#1762 = AXIS2_PLACEMENT_3D('',#1763,#1764,#1765);
#1763 = CARTESIAN_POINT('',(0.3,-9.6E-002,0.249));
#1764 = DIRECTION('',(-1.,0.E+000,0.E+000));
#1765 = DIRECTION('',(0.E+000,0.E+000,1.));
#1766 = ADVANCED_FACE('',(#1767),#1778,.T.);
#1767 = FACE_BOUND('',#1768,.T.);
#1768 = EDGE_LOOP('',(#1769,#1775,#1776,#1777));
#1769 = ORIENTED_EDGE('',*,*,#1770,.F.);
#1770 = EDGE_CURVE('',#1513,#1131,#1771,.T.);
#1771 = LINE('',#1772,#1773);
#1772 = CARTESIAN_POINT('',(0.31,-0.16,0.249));
#1773 = VECTOR('',#1774,1.);
#1774 = DIRECTION('',(0.E+000,0.E+000,-1.));
#1775 = ORIENTED_EDGE('',*,*,#1512,.F.);
#1776 = ORIENTED_EDGE('',*,*,#1756,.T.);
#1777 = ORIENTED_EDGE('',*,*,#1140,.F.);
#1778 = CYLINDRICAL_SURFACE('',#1779,1.E-002);
#1779 = AXIS2_PLACEMENT_3D('',#1780,#1781,#1782);
#1780 = CARTESIAN_POINT('',(0.31,-0.15,0.9018));
#1781 = DIRECTION('',(0.E+000,0.E+000,1.));
#1782 = DIRECTION('',(0.E+000,-1.,0.E+000));
#1783 = ADVANCED_FACE('',(#1784),#1795,.T.);
#1784 = FACE_BOUND('',#1785,.T.);
#1785 = EDGE_LOOP('',(#1786,#1787,#1788,#1789));
#1786 = ORIENTED_EDGE('',*,*,#1521,.F.);
#1787 = ORIENTED_EDGE('',*,*,#1770,.T.);
#1788 = ORIENTED_EDGE('',*,*,#1130,.T.);
#1789 = ORIENTED_EDGE('',*,*,#1790,.F.);
#1790 = EDGE_CURVE('',#1522,#1133,#1791,.T.);
#1791 = LINE('',#1792,#1793);
#1792 = CARTESIAN_POINT('',(0.49,-0.16,0.249));
#1793 = VECTOR('',#1794,1.);
#1794 = DIRECTION('',(0.E+000,0.E+000,-1.));
#1795 = PLANE('',#1796);
#1796 = AXIS2_PLACEMENT_3D('',#1797,#1798,#1799);
#1797 = CARTESIAN_POINT('',(0.3,-0.16,0.249));
#1798 = DIRECTION('',(0.E+000,-1.,0.E+000));
#1799 = DIRECTION('',(0.E+000,0.E+000,-1.));
#1800 = ADVANCED_FACE('',(#1801),#1812,.T.);
#1801 = FACE_BOUND('',#1802,.T.);
#1802 = EDGE_LOOP('',(#1803,#1809,#1810,#1811));
#1803 = ORIENTED_EDGE('',*,*,#1804,.F.);
#1804 = EDGE_CURVE('',#1455,#1191,#1805,.T.);
#1805 = LINE('',#1806,#1807);
#1806 = CARTESIAN_POINT('',(0.5,-0.15,0.249));
#1807 = VECTOR('',#1808,1.);
#1808 = DIRECTION('',(0.E+000,0.E+000,-1.));
#1809 = ORIENTED_EDGE('',*,*,#1529,.F.);
#1810 = ORIENTED_EDGE('',*,*,#1790,.T.);
#1811 = ORIENTED_EDGE('',*,*,#1198,.F.);
#1812 = CYLINDRICAL_SURFACE('',#1813,1.E-002);
#1813 = AXIS2_PLACEMENT_3D('',#1814,#1815,#1816);
#1814 = CARTESIAN_POINT('',(0.49,-0.15,0.9018));
#1815 = DIRECTION('',(0.E+000,0.E+000,1.));
#1816 = DIRECTION('',(1.,0.E+000,-0.E+000));
#1817 = ADVANCED_FACE('',(#1818),#1829,.T.);
#1818 = FACE_BOUND('',#1819,.T.);
#1819 = EDGE_LOOP('',(#1820,#1821,#1827,#1828));
#1820 = ORIENTED_EDGE('',*,*,#1190,.T.);
#1821 = ORIENTED_EDGE('',*,*,#1822,.F.);
#1822 = EDGE_CURVE('',#1457,#1182,#1823,.T.);
#1823 = LINE('',#1824,#1825);
#1824 = CARTESIAN_POINT('',(0.5,0.15,0.249));
#1825 = VECTOR('',#1826,1.);
#1826 = DIRECTION('',(0.E+000,0.E+000,-1.));
#1827 = ORIENTED_EDGE('',*,*,#1454,.F.);
#1828 = ORIENTED_EDGE('',*,*,#1804,.T.);
#1829 = PLANE('',#1830);
#1830 = AXIS2_PLACEMENT_3D('',#1831,#1832,#1833);
#1831 = CARTESIAN_POINT('',(0.5,-0.16,0.249));
#1832 = DIRECTION('',(1.,0.E+000,0.E+000));
#1833 = DIRECTION('',(-0.E+000,1.,0.E+000));
#1834 = ADVANCED_FACE('',(#1835),#1846,.T.);
#1835 = FACE_BOUND('',#1836,.T.);
#1836 = EDGE_LOOP('',(#1837,#1843,#1844,#1845));
#1837 = ORIENTED_EDGE('',*,*,#1838,.F.);
#1838 = EDGE_CURVE('',#1465,#1174,#1839,.T.);
#1839 = LINE('',#1840,#1841);
#1840 = CARTESIAN_POINT('',(0.49,0.16,0.249));
#1841 = VECTOR('',#1842,1.);
#1842 = DIRECTION('',(0.E+000,0.E+000,-1.));
#1843 = ORIENTED_EDGE('',*,*,#1464,.F.);
#1844 = ORIENTED_EDGE('',*,*,#1822,.T.);
#1845 = ORIENTED_EDGE('',*,*,#1181,.F.);
#1846 = CYLINDRICAL_SURFACE('',#1847,1.E-002);
#1847 = AXIS2_PLACEMENT_3D('',#1848,#1849,#1850);
#1848 = CARTESIAN_POINT('',(0.49,0.15,0.9018));
#1849 = DIRECTION('',(0.E+000,0.E+000,1.));
#1850 = DIRECTION('',(0.E+000,1.,0.E+000));
#1851 = ADVANCED_FACE('',(#1852),#1881,.T.);
#1852 = FACE_BOUND('',#1853,.T.);
#1853 = EDGE_LOOP('',(#1854,#1855,#1856,#1857,#1865,#1873,#1879,#1880));
#1854 = ORIENTED_EDGE('',*,*,#1173,.T.);
#1855 = ORIENTED_EDGE('',*,*,#1017,.T.);
#1856 = ORIENTED_EDGE('',*,*,#993,.F.);
#1857 = ORIENTED_EDGE('',*,*,#1858,.F.);
#1858 = EDGE_CURVE('',#1859,#986,#1861,.T.);
#1859 = VERTEX_POINT('',#1860);
#1860 = CARTESIAN_POINT('',(0.255,0.16,0.185));
#1861 = LINE('',#1862,#1863);
#1862 = CARTESIAN_POINT('',(0.255,0.16,0.185));
#1863 = VECTOR('',#1864,1.);
#1864 = DIRECTION('',(0.E+000,0.E+000,-1.));
#1865 = ORIENTED_EDGE('',*,*,#1866,.T.);
#1866 = EDGE_CURVE('',#1859,#1867,#1869,.T.);
#1867 = VERTEX_POINT('',#1868);
#1868 = CARTESIAN_POINT('',(0.3775,0.16,0.185));
#1869 = LINE('',#1870,#1871);
#1870 = CARTESIAN_POINT('',(0.255,0.16,0.185));
#1871 = VECTOR('',#1872,1.);
#1872 = DIRECTION('',(1.,0.E+000,0.E+000));
#1873 = ORIENTED_EDGE('',*,*,#1874,.F.);
#1874 = EDGE_CURVE('',#1474,#1867,#1875,.T.);
#1875 = LINE('',#1876,#1877);
#1876 = CARTESIAN_POINT('',(0.3775,0.16,0.249));
#1877 = VECTOR('',#1878,1.);
#1878 = DIRECTION('',(0.E+000,0.E+000,-1.));
#1879 = ORIENTED_EDGE('',*,*,#1473,.F.);
#1880 = ORIENTED_EDGE('',*,*,#1838,.T.);
#1881 = PLANE('',#1882);
#1882 = AXIS2_PLACEMENT_3D('',#1883,#1884,#1885);
#1883 = CARTESIAN_POINT('',(0.5,0.16,0.249));
#1884 = DIRECTION('',(0.E+000,1.,0.E+000));
#1885 = DIRECTION('',(1.,0.E+000,0.E+000));
#1886 = ADVANCED_FACE('',(#1887),#1898,.F.);
#1887 = FACE_BOUND('',#1888,.T.);
#1888 = EDGE_LOOP('',(#1889,#1890,#1891,#1897));
#1889 = ORIENTED_EDGE('',*,*,#1481,.F.);
#1890 = ORIENTED_EDGE('',*,*,#1874,.T.);
#1891 = ORIENTED_EDGE('',*,*,#1892,.T.);
#1892 = EDGE_CURVE('',#1867,#806,#1893,.T.);
#1893 = LINE('',#1894,#1895);
#1894 = CARTESIAN_POINT('',(0.3775,0.16,0.185));
#1895 = VECTOR('',#1896,1.);
#1896 = DIRECTION('',(0.E+000,-1.,0.E+000));
#1897 = ORIENTED_EDGE('',*,*,#805,.F.);
#1898 = PLANE('',#1899);
#1899 = AXIS2_PLACEMENT_3D('',#1900,#1901,#1902);
#1900 = CARTESIAN_POINT('',(0.3775,0.16,0.249));
#1901 = DIRECTION('',(1.,0.E+000,0.E+000));
#1902 = DIRECTION('',(-0.E+000,1.,0.E+000));
#1903 = ADVANCED_FACE('',(#1904),#1915,.F.);
#1904 = FACE_BOUND('',#1905,.T.);
#1905 = EDGE_LOOP('',(#1906,#1907,#1908,#1914));
#1906 = ORIENTED_EDGE('',*,*,#1892,.F.);
#1907 = ORIENTED_EDGE('',*,*,#1866,.F.);
#1908 = ORIENTED_EDGE('',*,*,#1909,.T.);
#1909 = EDGE_CURVE('',#1859,#814,#1910,.T.);
#1910 = LINE('',#1911,#1912);
#1911 = CARTESIAN_POINT('',(0.255,0.16,0.185));
#1912 = VECTOR('',#1913,1.);
#1913 = DIRECTION('',(0.E+000,-1.,0.E+000));
#1914 = ORIENTED_EDGE('',*,*,#813,.F.);
#1915 = PLANE('',#1916);
#1916 = AXIS2_PLACEMENT_3D('',#1917,#1918,#1919);
#1917 = CARTESIAN_POINT('',(0.3775,0.16,0.185));
#1918 = DIRECTION('',(0.E+000,0.E+000,-1.));
#1919 = DIRECTION('',(0.E+000,-1.,0.E+000));
#1920 = ADVANCED_FACE('',(#1921),#1927,.T.);
#1921 = FACE_BOUND('',#1922,.T.);
#1922 = EDGE_LOOP('',(#1923,#1924,#1925,#1926));
#1923 = ORIENTED_EDGE('',*,*,#821,.T.);
#1924 = ORIENTED_EDGE('',*,*,#1909,.F.);
#1925 = ORIENTED_EDGE('',*,*,#1858,.T.);
#1926 = ORIENTED_EDGE('',*,*,#985,.T.);
#1927 = PLANE('',#1928);
#1928 = AXIS2_PLACEMENT_3D('',#1929,#1930,#1931);
#1929 = CARTESIAN_POINT('',(0.255,0.16,0.249));
#1930 = DIRECTION('',(-1.,0.E+000,0.E+000));
#1931 = DIRECTION('',(0.E+000,0.E+000,1.));
#1932 = ( GEOMETRIC_REPRESENTATION_CONTEXT(3) 
GLOBAL_UNCERTAINTY_ASSIGNED_CONTEXT((#1936)) 
GLOBAL_UNIT_ASSIGNED_CONTEXT((#1933,#1934,#1935)) REPRESENTATION_CONTEXT
('Context #1','3D Context with UNIT and UNCERTAINTY') );
#1933 = ( LENGTH_UNIT() NAMED_UNIT(*) SI_UNIT(.MILLI.,.METRE.) );
#1934 = ( NAMED_UNIT(*) PLANE_ANGLE_UNIT() SI_UNIT($,.RADIAN.) );
#1935 = ( NAMED_UNIT(*) SI_UNIT($,.STERADIAN.) SOLID_ANGLE_UNIT() );
#1936 = UNCERTAINTY_MEASURE_WITH_UNIT(LENGTH_MEASURE(1.E-007),#1933,
  'distance_accuracy_value','confusion accuracy');
#1937 = SHAPE_DEFINITION_REPRESENTATION(#1938,#637);
#1938 = PRODUCT_DEFINITION_SHAPE('','',#1939);
#1939 = PRODUCT_DEFINITION('design','',#1940,#1943);
#1940 = PRODUCT_DEFINITION_FORMATION('','',#1941);
#1941 = PRODUCT('Rezystor_0402','Rezystor_0402','',(#1942));
#1942 = PRODUCT_CONTEXT('',#2,'mechanical');
#1943 = PRODUCT_DEFINITION_CONTEXT('part definition',#2,'design');
#1944 = CONTEXT_DEPENDENT_SHAPE_REPRESENTATION(#1945,#1947);
#1945 = ( REPRESENTATION_RELATIONSHIP('','',#637,#627) 
REPRESENTATION_RELATIONSHIP_WITH_TRANSFORMATION(#1946) 
SHAPE_REPRESENTATION_RELATIONSHIP() );
#1946 = ITEM_DEFINED_TRANSFORMATION('','',#11,#628);
#1947 = PRODUCT_DEFINITION_SHAPE('Placement','Placement of an item',
  #1948);
#1948 = NEXT_ASSEMBLY_USAGE_OCCURRENCE('3','','',#622,#1939,$);
#1949 = PRODUCT_RELATED_PRODUCT_CATEGORY('part',$,(#1941));
#1950 = CONTEXT_DEPENDENT_SHAPE_REPRESENTATION(#1951,#1953);
#1951 = ( REPRESENTATION_RELATIONSHIP('','',#627,#10) 
REPRESENTATION_RELATIONSHIP_WITH_TRANSFORMATION(#1952) 
SHAPE_REPRESENTATION_RELATIONSHIP() );
#1952 = ITEM_DEFINED_TRANSFORMATION('','',#11,#19);
#1953 = PRODUCT_DEFINITION_SHAPE('Placement','Placement of an item',
  #1954);
#1954 = NEXT_ASSEMBLY_USAGE_OCCURRENCE('4','','',#5,#622,$);
#1955 = PRODUCT_RELATED_PRODUCT_CATEGORY('part',$,(#624));
#1956 = SHAPE_DEFINITION_REPRESENTATION(#1957,#1963);
#1957 = PRODUCT_DEFINITION_SHAPE('','',#1958);
#1958 = PRODUCT_DEFINITION('design','',#1959,#1962);
#1959 = PRODUCT_DEFINITION_FORMATION('','',#1960);
#1960 = PRODUCT('R5','R5','',(#1961));
#1961 = PRODUCT_CONTEXT('',#2,'mechanical');
#1962 = PRODUCT_DEFINITION_CONTEXT('part definition',#2,'design');
#1963 = SHAPE_REPRESENTATION('',(#11,#1964),#1968);
#1964 = AXIS2_PLACEMENT_3D('',#1965,#1966,#1967);
#1965 = CARTESIAN_POINT('',(22.60000038147,9.600001335144,0.152399942279
    ));
#1966 = DIRECTION('',(-1.,-1.19248806385E-008,-4.371140912996E-008));
#1967 = DIRECTION('',(1.19248806385E-008,-1.,1.381291085557E-031));
#1968 = ( GEOMETRIC_REPRESENTATION_CONTEXT(3) 
GLOBAL_UNCERTAINTY_ASSIGNED_CONTEXT((#1972)) 
GLOBAL_UNIT_ASSIGNED_CONTEXT((#1969,#1970,#1971)) REPRESENTATION_CONTEXT
('Context #1','3D Context with UNIT and UNCERTAINTY') );
#1969 = ( LENGTH_UNIT() NAMED_UNIT(*) SI_UNIT(.MILLI.,.METRE.) );
#1970 = ( NAMED_UNIT(*) PLANE_ANGLE_UNIT() SI_UNIT($,.RADIAN.) );
#1971 = ( NAMED_UNIT(*) SI_UNIT($,.STERADIAN.) SOLID_ANGLE_UNIT() );
#1972 = UNCERTAINTY_MEASURE_WITH_UNIT(LENGTH_MEASURE(1.E-007),#1969,
  'distance_accuracy_value','confusion accuracy');
#1973 = CONTEXT_DEPENDENT_SHAPE_REPRESENTATION(#1974,#1976);
#1974 = ( REPRESENTATION_RELATIONSHIP('','',#637,#1963) 
REPRESENTATION_RELATIONSHIP_WITH_TRANSFORMATION(#1975) 
SHAPE_REPRESENTATION_RELATIONSHIP() );
#1975 = ITEM_DEFINED_TRANSFORMATION('','',#11,#1964);
#1976 = PRODUCT_DEFINITION_SHAPE('Placement','Placement of an item',
  #1977);
#1977 = NEXT_ASSEMBLY_USAGE_OCCURRENCE('5','','',#1958,#1939,$);
#1978 = CONTEXT_DEPENDENT_SHAPE_REPRESENTATION(#1979,#1981);
#1979 = ( REPRESENTATION_RELATIONSHIP('','',#1963,#10) 
REPRESENTATION_RELATIONSHIP_WITH_TRANSFORMATION(#1980) 
SHAPE_REPRESENTATION_RELATIONSHIP() );
#1980 = ITEM_DEFINED_TRANSFORMATION('','',#11,#23);
#1981 = PRODUCT_DEFINITION_SHAPE('Placement','Placement of an item',
  #1982);
#1982 = NEXT_ASSEMBLY_USAGE_OCCURRENCE('6','','',#5,#1958,$);
#1983 = PRODUCT_RELATED_PRODUCT_CATEGORY('part',$,(#1960));
#1984 = SHAPE_DEFINITION_REPRESENTATION(#1985,#1991);
#1985 = PRODUCT_DEFINITION_SHAPE('','',#1986);
#1986 = PRODUCT_DEFINITION('design','',#1987,#1990);
#1987 = PRODUCT_DEFINITION_FORMATION('','',#1988);
#1988 = PRODUCT('R4','R4','',(#1989));
#1989 = PRODUCT_CONTEXT('',#2,'mechanical');
#1990 = PRODUCT_DEFINITION_CONTEXT('part definition',#2,'design');
#1991 = SHAPE_REPRESENTATION('',(#11,#1992),#1996);
#1992 = AXIS2_PLACEMENT_3D('',#1993,#1994,#1995);
#1993 = CARTESIAN_POINT('',(19.887399673462,12.272802352905,0.E+000));
#1994 = DIRECTION('',(-1.,-1.19248806385E-008,-4.371140912996E-008));
#1995 = DIRECTION('',(1.19248806385E-008,-1.,1.381291085557E-031));
#1996 = ( GEOMETRIC_REPRESENTATION_CONTEXT(3) 
GLOBAL_UNCERTAINTY_ASSIGNED_CONTEXT((#2000)) 
GLOBAL_UNIT_ASSIGNED_CONTEXT((#1997,#1998,#1999)) REPRESENTATION_CONTEXT
('Context #1','3D Context with UNIT and UNCERTAINTY') );
#1997 = ( LENGTH_UNIT() NAMED_UNIT(*) SI_UNIT(.MILLI.,.METRE.) );
#1998 = ( NAMED_UNIT(*) PLANE_ANGLE_UNIT() SI_UNIT($,.RADIAN.) );
#1999 = ( NAMED_UNIT(*) SI_UNIT($,.STERADIAN.) SOLID_ANGLE_UNIT() );
#2000 = UNCERTAINTY_MEASURE_WITH_UNIT(LENGTH_MEASURE(5.E-005),#1997,
  'distance_accuracy_value','confusion accuracy');
#2001 = SHAPE_REPRESENTATION('',(#11,#2002,#2152,#2302,#2452,#3333,#4214
    ,#5138,#6020,#7236),#7591);
#2002 = MANIFOLD_SOLID_BREP('',#2003);
#2003 = CLOSED_SHELL('',(#2004,#2044,#2075,#2106,#2128,#2140));
#2004 = ADVANCED_FACE('',(#2005),#2039,.T.);
#2005 = FACE_BOUND('',#2006,.T.);
#2006 = EDGE_LOOP('',(#2007,#2017,#2025,#2033));
#2007 = ORIENTED_EDGE('',*,*,#2008,.F.);
#2008 = EDGE_CURVE('',#2009,#2011,#2013,.T.);
#2009 = VERTEX_POINT('',#2010);
#2010 = CARTESIAN_POINT('',(0.5,0.E+000,3.499999921769));
#2011 = VERTEX_POINT('',#2012);
#2012 = CARTESIAN_POINT('',(2.7,0.E+000,3.499999921769));
#2013 = LINE('',#2014,#2015);
#2014 = CARTESIAN_POINT('',(0.E+000,0.E+000,3.499999921769));
#2015 = VECTOR('',#2016,1.);
#2016 = DIRECTION('',(1.,0.E+000,0.E+000));
#2017 = ORIENTED_EDGE('',*,*,#2018,.T.);
#2018 = EDGE_CURVE('',#2009,#2019,#2021,.T.);
#2019 = VERTEX_POINT('',#2020);
#2020 = CARTESIAN_POINT('',(0.5,0.6,3.499999921769));
#2021 = LINE('',#2022,#2023);
#2022 = CARTESIAN_POINT('',(0.5,0.E+000,3.499999921769));
#2023 = VECTOR('',#2024,1.);
#2024 = DIRECTION('',(0.E+000,1.,0.E+000));
#2025 = ORIENTED_EDGE('',*,*,#2026,.F.);
#2026 = EDGE_CURVE('',#2027,#2019,#2029,.T.);
#2027 = VERTEX_POINT('',#2028);
#2028 = CARTESIAN_POINT('',(2.7,0.6,3.499999921769));
#2029 = LINE('',#2030,#2031);
#2030 = CARTESIAN_POINT('',(0.E+000,0.6,3.499999921769));
#2031 = VECTOR('',#2032,1.);
#2032 = DIRECTION('',(-1.,0.E+000,0.E+000));
#2033 = ORIENTED_EDGE('',*,*,#2034,.F.);
#2034 = EDGE_CURVE('',#2011,#2027,#2035,.T.);
#2035 = LINE('',#2036,#2037);
#2036 = CARTESIAN_POINT('',(2.7,0.E+000,3.499999921769));
#2037 = VECTOR('',#2038,1.);
#2038 = DIRECTION('',(0.E+000,1.,0.E+000));
#2039 = PLANE('',#2040);
#2040 = AXIS2_PLACEMENT_3D('',#2041,#2042,#2043);
#2041 = CARTESIAN_POINT('',(2.7,0.E+000,3.499999921769));
#2042 = DIRECTION('',(0.E+000,0.E+000,-1.));
#2043 = DIRECTION('',(-1.,0.E+000,0.E+000));
#2044 = ADVANCED_FACE('',(#2045),#2070,.T.);
#2045 = FACE_BOUND('',#2046,.T.);
#2046 = EDGE_LOOP('',(#2047,#2055,#2056,#2064));
#2047 = ORIENTED_EDGE('',*,*,#2048,.F.);
#2048 = EDGE_CURVE('',#2011,#2049,#2051,.T.);
#2049 = VERTEX_POINT('',#2050);
#2050 = CARTESIAN_POINT('',(2.7,0.E+000,5.099999921769));
#2051 = LINE('',#2052,#2053);
#2052 = CARTESIAN_POINT('',(2.7,0.E+000,3.499999921769));
#2053 = VECTOR('',#2054,1.);
#2054 = DIRECTION('',(0.E+000,0.E+000,1.));
#2055 = ORIENTED_EDGE('',*,*,#2034,.T.);
#2056 = ORIENTED_EDGE('',*,*,#2057,.F.);
#2057 = EDGE_CURVE('',#2058,#2027,#2060,.T.);
#2058 = VERTEX_POINT('',#2059);
#2059 = CARTESIAN_POINT('',(2.7,0.6,5.099999921769));
#2060 = LINE('',#2061,#2062);
#2061 = CARTESIAN_POINT('',(2.7,0.6,3.499999921769));
#2062 = VECTOR('',#2063,1.);
#2063 = DIRECTION('',(0.E+000,0.E+000,-1.));
#2064 = ORIENTED_EDGE('',*,*,#2065,.F.);
#2065 = EDGE_CURVE('',#2049,#2058,#2066,.T.);
#2066 = LINE('',#2067,#2068);
#2067 = CARTESIAN_POINT('',(2.7,0.E+000,5.099999921769));
#2068 = VECTOR('',#2069,1.);
#2069 = DIRECTION('',(0.E+000,1.,0.E+000));
#2070 = PLANE('',#2071);
#2071 = AXIS2_PLACEMENT_3D('',#2072,#2073,#2074);
#2072 = CARTESIAN_POINT('',(2.7,0.E+000,5.099999921769));
#2073 = DIRECTION('',(1.,0.E+000,0.E+000));
#2074 = DIRECTION('',(0.E+000,0.E+000,-1.));
#2075 = ADVANCED_FACE('',(#2076),#2101,.T.);
#2076 = FACE_BOUND('',#2077,.T.);
#2077 = EDGE_LOOP('',(#2078,#2086,#2087,#2095));
#2078 = ORIENTED_EDGE('',*,*,#2079,.F.);
#2079 = EDGE_CURVE('',#2049,#2080,#2082,.T.);
#2080 = VERTEX_POINT('',#2081);
#2081 = CARTESIAN_POINT('',(0.5,0.E+000,5.099999921769));
#2082 = LINE('',#2083,#2084);
#2083 = CARTESIAN_POINT('',(3.2,0.E+000,5.099999921769));
#2084 = VECTOR('',#2085,1.);
#2085 = DIRECTION('',(-1.,0.E+000,0.E+000));
#2086 = ORIENTED_EDGE('',*,*,#2065,.T.);
#2087 = ORIENTED_EDGE('',*,*,#2088,.F.);
#2088 = EDGE_CURVE('',#2089,#2058,#2091,.T.);
#2089 = VERTEX_POINT('',#2090);
#2090 = CARTESIAN_POINT('',(0.5,0.6,5.099999921769));
#2091 = LINE('',#2092,#2093);
#2092 = CARTESIAN_POINT('',(3.2,0.6,5.099999921769));
#2093 = VECTOR('',#2094,1.);
#2094 = DIRECTION('',(1.,0.E+000,0.E+000));
#2095 = ORIENTED_EDGE('',*,*,#2096,.F.);
#2096 = EDGE_CURVE('',#2080,#2089,#2097,.T.);
#2097 = LINE('',#2098,#2099);
#2098 = CARTESIAN_POINT('',(0.5,0.E+000,5.099999921769));
#2099 = VECTOR('',#2100,1.);
#2100 = DIRECTION('',(0.E+000,1.,0.E+000));
#2101 = PLANE('',#2102);
#2102 = AXIS2_PLACEMENT_3D('',#2103,#2104,#2105);
#2103 = CARTESIAN_POINT('',(0.5,0.E+000,5.099999921769));
#2104 = DIRECTION('',(0.E+000,0.E+000,1.));
#2105 = DIRECTION('',(1.,0.E+000,-0.E+000));
#2106 = ADVANCED_FACE('',(#2107),#2123,.T.);
#2107 = FACE_BOUND('',#2108,.T.);
#2108 = EDGE_LOOP('',(#2109,#2115,#2116,#2122));
#2109 = ORIENTED_EDGE('',*,*,#2110,.T.);
#2110 = EDGE_CURVE('',#2009,#2080,#2111,.T.);
#2111 = LINE('',#2112,#2113);
#2112 = CARTESIAN_POINT('',(0.5,0.E+000,3.499999921769));
#2113 = VECTOR('',#2114,1.);
#2114 = DIRECTION('',(0.E+000,0.E+000,1.));
#2115 = ORIENTED_EDGE('',*,*,#2096,.T.);
#2116 = ORIENTED_EDGE('',*,*,#2117,.F.);
#2117 = EDGE_CURVE('',#2019,#2089,#2118,.T.);
#2118 = LINE('',#2119,#2120);
#2119 = CARTESIAN_POINT('',(0.5,0.6,3.499999921769));
#2120 = VECTOR('',#2121,1.);
#2121 = DIRECTION('',(0.E+000,0.E+000,1.));
#2122 = ORIENTED_EDGE('',*,*,#2018,.F.);
#2123 = PLANE('',#2124);
#2124 = AXIS2_PLACEMENT_3D('',#2125,#2126,#2127);
#2125 = CARTESIAN_POINT('',(0.5,0.E+000,3.499999921769));
#2126 = DIRECTION('',(-1.,0.E+000,0.E+000));
#2127 = DIRECTION('',(0.E+000,0.E+000,1.));
#2128 = ADVANCED_FACE('',(#2129),#2135,.T.);
#2129 = FACE_BOUND('',#2130,.T.);
#2130 = EDGE_LOOP('',(#2131,#2132,#2133,#2134));
#2131 = ORIENTED_EDGE('',*,*,#2117,.T.);
#2132 = ORIENTED_EDGE('',*,*,#2088,.T.);
#2133 = ORIENTED_EDGE('',*,*,#2057,.T.);
#2134 = ORIENTED_EDGE('',*,*,#2026,.T.);
#2135 = PLANE('',#2136);
#2136 = AXIS2_PLACEMENT_3D('',#2137,#2138,#2139);
#2137 = CARTESIAN_POINT('',(1.6,0.6,4.299999921769));
#2138 = DIRECTION('',(0.E+000,1.,0.E+000));
#2139 = DIRECTION('',(0.E+000,-0.E+000,1.));
#2140 = ADVANCED_FACE('',(#2141),#2147,.F.);
#2141 = FACE_BOUND('',#2142,.T.);
#2142 = EDGE_LOOP('',(#2143,#2144,#2145,#2146));
#2143 = ORIENTED_EDGE('',*,*,#2110,.F.);
#2144 = ORIENTED_EDGE('',*,*,#2008,.T.);
#2145 = ORIENTED_EDGE('',*,*,#2048,.T.);
#2146 = ORIENTED_EDGE('',*,*,#2079,.T.);
#2147 = PLANE('',#2148);
#2148 = AXIS2_PLACEMENT_3D('',#2149,#2150,#2151);
#2149 = CARTESIAN_POINT('',(1.6,0.E+000,4.299999921769));
#2150 = DIRECTION('',(0.E+000,1.,0.E+000));
#2151 = DIRECTION('',(1.,0.E+000,0.E+000));
#2152 = MANIFOLD_SOLID_BREP('',#2153);
#2153 = CLOSED_SHELL('',(#2154,#2194,#2225,#2256,#2278,#2290));
#2154 = ADVANCED_FACE('',(#2155),#2189,.T.);
#2155 = FACE_BOUND('',#2156,.T.);
#2156 = EDGE_LOOP('',(#2157,#2167,#2175,#2183));
#2157 = ORIENTED_EDGE('',*,*,#2158,.F.);
#2158 = EDGE_CURVE('',#2159,#2161,#2163,.T.);
#2159 = VERTEX_POINT('',#2160);
#2160 = CARTESIAN_POINT('',(0.E+000,0.E+000,5.099999921769));
#2161 = VERTEX_POINT('',#2162);
#2162 = CARTESIAN_POINT('',(0.E+000,0.E+000,3.499999921769));
#2163 = LINE('',#2164,#2165);
#2164 = CARTESIAN_POINT('',(0.E+000,0.E+000,5.099999921769));
#2165 = VECTOR('',#2166,1.);
#2166 = DIRECTION('',(0.E+000,0.E+000,-1.));
#2167 = ORIENTED_EDGE('',*,*,#2168,.T.);
#2168 = EDGE_CURVE('',#2159,#2169,#2171,.T.);
#2169 = VERTEX_POINT('',#2170);
#2170 = CARTESIAN_POINT('',(0.E+000,0.6,5.099999921769));
#2171 = LINE('',#2172,#2173);
#2172 = CARTESIAN_POINT('',(0.E+000,0.E+000,5.099999921769));
#2173 = VECTOR('',#2174,1.);
#2174 = DIRECTION('',(0.E+000,1.,0.E+000));
#2175 = ORIENTED_EDGE('',*,*,#2176,.F.);
#2176 = EDGE_CURVE('',#2177,#2169,#2179,.T.);
#2177 = VERTEX_POINT('',#2178);
#2178 = CARTESIAN_POINT('',(0.E+000,0.6,3.499999921769));
#2179 = LINE('',#2180,#2181);
#2180 = CARTESIAN_POINT('',(0.E+000,0.6,5.099999921769));
#2181 = VECTOR('',#2182,1.);
#2182 = DIRECTION('',(0.E+000,0.E+000,1.));
#2183 = ORIENTED_EDGE('',*,*,#2184,.F.);
#2184 = EDGE_CURVE('',#2161,#2177,#2185,.T.);
#2185 = LINE('',#2186,#2187);
#2186 = CARTESIAN_POINT('',(0.E+000,0.E+000,3.499999921769));
#2187 = VECTOR('',#2188,1.);
#2188 = DIRECTION('',(0.E+000,1.,0.E+000));
#2189 = PLANE('',#2190);
#2190 = AXIS2_PLACEMENT_3D('',#2191,#2192,#2193);
#2191 = CARTESIAN_POINT('',(0.E+000,0.E+000,3.499999921769));
#2192 = DIRECTION('',(-1.,0.E+000,0.E+000));
#2193 = DIRECTION('',(0.E+000,0.E+000,1.));
#2194 = ADVANCED_FACE('',(#2195),#2220,.T.);
#2195 = FACE_BOUND('',#2196,.T.);
#2196 = EDGE_LOOP('',(#2197,#2205,#2206,#2214));
#2197 = ORIENTED_EDGE('',*,*,#2198,.F.);
#2198 = EDGE_CURVE('',#2161,#2199,#2201,.T.);
#2199 = VERTEX_POINT('',#2200);
#2200 = CARTESIAN_POINT('',(0.5,0.E+000,3.499999921769));
#2201 = LINE('',#2202,#2203);
#2202 = CARTESIAN_POINT('',(0.E+000,0.E+000,3.499999921769));
#2203 = VECTOR('',#2204,1.);
#2204 = DIRECTION('',(1.,0.E+000,0.E+000));
#2205 = ORIENTED_EDGE('',*,*,#2184,.T.);
#2206 = ORIENTED_EDGE('',*,*,#2207,.F.);
#2207 = EDGE_CURVE('',#2208,#2177,#2210,.T.);
#2208 = VERTEX_POINT('',#2209);
#2209 = CARTESIAN_POINT('',(0.5,0.6,3.499999921769));
#2210 = LINE('',#2211,#2212);
#2211 = CARTESIAN_POINT('',(0.E+000,0.6,3.499999921769));
#2212 = VECTOR('',#2213,1.);
#2213 = DIRECTION('',(-1.,0.E+000,0.E+000));
#2214 = ORIENTED_EDGE('',*,*,#2215,.F.);
#2215 = EDGE_CURVE('',#2199,#2208,#2216,.T.);
#2216 = LINE('',#2217,#2218);
#2217 = CARTESIAN_POINT('',(0.5,0.E+000,3.499999921769));
#2218 = VECTOR('',#2219,1.);
#2219 = DIRECTION('',(0.E+000,1.,0.E+000));
#2220 = PLANE('',#2221);
#2221 = AXIS2_PLACEMENT_3D('',#2222,#2223,#2224);
#2222 = CARTESIAN_POINT('',(0.5,0.E+000,3.499999921769));
#2223 = DIRECTION('',(0.E+000,0.E+000,-1.));
#2224 = DIRECTION('',(-1.,0.E+000,0.E+000));
#2225 = ADVANCED_FACE('',(#2226),#2251,.T.);
#2226 = FACE_BOUND('',#2227,.T.);
#2227 = EDGE_LOOP('',(#2228,#2236,#2237,#2245));
#2228 = ORIENTED_EDGE('',*,*,#2229,.F.);
#2229 = EDGE_CURVE('',#2199,#2230,#2232,.T.);
#2230 = VERTEX_POINT('',#2231);
#2231 = CARTESIAN_POINT('',(0.5,0.E+000,5.099999921769));
#2232 = LINE('',#2233,#2234);
#2233 = CARTESIAN_POINT('',(0.5,0.E+000,3.499999921769));
#2234 = VECTOR('',#2235,1.);
#2235 = DIRECTION('',(0.E+000,0.E+000,1.));
#2236 = ORIENTED_EDGE('',*,*,#2215,.T.);
#2237 = ORIENTED_EDGE('',*,*,#2238,.F.);
#2238 = EDGE_CURVE('',#2239,#2208,#2241,.T.);
#2239 = VERTEX_POINT('',#2240);
#2240 = CARTESIAN_POINT('',(0.5,0.6,5.099999921769));
#2241 = LINE('',#2242,#2243);
#2242 = CARTESIAN_POINT('',(0.5,0.6,3.499999921769));
#2243 = VECTOR('',#2244,1.);
#2244 = DIRECTION('',(0.E+000,0.E+000,-1.));
#2245 = ORIENTED_EDGE('',*,*,#2246,.F.);
#2246 = EDGE_CURVE('',#2230,#2239,#2247,.T.);
#2247 = LINE('',#2248,#2249);
#2248 = CARTESIAN_POINT('',(0.5,0.E+000,5.099999921769));
#2249 = VECTOR('',#2250,1.);
#2250 = DIRECTION('',(0.E+000,1.,0.E+000));
#2251 = PLANE('',#2252);
#2252 = AXIS2_PLACEMENT_3D('',#2253,#2254,#2255);
#2253 = CARTESIAN_POINT('',(0.5,0.E+000,5.099999921769));
#2254 = DIRECTION('',(1.,0.E+000,0.E+000));
#2255 = DIRECTION('',(0.E+000,0.E+000,-1.));
#2256 = ADVANCED_FACE('',(#2257),#2273,.T.);
#2257 = FACE_BOUND('',#2258,.T.);
#2258 = EDGE_LOOP('',(#2259,#2265,#2266,#2272));
#2259 = ORIENTED_EDGE('',*,*,#2260,.F.);
#2260 = EDGE_CURVE('',#2230,#2159,#2261,.T.);
#2261 = LINE('',#2262,#2263);
#2262 = CARTESIAN_POINT('',(0.5,0.E+000,5.099999921769));
#2263 = VECTOR('',#2264,1.);
#2264 = DIRECTION('',(-1.,0.E+000,0.E+000));
#2265 = ORIENTED_EDGE('',*,*,#2246,.T.);
#2266 = ORIENTED_EDGE('',*,*,#2267,.F.);
#2267 = EDGE_CURVE('',#2169,#2239,#2268,.T.);
#2268 = LINE('',#2269,#2270);
#2269 = CARTESIAN_POINT('',(0.5,0.6,5.099999921769));
#2270 = VECTOR('',#2271,1.);
#2271 = DIRECTION('',(1.,0.E+000,0.E+000));
#2272 = ORIENTED_EDGE('',*,*,#2168,.F.);
#2273 = PLANE('',#2274);
#2274 = AXIS2_PLACEMENT_3D('',#2275,#2276,#2277);
#2275 = CARTESIAN_POINT('',(0.E+000,0.E+000,5.099999921769));
#2276 = DIRECTION('',(0.E+000,0.E+000,1.));
#2277 = DIRECTION('',(1.,0.E+000,-0.E+000));
#2278 = ADVANCED_FACE('',(#2279),#2285,.T.);
#2279 = FACE_BOUND('',#2280,.T.);
#2280 = EDGE_LOOP('',(#2281,#2282,#2283,#2284));
#2281 = ORIENTED_EDGE('',*,*,#2267,.T.);
#2282 = ORIENTED_EDGE('',*,*,#2238,.T.);
#2283 = ORIENTED_EDGE('',*,*,#2207,.T.);
#2284 = ORIENTED_EDGE('',*,*,#2176,.T.);
#2285 = PLANE('',#2286);
#2286 = AXIS2_PLACEMENT_3D('',#2287,#2288,#2289);
#2287 = CARTESIAN_POINT('',(0.25,0.6,4.299999921769));
#2288 = DIRECTION('',(0.E+000,1.,0.E+000));
#2289 = DIRECTION('',(0.E+000,-0.E+000,1.));
#2290 = ADVANCED_FACE('',(#2291),#2297,.F.);
#2291 = FACE_BOUND('',#2292,.T.);
#2292 = EDGE_LOOP('',(#2293,#2294,#2295,#2296));
#2293 = ORIENTED_EDGE('',*,*,#2260,.T.);
#2294 = ORIENTED_EDGE('',*,*,#2158,.T.);
#2295 = ORIENTED_EDGE('',*,*,#2198,.T.);
#2296 = ORIENTED_EDGE('',*,*,#2229,.T.);
#2297 = PLANE('',#2298);
#2298 = AXIS2_PLACEMENT_3D('',#2299,#2300,#2301);
#2299 = CARTESIAN_POINT('',(0.25,0.E+000,4.299999921769));
#2300 = DIRECTION('',(0.E+000,1.,0.E+000));
#2301 = DIRECTION('',(1.,0.E+000,0.E+000));
#2302 = MANIFOLD_SOLID_BREP('',#2303);
#2303 = CLOSED_SHELL('',(#2304,#2344,#2375,#2406,#2428,#2440));
#2304 = ADVANCED_FACE('',(#2305),#2339,.T.);
#2305 = FACE_BOUND('',#2306,.T.);
#2306 = EDGE_LOOP('',(#2307,#2317,#2325,#2333));
#2307 = ORIENTED_EDGE('',*,*,#2308,.T.);
#2308 = EDGE_CURVE('',#2309,#2311,#2313,.T.);
#2309 = VERTEX_POINT('',#2310);
#2310 = CARTESIAN_POINT('',(2.7,0.E+000,5.099999921769));
#2311 = VERTEX_POINT('',#2312);
#2312 = CARTESIAN_POINT('',(3.2,0.E+000,5.099999921769));
#2313 = LINE('',#2314,#2315);
#2314 = CARTESIAN_POINT('',(2.7,0.E+000,5.099999921769));
#2315 = VECTOR('',#2316,1.);
#2316 = DIRECTION('',(1.,0.E+000,0.E+000));
#2317 = ORIENTED_EDGE('',*,*,#2318,.T.);
#2318 = EDGE_CURVE('',#2311,#2319,#2321,.T.);
#2319 = VERTEX_POINT('',#2320);
#2320 = CARTESIAN_POINT('',(3.2,0.6,5.099999921769));
#2321 = LINE('',#2322,#2323);
#2322 = CARTESIAN_POINT('',(3.2,0.E+000,5.099999921769));
#2323 = VECTOR('',#2324,1.);
#2324 = DIRECTION('',(0.E+000,1.,0.E+000));
#2325 = ORIENTED_EDGE('',*,*,#2326,.F.);
#2326 = EDGE_CURVE('',#2327,#2319,#2329,.T.);
#2327 = VERTEX_POINT('',#2328);
#2328 = CARTESIAN_POINT('',(2.7,0.6,5.099999921769));
#2329 = LINE('',#2330,#2331);
#2330 = CARTESIAN_POINT('',(2.7,0.6,5.099999921769));
#2331 = VECTOR('',#2332,1.);
#2332 = DIRECTION('',(1.,0.E+000,0.E+000));
#2333 = ORIENTED_EDGE('',*,*,#2334,.F.);
#2334 = EDGE_CURVE('',#2309,#2327,#2335,.T.);
#2335 = LINE('',#2336,#2337);
#2336 = CARTESIAN_POINT('',(2.7,0.E+000,5.099999921769));
#2337 = VECTOR('',#2338,1.);
#2338 = DIRECTION('',(0.E+000,1.,0.E+000));
#2339 = PLANE('',#2340);
#2340 = AXIS2_PLACEMENT_3D('',#2341,#2342,#2343);
#2341 = CARTESIAN_POINT('',(2.7,0.E+000,5.099999921769));
#2342 = DIRECTION('',(0.E+000,0.E+000,1.));
#2343 = DIRECTION('',(1.,0.E+000,-0.E+000));
#2344 = ADVANCED_FACE('',(#2345),#2370,.T.);
#2345 = FACE_BOUND('',#2346,.T.);
#2346 = EDGE_LOOP('',(#2347,#2355,#2356,#2364));
#2347 = ORIENTED_EDGE('',*,*,#2348,.T.);
#2348 = EDGE_CURVE('',#2349,#2309,#2351,.T.);
#2349 = VERTEX_POINT('',#2350);
#2350 = CARTESIAN_POINT('',(2.7,0.E+000,3.499999921769));
#2351 = LINE('',#2352,#2353);
#2352 = CARTESIAN_POINT('',(2.7,0.E+000,3.499999921769));
#2353 = VECTOR('',#2354,1.);
#2354 = DIRECTION('',(0.E+000,0.E+000,1.));
#2355 = ORIENTED_EDGE('',*,*,#2334,.T.);
#2356 = ORIENTED_EDGE('',*,*,#2357,.F.);
#2357 = EDGE_CURVE('',#2358,#2327,#2360,.T.);
#2358 = VERTEX_POINT('',#2359);
#2359 = CARTESIAN_POINT('',(2.7,0.6,3.499999921769));
#2360 = LINE('',#2361,#2362);
#2361 = CARTESIAN_POINT('',(2.7,0.6,3.499999921769));
#2362 = VECTOR('',#2363,1.);
#2363 = DIRECTION('',(0.E+000,0.E+000,1.));
#2364 = ORIENTED_EDGE('',*,*,#2365,.F.);
#2365 = EDGE_CURVE('',#2349,#2358,#2366,.T.);
#2366 = LINE('',#2367,#2368);
#2367 = CARTESIAN_POINT('',(2.7,0.E+000,3.499999921769));
#2368 = VECTOR('',#2369,1.);
#2369 = DIRECTION('',(0.E+000,1.,0.E+000));
#2370 = PLANE('',#2371);
#2371 = AXIS2_PLACEMENT_3D('',#2372,#2373,#2374);
#2372 = CARTESIAN_POINT('',(2.7,0.E+000,3.499999921769));
#2373 = DIRECTION('',(-1.,0.E+000,0.E+000));
#2374 = DIRECTION('',(0.E+000,0.E+000,1.));
#2375 = ADVANCED_FACE('',(#2376),#2401,.T.);
#2376 = FACE_BOUND('',#2377,.T.);
#2377 = EDGE_LOOP('',(#2378,#2386,#2387,#2395));
#2378 = ORIENTED_EDGE('',*,*,#2379,.T.);
#2379 = EDGE_CURVE('',#2380,#2349,#2382,.T.);
#2380 = VERTEX_POINT('',#2381);
#2381 = CARTESIAN_POINT('',(3.2,0.E+000,3.499999921769));
#2382 = LINE('',#2383,#2384);
#2383 = CARTESIAN_POINT('',(3.2,0.E+000,3.499999921769));
#2384 = VECTOR('',#2385,1.);
#2385 = DIRECTION('',(-1.,0.E+000,0.E+000));
#2386 = ORIENTED_EDGE('',*,*,#2365,.T.);
#2387 = ORIENTED_EDGE('',*,*,#2388,.F.);
#2388 = EDGE_CURVE('',#2389,#2358,#2391,.T.);
#2389 = VERTEX_POINT('',#2390);
#2390 = CARTESIAN_POINT('',(3.2,0.6,3.499999921769));
#2391 = LINE('',#2392,#2393);
#2392 = CARTESIAN_POINT('',(3.2,0.6,3.499999921769));
#2393 = VECTOR('',#2394,1.);
#2394 = DIRECTION('',(-1.,0.E+000,0.E+000));
#2395 = ORIENTED_EDGE('',*,*,#2396,.F.);
#2396 = EDGE_CURVE('',#2380,#2389,#2397,.T.);
#2397 = LINE('',#2398,#2399);
#2398 = CARTESIAN_POINT('',(3.2,0.E+000,3.499999921769));
#2399 = VECTOR('',#2400,1.);
#2400 = DIRECTION('',(0.E+000,1.,0.E+000));
#2401 = PLANE('',#2402);
#2402 = AXIS2_PLACEMENT_3D('',#2403,#2404,#2405);
#2403 = CARTESIAN_POINT('',(3.2,0.E+000,3.499999921769));
#2404 = DIRECTION('',(0.E+000,0.E+000,-1.));
#2405 = DIRECTION('',(-1.,0.E+000,0.E+000));
#2406 = ADVANCED_FACE('',(#2407),#2423,.T.);
#2407 = FACE_BOUND('',#2408,.T.);
#2408 = EDGE_LOOP('',(#2409,#2415,#2416,#2422));
#2409 = ORIENTED_EDGE('',*,*,#2410,.T.);
#2410 = EDGE_CURVE('',#2311,#2380,#2411,.T.);
#2411 = LINE('',#2412,#2413);
#2412 = CARTESIAN_POINT('',(3.2,0.E+000,5.099999921769));
#2413 = VECTOR('',#2414,1.);
#2414 = DIRECTION('',(0.E+000,0.E+000,-1.));
#2415 = ORIENTED_EDGE('',*,*,#2396,.T.);
#2416 = ORIENTED_EDGE('',*,*,#2417,.F.);
#2417 = EDGE_CURVE('',#2319,#2389,#2418,.T.);
#2418 = LINE('',#2419,#2420);
#2419 = CARTESIAN_POINT('',(3.2,0.6,5.099999921769));
#2420 = VECTOR('',#2421,1.);
#2421 = DIRECTION('',(0.E+000,0.E+000,-1.));
#2422 = ORIENTED_EDGE('',*,*,#2318,.F.);
#2423 = PLANE('',#2424);
#2424 = AXIS2_PLACEMENT_3D('',#2425,#2426,#2427);
#2425 = CARTESIAN_POINT('',(3.2,0.E+000,5.099999921769));
#2426 = DIRECTION('',(1.,0.E+000,0.E+000));
#2427 = DIRECTION('',(0.E+000,0.E+000,-1.));
#2428 = ADVANCED_FACE('',(#2429),#2435,.T.);
#2429 = FACE_BOUND('',#2430,.T.);
#2430 = EDGE_LOOP('',(#2431,#2432,#2433,#2434));
#2431 = ORIENTED_EDGE('',*,*,#2417,.T.);
#2432 = ORIENTED_EDGE('',*,*,#2388,.T.);
#2433 = ORIENTED_EDGE('',*,*,#2357,.T.);
#2434 = ORIENTED_EDGE('',*,*,#2326,.T.);
#2435 = PLANE('',#2436);
#2436 = AXIS2_PLACEMENT_3D('',#2437,#2438,#2439);
#2437 = CARTESIAN_POINT('',(2.95,0.6,4.299999921769));
#2438 = DIRECTION('',(0.E+000,1.,0.E+000));
#2439 = DIRECTION('',(0.E+000,-0.E+000,1.));
#2440 = ADVANCED_FACE('',(#2441),#2447,.F.);
#2441 = FACE_BOUND('',#2442,.T.);
#2442 = EDGE_LOOP('',(#2443,#2444,#2445,#2446));
#2443 = ORIENTED_EDGE('',*,*,#2410,.F.);
#2444 = ORIENTED_EDGE('',*,*,#2308,.F.);
#2445 = ORIENTED_EDGE('',*,*,#2348,.F.);
#2446 = ORIENTED_EDGE('',*,*,#2379,.F.);
#2447 = PLANE('',#2448);
#2448 = AXIS2_PLACEMENT_3D('',#2449,#2450,#2451);
#2449 = CARTESIAN_POINT('',(2.95,0.E+000,4.299999921769));
#2450 = DIRECTION('',(0.E+000,1.,0.E+000));
#2451 = DIRECTION('',(1.,0.E+000,0.E+000));
#2452 = MANIFOLD_SOLID_BREP('',#2453);
#2453 = CLOSED_SHELL('',(#2454,#2514,#2577,#2663,#2730,#2785,#2844,#2929
    ,#2992,#3052,#3105,#3169,#3224,#3260,#3296));
#2454 = ADVANCED_FACE('',(#2455),#2493,.F.);
#2455 = FACE_BOUND('',#2456,.F.);
#2456 = EDGE_LOOP('',(#2457,#2468,#2477,#2486));
#2457 = ORIENTED_EDGE('',*,*,#2458,.F.);
#2458 = EDGE_CURVE('',#2459,#2461,#2463,.T.);
#2459 = VERTEX_POINT('',#2460);
#2460 = CARTESIAN_POINT('',(-0.290097073014,1.001332669219E-002,
    4.969185167249));
#2461 = VERTEX_POINT('',#2462);
#2462 = CARTESIAN_POINT('',(-0.290097073014,1.001332669219E-002,
    3.630814676288));
#2463 = B_SPLINE_CURVE_WITH_KNOTS('',3,(#2464,#2465,#2466,#2467),
  .UNSPECIFIED.,.F.,.F.,(4,4),(-0.246918643123,-0.113081594027),
  .PIECEWISE_BEZIER_KNOTS.);
#2464 = CARTESIAN_POINT('',(-0.290097073014,1.001332669219E-002,
    4.969185167249));
#2465 = CARTESIAN_POINT('',(-0.290097073014,1.001332669219E-002,
    4.523061670262));
#2466 = CARTESIAN_POINT('',(-0.290097073014,1.001332669219E-002,
    4.076938173275));
#2467 = CARTESIAN_POINT('',(-0.290097073014,1.001332669219E-002,
    3.630814676288));
#2468 = ORIENTED_EDGE('',*,*,#2469,.F.);
#2469 = EDGE_CURVE('',#2470,#2459,#2472,.T.);
#2470 = VERTEX_POINT('',#2471);
#2471 = CARTESIAN_POINT('',(-0.3,1.379786179779E-005,4.969185167249));
#2472 = CIRCLE('',#2473,1.E-002);
#2473 = AXIS2_PLACEMENT_3D('',#2474,#2475,#2476);
#2474 = CARTESIAN_POINT('',(-0.29,1.379786179779E-005,4.969185167249));
#2475 = DIRECTION('',(0.E+000,5.551376687121E-014,-1.));
#2476 = DIRECTION('',(-1.,0.E+000,0.E+000));
#2477 = ORIENTED_EDGE('',*,*,#2478,.F.);
#2478 = EDGE_CURVE('',#2479,#2470,#2481,.T.);
#2479 = VERTEX_POINT('',#2480);
#2480 = CARTESIAN_POINT('',(-0.3,1.379786179779E-005,3.630814676288));
#2481 = B_SPLINE_CURVE_WITH_KNOTS('',3,(#2482,#2483,#2484,#2485),
  .UNSPECIFIED.,.F.,.F.,(4,4),(0.113081594027,0.246918643123),
  .PIECEWISE_BEZIER_KNOTS.);
#2482 = CARTESIAN_POINT('',(-0.3,1.379786179779E-005,3.630814676288));
#2483 = CARTESIAN_POINT('',(-0.3,1.379786179779E-005,4.076938173275));
#2484 = CARTESIAN_POINT('',(-0.3,1.379786179779E-005,4.523061670262));
#2485 = CARTESIAN_POINT('',(-0.3,1.379786179779E-005,4.969185167249));
#2486 = ORIENTED_EDGE('',*,*,#2487,.F.);
#2487 = EDGE_CURVE('',#2461,#2479,#2488,.T.);
#2488 = CIRCLE('',#2489,1.E-002);
#2489 = AXIS2_PLACEMENT_3D('',#2490,#2491,#2492);
#2490 = CARTESIAN_POINT('',(-0.29,1.379786179779E-005,3.630814676288));
#2491 = DIRECTION('',(0.E+000,0.E+000,1.));
#2492 = DIRECTION('',(-9.707301406273E-003,0.99995288304,0.E+000));
#2493 = B_SPLINE_SURFACE_WITH_KNOTS('',3,3,(
    (#2494,#2495,#2496,#2497)
    ,(#2498,#2499,#2500,#2501)
    ,(#2502,#2503,#2504,#2505)
    ,(#2506,#2507,#2508,#2509)
    ,(#2510,#2511,#2512,#2513
  )),.UNSPECIFIED.,.F.,.F.,.F.,(4,1,4),(4,4),(0.E+000,0.571428571429,1.)
  ,(0.113081594027,0.246918643123),.UNSPECIFIED.);
#2494 = CARTESIAN_POINT('',(-0.3,1.379786179779E-005,3.630814676288));
#2495 = CARTESIAN_POINT('',(-0.3,1.379786179779E-005,4.076938173275));
#2496 = CARTESIAN_POINT('',(-0.3,1.379786179779E-005,4.523061670262));
#2497 = CARTESIAN_POINT('',(-0.3,1.379786179779E-005,4.969185167249));
#2498 = CARTESIAN_POINT('',(-0.3,2.987300476895E-003,3.630814676288));
#2499 = CARTESIAN_POINT('',(-0.3,2.987300476895E-003,4.076938173275));
#2500 = CARTESIAN_POINT('',(-0.3,2.987300476895E-003,4.523061670262));
#2501 = CARTESIAN_POINT('',(-0.3,2.987300476895E-003,4.969185167249));
#2502 = CARTESIAN_POINT('',(-0.297525599661,8.14151757747E-003,
    3.630814676288));
#2503 = CARTESIAN_POINT('',(-0.297525599661,8.14151757747E-003,
    4.076938173275));
#2504 = CARTESIAN_POINT('',(-0.297525599661,8.14151757747E-003,
    4.523061670262));
#2505 = CARTESIAN_POINT('',(-0.297525599661,8.14151757747E-003,
    4.969185167249));
#2506 = CARTESIAN_POINT('',(-0.292327094899,9.991678177607E-003,
    3.630814676288));
#2507 = CARTESIAN_POINT('',(-0.292327094899,9.991678177607E-003,
    4.076938173275));
#2508 = CARTESIAN_POINT('',(-0.292327094899,9.991678177607E-003,
    4.523061670262));
#2509 = CARTESIAN_POINT('',(-0.292327094899,9.991678177607E-003,
    4.969185167249));
#2510 = CARTESIAN_POINT('',(-0.290097073014,1.001332669219E-002,
    3.630814676288));
#2511 = CARTESIAN_POINT('',(-0.290097073014,1.001332669219E-002,
    4.076938173275));
#2512 = CARTESIAN_POINT('',(-0.290097073014,1.001332669219E-002,
    4.523061670262));
#2513 = CARTESIAN_POINT('',(-0.290097073014,1.001332669219E-002,
    4.969185167249));
#2514 = ADVANCED_FACE('',(#2515),#2556,.F.);
#2515 = FACE_BOUND('',#2516,.F.);
#2516 = EDGE_LOOP('',(#2517,#2526,#2527,#2535));
#2517 = ORIENTED_EDGE('',*,*,#2518,.F.);
#2518 = EDGE_CURVE('',#2461,#2519,#2521,.T.);
#2519 = VERTEX_POINT('',#2520);
#2520 = CARTESIAN_POINT('',(-0.290086898616,3.340643733862E-012,
    3.580620771951));
#2521 = B_SPLINE_CURVE_WITH_KNOTS('',3,(#2522,#2523,#2524,#2525),
  .UNSPECIFIED.,.F.,.F.,(4,4),(-1.886076001984E-002,-1.413396471037E-002
    ),.PIECEWISE_BEZIER_KNOTS.);
#2522 = CARTESIAN_POINT('',(-0.290097073014,1.001332669219E-002,
    3.630814676288));
#2523 = CARTESIAN_POINT('',(-0.290097073014,1.001332669219E-002,
    3.61375454787));
#2524 = CARTESIAN_POINT('',(-0.29009334713,6.546831178433E-003,
    3.596376494389));
#2525 = CARTESIAN_POINT('',(-0.290086898616,3.339983454739E-012,
    3.580620771951));
#2526 = ORIENTED_EDGE('',*,*,#2487,.T.);
#2527 = ORIENTED_EDGE('',*,*,#2528,.F.);
#2528 = EDGE_CURVE('',#2529,#2479,#2531,.T.);
#2529 = VERTEX_POINT('',#2530);
#2530 = CARTESIAN_POINT('',(-0.3,-1.734723475977E-017,3.628988854847));
#2531 = LINE('',#2532,#2533);
#2532 = CARTESIAN_POINT('',(-0.3,3.339967191707E-012,3.499999921769));
#2533 = VECTOR('',#2534,1.);
#2534 = DIRECTION('',(0.E+000,0.E+000,1.));
#2535 = ORIENTED_EDGE('',*,*,#2536,.F.);
#2536 = EDGE_CURVE('',#2519,#2529,#2537,.T.);
#2537 = B_SPLINE_CURVE_WITH_KNOTS('',3,(#2538,#2539,#2540,#2541,#2542,
    #2543,#2544,#2545,#2546,#2547,#2548,#2549,#2550,#2551,#2552,#2553,
    #2554,#2555),.UNSPECIFIED.,.F.,.F.,(4,2,2,2,2,2,2,2,4),(0.E+000,
    1.545141780894E-004,3.502037023706E-004,6.805502176984E-004,
    1.464372648975E-003,4.29634387076E-003,4.718863214222E-003,
    4.862901334866E-003,4.980377993683E-003),.UNSPECIFIED.);
#2538 = CARTESIAN_POINT('',(-0.290086898616,3.339983454739E-012,
    3.580620771951));
#2539 = CARTESIAN_POINT('',(-0.290601813842,3.339983455633E-012,
    3.580632433449));
#2540 = CARTESIAN_POINT('',(-0.291099766259,3.339117177203E-012,
    3.580747293709));
#2541 = CARTESIAN_POINT('',(-0.292177420103,3.339117177203E-012,
    3.581197780257));
#2542 = CARTESIAN_POINT('',(-0.29272301197,3.340192705759E-012,
    3.58157522745));
#2543 = CARTESIAN_POINT('',(-0.294026278355,3.340192705759E-012,
    3.58275359134));
#2544 = CARTESIAN_POINT('',(-0.29470702802,3.313252450177E-012,
    3.583698075602));
#2545 = CARTESIAN_POINT('',(-0.296572779999,3.313252450177E-012,
    3.586931022249));
#2546 = CARTESIAN_POINT('',(-0.297395744059,3.339533510838E-012,
    3.589680589225));
#2547 = CARTESIAN_POINT('',(-0.299738963874,3.339533510838E-012,
    3.599519627388));
#2548 = CARTESIAN_POINT('',(-0.29995628204,3.339793719359E-012,
    3.609641492161));
#2549 = CARTESIAN_POINT('',(-0.299997721447,3.339793719359E-012,
    3.622595401617));
#2550 = CARTESIAN_POINT('',(-0.299999161355,3.339828413829E-012,
    3.624436950894));
#2551 = CARTESIAN_POINT('',(-0.299999845685,3.339828413829E-012,
    3.626569533604));
#2552 = CARTESIAN_POINT('',(-0.299999924487,3.339967191707E-012,
    3.627126432329));
#2553 = CARTESIAN_POINT('',(-0.29999999388,3.339967191707E-012,
    3.628100635393));
#2554 = CARTESIAN_POINT('',(-0.3,3.340004054581E-012,3.628566221876));
#2555 = CARTESIAN_POINT('',(-0.3,3.340004054581E-012,3.628988855289));
#2556 = B_SPLINE_SURFACE_WITH_KNOTS('',3,3,(
    (#2557,#2558,#2559,#2560)
    ,(#2561,#2562,#2563,#2564)
    ,(#2565,#2566,#2567,#2568)
    ,(#2569,#2570,#2571,#2572)
    ,(#2573,#2574,#2575,#2576
  )),.UNSPECIFIED.,.F.,.F.,.F.,(4,1,4),(4,4),(0.E+000,0.571428571429,1.)
  ,(1.413396471037E-002,1.886076001984E-002),.UNSPECIFIED.);
#2557 = CARTESIAN_POINT('',(-0.3,-9.234160142371E-003,3.584457793586));
#2558 = CARTESIAN_POINT('',(-0.3,-3.187738729573E-003,3.599009085952));
#2559 = CARTESIAN_POINT('',(-0.3,1.379786179796E-005,3.615058691924));
#2560 = CARTESIAN_POINT('',(-0.3,1.379786179778E-005,3.630814676288));
#2561 = CARTESIAN_POINT('',(-0.3,-6.486486824728E-003,3.583316067452));
#2562 = CARTESIAN_POINT('',(-0.299999950156,-2.916777396671E-004,
    3.598227737976));
#2563 = CARTESIAN_POINT('',(-0.3,2.987300476896E-003,3.614669246974));
#2564 = CARTESIAN_POINT('',(-0.3,2.987300476895E-003,3.630814676288));
#2565 = CARTESIAN_POINT('',(-0.297522744437,-1.723220821207E-003,
    3.581336812769));
#2566 = CARTESIAN_POINT('',(-0.29752492992,4.726721581084E-003,
    3.596867700804));
#2567 = CARTESIAN_POINT('',(-0.29752616172,8.142184502104E-003,
    3.613999989799));
#2568 = CARTESIAN_POINT('',(-0.29752616172,8.142184502104E-003,
    3.630814676288));
#2569 = CARTESIAN_POINT('',(-0.292318394866,-1.790767235556E-005,
    3.580628213032));
#2570 = CARTESIAN_POINT('',(-0.292323922498,6.527016641193E-003,
    3.596383110945));
#2571 = CARTESIAN_POINT('',(-0.292327094899,9.991678177607E-003,
    3.61375633792));
#2572 = CARTESIAN_POINT('',(-0.292327094899,9.991678177607E-003,
    3.630814676288));
#2573 = CARTESIAN_POINT('',(-0.290086898616,3.339983454739E-012,
    3.580620771951));
#2574 = CARTESIAN_POINT('',(-0.29009334713,6.546831178433E-003,
    3.596376494389));
#2575 = CARTESIAN_POINT('',(-0.290097073014,1.001332669219E-002,
    3.61375454787));
#2576 = CARTESIAN_POINT('',(-0.290097073014,1.001332669219E-002,
    3.630814676288));
#2577 = ADVANCED_FACE('',(#2578),#2642,.F.);
#2578 = FACE_BOUND('',#2579,.F.);
#2579 = EDGE_LOOP('',(#2580,#2589,#2590,#2599));
#2580 = ORIENTED_EDGE('',*,*,#2581,.F.);
#2581 = EDGE_CURVE('',#2470,#2582,#2584,.T.);
#2582 = VERTEX_POINT('',#2583);
#2583 = CARTESIAN_POINT('',(-0.3,-3.469446951954E-017,4.971010988691));
#2584 = B_SPLINE_CURVE_WITH_KNOTS('',3,(#2585,#2586,#2587,#2588),
  .UNSPECIFIED.,.F.,.F.,(4,4),(0.E+000,1.824605247036E-004),
  .PIECEWISE_BEZIER_KNOTS.);
#2585 = CARTESIAN_POINT('',(-0.3,1.379786179779E-005,4.969185167249));
#2586 = CARTESIAN_POINT('',(-0.3,1.379786179778E-005,4.969793368759));
#2587 = CARTESIAN_POINT('',(-0.3,9.027378548507E-006,4.970402007783));
#2588 = CARTESIAN_POINT('',(-0.3,-4.930739552159E-007,4.971010981251));
#2589 = ORIENTED_EDGE('',*,*,#2469,.T.);
#2590 = ORIENTED_EDGE('',*,*,#2591,.F.);
#2591 = EDGE_CURVE('',#2592,#2459,#2594,.T.);
#2592 = VERTEX_POINT('',#2593);
#2593 = CARTESIAN_POINT('',(-0.290086898616,3.340765164506E-012,
    5.019379071587));
#2594 = B_SPLINE_CURVE_WITH_KNOTS('',3,(#2595,#2596,#2597,#2598),
  .UNSPECIFIED.,.F.,.F.,(4,4),(-4.726795309471E-003,0.E+000),
  .PIECEWISE_BEZIER_KNOTS.);
#2595 = CARTESIAN_POINT('',(-0.290086898616,3.338684580537E-012,
    5.019379071587));
#2596 = CARTESIAN_POINT('',(-0.29009334713,6.546831178433E-003,
    5.003623349149));
#2597 = CARTESIAN_POINT('',(-0.290097073014,1.001332669219E-002,
    4.986245295668));
#2598 = CARTESIAN_POINT('',(-0.290097073014,1.001332669219E-002,
    4.969185167249));
#2599 = ORIENTED_EDGE('',*,*,#2600,.F.);
#2600 = EDGE_CURVE('',#2582,#2592,#2601,.T.);
#2601 = B_SPLINE_CURVE_WITH_KNOTS('',3,(#2602,#2603,#2604,#2605,#2606,
    #2607,#2608,#2609,#2610,#2611,#2612,#2613,#2614,#2615,#2616,#2617,
    #2618,#2619,#2620,#2621,#2622,#2623,#2624,#2625,#2626,#2627,#2628,
    #2629,#2630,#2631,#2632,#2633,#2634,#2635,#2636,#2637,#2638,#2639,
    #2640,#2641),.UNSPECIFIED.,.F.,.F.,(4,3,3,3,3,3,3,3,3,3,3,3,3,4),(
    0.E+000,2.078030893302E-004,5.593378260924E-004,5.824108900106E-004,
    1.065253862803E-003,1.388879101536E-003,2.167260473006E-003,
    2.818951662529E-003,2.976300886204E-003,3.293884755741E-003,
    3.482794118861E-003,3.654210548697E-003,3.727415780224E-003,
    3.796369585511E-003),.UNSPECIFIED.);
#2602 = CARTESIAN_POINT('',(-0.3,-4.93078283521E-007,4.971010981528));
#2603 = CARTESIAN_POINT('',(-0.3,-8.521463561534E-007,4.971703650404));
#2604 = CARTESIAN_POINT('',(-0.299999982949,-1.643610018986E-006,
    4.972708232618));
#2605 = CARTESIAN_POINT('',(-0.299999785644,-2.491640183967E-006,
    4.973532665293));
#2606 = CARTESIAN_POINT('',(-0.299999451868,-3.926229350921E-006,
    4.974927335238));
#2607 = CARTESIAN_POINT('',(-0.299998513538,-5.533574146833E-006,
    4.976548423309));
#2608 = CARTESIAN_POINT('',(-0.299995011038,-8.198938457271E-006,
    4.978049423456));
#2609 = CARTESIAN_POINT('',(-0.29999478115,-8.373880261505E-006,
    4.978147941949));
#2610 = CARTESIAN_POINT('',(-0.299994540277,-8.534581762107E-006,
    4.978245941045));
#2611 = CARTESIAN_POINT('',(-0.299994287933,-8.673431739792E-006,
    4.978343321945));
#2612 = CARTESIAN_POINT('',(-0.299989007213,-1.157910288236E-005,
    4.980381182349));
#2613 = CARTESIAN_POINT('',(-0.299977573555,-7.014404597719E-006,
    4.982671427964));
#2614 = CARTESIAN_POINT('',(-0.299946680327,-1.131577685737E-005,
    4.984968540451));
#2615 = CARTESIAN_POINT('',(-0.299925974158,-1.419876926454E-005,
    4.986508178841));
#2616 = CARTESIAN_POINT('',(-0.299896393899,-2.00300716516E-005,
    4.98805069684));
#2617 = CARTESIAN_POINT('',(-0.29985415467,-2.056458548426E-005,
    4.989520192726));
#2618 = CARTESIAN_POINT('',(-0.299752561146,-2.185019476418E-005,
    4.99305461491));
#2619 = CARTESIAN_POINT('',(-0.299571376255,-1.977857110056E-005,
    4.996669286017));
#2620 = CARTESIAN_POINT('',(-0.299208416612,-1.590071765458E-005,
    5.000146789954));
#2621 = CARTESIAN_POINT('',(-0.298904532668,-1.265402777013E-005,
    5.003058291643));
#2622 = CARTESIAN_POINT('',(-0.298472008621,-6.313641020947E-006,
    5.005874040664));
#2623 = CARTESIAN_POINT('',(-0.297844016104,-5.613640522561E-006,
    5.008439841816));
#2624 = CARTESIAN_POINT('',(-0.297692388866,-5.444627135907E-006,
    5.009059348149));
#2625 = CARTESIAN_POINT('',(-0.297529360789,-5.719985429393E-006,
    5.009664124492));
#2626 = CARTESIAN_POINT('',(-0.297354453352,-6.428902001636E-006,
    5.010251821674));
#2627 = CARTESIAN_POINT('',(-0.297001431078,-7.859735042518E-006,
    5.011437993049));
#2628 = CARTESIAN_POINT('',(-0.296474842773,-1.296038320677E-005,
    5.012982442071));
#2629 = CARTESIAN_POINT('',(-0.295721293871,-1.516859340332E-005,
    5.014475021365));
#2630 = CARTESIAN_POINT('',(-0.295273058124,-1.648210968006E-005,
    5.015362856772));
#2631 = CARTESIAN_POINT('',(-0.294744441038,-1.682187060529E-005,
    5.016231781082));
#2632 = CARTESIAN_POINT('',(-0.294131581338,-1.581176663023E-005,
    5.016989354478));
#2633 = CARTESIAN_POINT('',(-0.293575472206,-1.489519788896E-005,
    5.017676776873));
#2634 = CARTESIAN_POINT('',(-0.292916684401,-1.199288819898E-005,
    5.018313057179));
#2635 = CARTESIAN_POINT('',(-0.292156455037,-7.862638784765E-006,
    5.018758593932));
#2636 = CARTESIAN_POINT('',(-0.291831790904,-6.098771313456E-006,
    5.018948865199));
#2637 = CARTESIAN_POINT('',(-0.291488640037,-4.166088527045E-006,
    5.019104150191));
#2638 = CARTESIAN_POINT('',(-0.291128392273,-2.597166112975E-006,
    5.019212001271));
#2639 = CARTESIAN_POINT('',(-0.290789066057,-1.11935956292E-006,
    5.019313588852));
#2640 = CARTESIAN_POINT('',(-0.290441327954,3.33868298247E-012,
    5.019371044679));
#2641 = CARTESIAN_POINT('',(-0.290086898616,3.338684580537E-012,
    5.019379071587));
#2642 = B_SPLINE_SURFACE_WITH_KNOTS('',3,3,(
    (#2643,#2644,#2645,#2646)
    ,(#2647,#2648,#2649,#2650)
    ,(#2651,#2652,#2653,#2654)
    ,(#2655,#2656,#2657,#2658)
    ,(#2659,#2660,#2661,#2662
  )),.UNSPECIFIED.,.F.,.F.,.F.,(4,1,4),(4,4),(0.E+000,0.571428571429,1.)
  ,(-4.726795309471E-003,0.E+000),.UNSPECIFIED.);
#2643 = CARTESIAN_POINT('',(-0.290086898616,3.338684580537E-012,
    5.019379071587));
#2644 = CARTESIAN_POINT('',(-0.29009334713,6.546831178433E-003,
    5.003623349149));
#2645 = CARTESIAN_POINT('',(-0.290097073014,1.001332669219E-002,
    4.986245295668));
#2646 = CARTESIAN_POINT('',(-0.290097073014,1.001332669219E-002,
    4.969185167249));
#2647 = CARTESIAN_POINT('',(-0.293062226949,-2.387689758871E-005,
    5.019369150145));
#2648 = CARTESIAN_POINT('',(-0.29306742413,6.521404792898E-003,
    5.003612033209));
#2649 = CARTESIAN_POINT('',(-0.293070435527,9.984462006078E-003,
    4.986245584527));
#2650 = CARTESIAN_POINT('',(-0.293070435527,9.984462006078E-003,
    4.969185167249));
#2651 = CARTESIAN_POINT('',(-0.298197922884,-2.353339158426E-003,
    5.018401201035));
#2652 = CARTESIAN_POINT('',(-0.298199483295,4.062513247002E-003,
    5.002952846414));
#2653 = CARTESIAN_POINT('',(-0.298200366375,7.460125171285E-003,
    4.98591060246));
#2654 = CARTESIAN_POINT('',(-0.298200366375,7.460125171285E-003,
    4.969185167249));
#2655 = CARTESIAN_POINT('',(-0.3,-7.17340515414E-003,5.016398344552));
#2656 = CARTESIAN_POINT('',(-0.299999983744,-1.016365372245E-003,
    5.001578458104));
#2657 = CARTESIAN_POINT('',(-0.3,2.243924823121E-003,4.985231422874));
#2658 = CARTESIAN_POINT('',(-0.3,2.243924823121E-003,4.969185167249));
#2659 = CARTESIAN_POINT('',(-0.3,-9.234160142372E-003,5.015542049951));
#2660 = CARTESIAN_POINT('',(-0.3,-3.187738729574E-003,5.000990757586));
#2661 = CARTESIAN_POINT('',(-0.3,1.379786179772E-005,4.984941151614));
#2662 = CARTESIAN_POINT('',(-0.3,1.379786179779E-005,4.969185167249));
#2663 = ADVANCED_FACE('',(#2664),#2701,.T.);
#2664 = FACE_BOUND('',#2665,.T.);
#2665 = EDGE_LOOP('',(#2666,#2667,#2682,#2694));
#2666 = ORIENTED_EDGE('',*,*,#2591,.F.);
#2667 = ORIENTED_EDGE('',*,*,#2668,.T.);
#2668 = EDGE_CURVE('',#2592,#2669,#2671,.T.);
#2669 = VERTEX_POINT('',#2670);
#2670 = CARTESIAN_POINT('',(-6.85826965227E-004,3.374540230583E-012,
    5.099999921769));
#2671 = B_SPLINE_CURVE_WITH_KNOTS('',3,(#2672,#2673,#2674,#2675,#2676,
    #2677,#2678,#2679,#2680,#2681),.UNSPECIFIED.,.F.,.F.,(4,2,2,2,4),(
    6.64626633013E-003,7.206673739195E-003,1.236804774549E-002,
    2.517910795468E-002,3.109681929763E-002),.UNSPECIFIED.);
#2672 = CARTESIAN_POINT('',(-0.290086898616,3.339972754164E-012,
    5.019379071587));
#2673 = CARTESIAN_POINT('',(-0.288502210766,3.339972754164E-012,
    5.019414960668));
#2674 = CARTESIAN_POINT('',(-0.286915232735,3.339967191707E-012,
    5.019481810297));
#2675 = CARTESIAN_POINT('',(-0.270660935414,3.339967191707E-012,
    5.020481274855));
#2676 = CARTESIAN_POINT('',(-0.256146188184,3.339967191707E-012,
    5.023968140171));
#2677 = CARTESIAN_POINT('',(-0.199763342961,3.339967191707E-012,
    5.04325159374));
#2678 = CARTESIAN_POINT('',(-0.151304739312,3.340210052993E-012,
    5.069020003637));
#2679 = CARTESIAN_POINT('',(-6.820070073339E-002,3.340210052993E-012,
    5.0930498172));
#2680 = CARTESIAN_POINT('',(-3.563663075637E-002,3.339984718435E-012,
    5.099999921769));
#2681 = CARTESIAN_POINT('',(-6.858269652442E-004,3.339982528442E-012,
    5.099999921769));
#2682 = ORIENTED_EDGE('',*,*,#2683,.F.);
#2683 = EDGE_CURVE('',#2684,#2669,#2686,.T.);
#2684 = VERTEX_POINT('',#2685);
#2685 = CARTESIAN_POINT('',(-9.307732067334E-002,9.260837916202E-002,
    4.969185167249));
#2686 = B_SPLINE_CURVE_WITH_KNOTS('',3,(#2687,#2688,#2689,#2690,#2691,
    #2692,#2693),.UNSPECIFIED.,.F.,.F.,(4,1,1,1,4),(0.E+000,
    0.285714285714,0.5,0.785714285714,1.),.UNSPECIFIED.);
#2687 = CARTESIAN_POINT('',(-9.307732067334E-002,9.260837916202E-002,
    4.969185167249));
#2688 = CARTESIAN_POINT('',(-9.307732067334E-002,9.260837916202E-002,
    4.986804214868));
#2689 = CARTESIAN_POINT('',(-8.847716597288E-002,8.799742577669E-002,
    5.020472933783));
#2690 = CARTESIAN_POINT('',(-6.533127515175E-002,6.479720087396E-002,
    5.068108679985));
#2691 = CARTESIAN_POINT('',(-3.328178621532E-002,3.267247700444E-002,
    5.095360159185));
#2692 = CARTESIAN_POINT('',(-1.001877721167E-002,9.354858988786E-003,
    5.099999921769));
#2693 = CARTESIAN_POINT('',(-6.858269652442E-004,3.391843398092E-012,
    5.099999921769));
#2694 = ORIENTED_EDGE('',*,*,#2695,.T.);
#2695 = EDGE_CURVE('',#2684,#2459,#2696,.T.);
#2696 = B_SPLINE_CURVE_WITH_KNOTS('',3,(#2697,#2698,#2699,#2700),
  .UNSPECIFIED.,.F.,.F.,(4,4),(-3.313598574471E-002,-1.117233684116E-003
    ),.PIECEWISE_BEZIER_KNOTS.);
#2697 = CARTESIAN_POINT('',(-9.307732067334E-002,9.260837916202E-002,
    4.969185167249));
#2698 = CARTESIAN_POINT('',(-0.144777387884,4.102939162522E-002,
    4.969185167249));
#2699 = CARTESIAN_POINT('',(-0.217119967318,1.072281338201E-002,
    4.969185167249));
#2700 = CARTESIAN_POINT('',(-0.290097073163,1.001332729099E-002,
    4.969185167249));
#2701 = B_SPLINE_SURFACE_WITH_KNOTS('',3,3,(
    (#2702,#2703,#2704,#2705)
    ,(#2706,#2707,#2708,#2709)
    ,(#2710,#2711,#2712,#2713)
    ,(#2714,#2715,#2716,#2717)
    ,(#2718,#2719,#2720,#2721)
    ,(#2722,#2723,#2724,#2725)
    ,(#2726,#2727,#2728,#2729
    )),.UNSPECIFIED.,.F.,.F.,.F.,(4,1,1,1,4),(4,4),(0.E+000,
    0.285714285714,0.5,0.785714285714,1.),(1.104941550279E-003,
    3.313598574471E-002),.UNSPECIFIED.);
#2702 = CARTESIAN_POINT('',(-0.290181122098,1.001252325364E-002,
    4.969185167249));
#2703 = CARTESIAN_POINT('',(-0.217175515603,1.0699546871E-002,
    4.969185167249));
#2704 = CARTESIAN_POINT('',(-0.144797235758,4.100959023456E-002,
    4.969185167249));
#2705 = CARTESIAN_POINT('',(-9.307732067334E-002,9.260837916202E-002,
    4.969185167249));
#2706 = CARTESIAN_POINT('',(-0.290181122098,1.001252325364E-002,
    4.986804214868));
#2707 = CARTESIAN_POINT('',(-0.21719200204,1.06993917244E-002,
    4.986804214868));
#2708 = CARTESIAN_POINT('',(-0.144785556146,4.102124249312E-002,
    4.986804214868));
#2709 = CARTESIAN_POINT('',(-9.307732067334E-002,9.260837916202E-002,
    4.986804214868));
#2710 = CARTESIAN_POINT('',(-0.290119826907,3.499075252976E-003,
    5.02047339111));
#2711 = CARTESIAN_POINT('',(-0.21543017511,4.201946679168E-003,
    5.02047339111));
#2712 = CARTESIAN_POINT('',(-0.141389772468,3.520803954687E-002,
    5.02047339111));
#2713 = CARTESIAN_POINT('',(-8.847681640822E-002,8.799707539145E-002,
    5.02047339111));
#2714 = CARTESIAN_POINT('',(-0.289811445335,-2.927066230262E-002,
    5.068108900389));
#2715 = CARTESIAN_POINT('',(-0.206666779712,-2.848822446416E-002,
    5.068108900389));
#2716 = CARTESIAN_POINT('',(-0.124234074905,6.032337673598E-003,
    5.068108900389));
#2717 = CARTESIAN_POINT('',(-6.533126932228E-002,6.47971950308E-002,
    5.068108900389));
#2718 = CARTESIAN_POINT('',(-0.289384435219,-7.464629674192E-002,
    5.095361000357));
#2719 = CARTESIAN_POINT('',(-0.194527365793,-7.375363862841E-002,
    5.095361000357));
#2720 = CARTESIAN_POINT('',(-0.100482381569,-3.437017143466E-002,
    5.095361000357));
#2721 = CARTESIAN_POINT('',(-3.328206899873E-002,3.267276045167E-002,
    5.095361000357));
#2722 = CARTESIAN_POINT('',(-0.289074484867,-0.107582738629,
    5.099999921769));
#2723 = CARTESIAN_POINT('',(-0.185704268155,-0.106609967035,
    5.099999921769));
#2724 = CARTESIAN_POINT('',(-8.325012323096E-002,-6.370498188574E-002,
    5.099999921769));
#2725 = CARTESIAN_POINT('',(-1.001877721167E-002,9.354858988786E-003,
    5.099999921769));
#2726 = CARTESIAN_POINT('',(-0.288950136549,-0.120796439263,
    5.099999921769));
#2727 = CARTESIAN_POINT('',(-0.182179437049,-0.119791667222,
    5.099999921769));
#2728 = CARTESIAN_POINT('',(-7.632620277644E-002,-7.546322880302E-002,
    5.099999921769));
#2729 = CARTESIAN_POINT('',(-6.858269652441E-004,3.391825908384E-012,
    5.099999921769));
#2730 = ADVANCED_FACE('',(#2731),#2780,.F.);
#2731 = FACE_BOUND('',#2732,.F.);
#2732 = EDGE_LOOP('',(#2733,#2734,#2743,#2751,#2760,#2775,#2776,#2777,
    #2778,#2779));
#2733 = ORIENTED_EDGE('',*,*,#2668,.T.);
#2734 = ORIENTED_EDGE('',*,*,#2735,.T.);
#2735 = EDGE_CURVE('',#2669,#2736,#2738,.T.);
#2736 = VERTEX_POINT('',#2737);
#2737 = CARTESIAN_POINT('',(-2.925233947098E-004,2.925233980496E-004,
    5.099999921769));
#2738 = B_SPLINE_CURVE_WITH_KNOTS('',3,(#2739,#2740,#2741,#2742),
  .UNSPECIFIED.,.F.,.F.,(4,4),(3.313598574471E-002,3.318444641003E-002),
  .PIECEWISE_BEZIER_KNOTS.);
#2739 = CARTESIAN_POINT('',(-6.858269652442E-004,3.391843398092E-012,
    5.099999921769));
#2740 = CARTESIAN_POINT('',(-5.713885187644E-004,1.141704391986E-004,
    5.099999921769));
#2741 = CARTESIAN_POINT('',(-4.570169957307E-004,2.284079568933E-004,
    5.099999921769));
#2742 = CARTESIAN_POINT('',(-3.427124746421E-004,3.427124779819E-004,
    5.099999921769));
#2743 = ORIENTED_EDGE('',*,*,#2744,.T.);
#2744 = EDGE_CURVE('',#2736,#2745,#2747,.T.);
#2745 = VERTEX_POINT('',#2746);
#2746 = CARTESIAN_POINT('',(-2.925233947097E-004,2.925233980497E-004,
    3.499999921769));
#2747 = LINE('',#2748,#2749);
#2748 = CARTESIAN_POINT('',(0.E+000,3.339967191707E-012,5.099999921769)
  );
#2749 = VECTOR('',#2750,1.);
#2750 = DIRECTION('',(0.E+000,0.E+000,-1.));
#2751 = ORIENTED_EDGE('',*,*,#2752,.T.);
#2752 = EDGE_CURVE('',#2745,#2753,#2755,.T.);
#2753 = VERTEX_POINT('',#2754);
#2754 = CARTESIAN_POINT('',(-6.858269652268E-004,3.374592272287E-012,
    3.499999921769));
#2755 = B_SPLINE_CURVE_WITH_KNOTS('',3,(#2756,#2757,#2758,#2759),
  .UNSPECIFIED.,.F.,.F.,(4,4),(-3.318443682506E-002,-3.313597616036E-002
    ),.PIECEWISE_BEZIER_KNOTS.);
#2756 = CARTESIAN_POINT('',(-3.42712474642E-004,3.42712477982E-004,
    3.499999921769));
#2757 = CARTESIAN_POINT('',(-4.570169942818E-004,2.284079583422E-004,
    3.499999921769));
#2758 = CARTESIAN_POINT('',(-5.713885173138E-004,1.141704406458E-004,
    3.499999921769));
#2759 = CARTESIAN_POINT('',(-6.858269652442E-004,3.391839700288E-012,
    3.499999921769));
#2760 = ORIENTED_EDGE('',*,*,#2761,.T.);
#2761 = EDGE_CURVE('',#2753,#2519,#2762,.T.);
#2762 = B_SPLINE_CURVE_WITH_KNOTS('',3,(#2763,#2764,#2765,#2766,#2767,
    #2768,#2769,#2770,#2771,#2772,#2773,#2774),.UNSPECIFIED.,.F.,.F.,(4,
    2,2,2,2,4),(0.E+000,1.209627812245E-002,2.572982682123E-002,
    3.780179082431E-002,4.113153566165E-002,4.124857541793E-002),
  .UNSPECIFIED.);
#2763 = CARTESIAN_POINT('',(-6.858269652441E-004,3.339967946666E-012,
    3.499999921769));
#2764 = CARTESIAN_POINT('',(-4.100675404007E-002,3.339970184927E-012,
    3.499999921769));
#2765 = CARTESIAN_POINT('',(-7.927521615082E-002,3.340140664054E-012,
    3.509289555121));
#2766 = CARTESIAN_POINT('',(-0.1460292845,3.340140664054E-012,
    3.531080914565));
#2767 = CARTESIAN_POINT('',(-0.177951825658,3.339637594246E-012,
    3.545572773415));
#2768 = CARTESIAN_POINT('',(-0.231112364678,3.339637594246E-012,
    3.567815039175));
#2769 = CARTESIAN_POINT('',(-0.252142327069,3.244401275415E-012,
    3.575722112543));
#2770 = CARTESIAN_POINT('',(-0.278170644022,3.244401275415E-012,
    3.579893843217));
#2771 = CARTESIAN_POINT('',(-0.283785603583,3.339967191707E-012,
    3.580448487046));
#2772 = CARTESIAN_POINT('',(-0.289686256523,3.339967191707E-012,
    3.580611204603));
#2773 = CARTESIAN_POINT('',(-0.289886589992,3.339801042506E-012,
    3.580616235478));
#2774 = CARTESIAN_POINT('',(-0.290086898616,3.339801042845E-012,
    3.580620771951));
#2775 = ORIENTED_EDGE('',*,*,#2536,.T.);
#2776 = ORIENTED_EDGE('',*,*,#2528,.T.);
#2777 = ORIENTED_EDGE('',*,*,#2478,.T.);
#2778 = ORIENTED_EDGE('',*,*,#2581,.T.);
#2779 = ORIENTED_EDGE('',*,*,#2600,.T.);
#2780 = PLANE('',#2781);
#2781 = AXIS2_PLACEMENT_3D('',#2782,#2783,#2784);
#2782 = CARTESIAN_POINT('',(-5.E-003,3.339967191707E-012,4.299999921769)
  );
#2783 = DIRECTION('',(0.E+000,1.,0.E+000));
#2784 = DIRECTION('',(1.,0.E+000,0.E+000));
#2785 = ADVANCED_FACE('',(#2786),#2823,.F.);
#2786 = FACE_BOUND('',#2787,.F.);
#2787 = EDGE_LOOP('',(#2788,#2798,#2807,#2816));
#2788 = ORIENTED_EDGE('',*,*,#2789,.F.);
#2789 = EDGE_CURVE('',#2790,#2792,#2794,.T.);
#2790 = VERTEX_POINT('',#2791);
#2791 = CARTESIAN_POINT('',(0.E+000,0.300000000003,4.969185167249));
#2792 = VERTEX_POINT('',#2793);
#2793 = CARTESIAN_POINT('',(0.E+000,0.300000000003,3.630814676288));
#2794 = LINE('',#2795,#2796);
#2795 = CARTESIAN_POINT('',(0.E+000,0.300000000003,5.099999921769));
#2796 = VECTOR('',#2797,1.);
#2797 = DIRECTION('',(0.E+000,0.E+000,-1.));
#2798 = ORIENTED_EDGE('',*,*,#2799,.F.);
#2799 = EDGE_CURVE('',#2800,#2790,#2802,.T.);
#2800 = VERTEX_POINT('',#2801);
#2801 = CARTESIAN_POINT('',(-1.001332668886E-002,0.290097073017,
    4.969185167249));
#2802 = CIRCLE('',#2803,1.E-002);
#2803 = AXIS2_PLACEMENT_3D('',#2804,#2805,#2806);
#2804 = CARTESIAN_POINT('',(-1.379785845794E-005,0.290000000003,
    4.969185167249));
#2805 = DIRECTION('',(0.E+000,0.E+000,-1.));
#2806 = DIRECTION('',(-0.99995288304,9.707301406262E-003,0.E+000));
#2807 = ORIENTED_EDGE('',*,*,#2808,.F.);
#2808 = EDGE_CURVE('',#2809,#2800,#2811,.T.);
#2809 = VERTEX_POINT('',#2810);
#2810 = CARTESIAN_POINT('',(-1.001332668885E-002,0.290097073017,
    3.630814676288));
#2811 = B_SPLINE_CURVE_WITH_KNOTS('',3,(#2812,#2813,#2814,#2815),
  .UNSPECIFIED.,.F.,.F.,(4,4),(-0.207543919395,-7.370687029928E-002),
  .PIECEWISE_BEZIER_KNOTS.);
#2812 = CARTESIAN_POINT('',(-1.001332668885E-002,0.290097073017,
    3.630814676288));
#2813 = CARTESIAN_POINT('',(-1.001332668885E-002,0.290097073017,
    4.076938173275));
#2814 = CARTESIAN_POINT('',(-1.001332668885E-002,0.290097073017,
    4.523061670262));
#2815 = CARTESIAN_POINT('',(-1.001332668885E-002,0.290097073017,
    4.969185167249));
#2816 = ORIENTED_EDGE('',*,*,#2817,.F.);
#2817 = EDGE_CURVE('',#2792,#2809,#2818,.T.);
#2818 = CIRCLE('',#2819,1.E-002);
#2819 = AXIS2_PLACEMENT_3D('',#2820,#2821,#2822);
#2820 = CARTESIAN_POINT('',(-1.379785845794E-005,0.290000000003,
    3.630814676288));
#2821 = DIRECTION('',(-5.497487800399E-014,5.551115123126E-014,1.));
#2822 = DIRECTION('',(0.E+000,1.,-5.551115123126E-014));
#2823 = B_SPLINE_SURFACE_WITH_KNOTS('',3,3,(
    (#2824,#2825,#2826,#2827)
    ,(#2828,#2829,#2830,#2831)
    ,(#2832,#2833,#2834,#2835)
    ,(#2836,#2837,#2838,#2839)
    ,(#2840,#2841,#2842,#2843
  )),.UNSPECIFIED.,.F.,.F.,.F.,(4,1,4),(4,4),(0.E+000,0.571428571429,1.)
  ,(-0.207543919395,-7.370687029928E-002),.UNSPECIFIED.);
#2824 = CARTESIAN_POINT('',(-1.001332668885E-002,0.290097073017,
    3.630814676288));
#2825 = CARTESIAN_POINT('',(-1.001332668885E-002,0.290097073017,
    4.076938173275));
#2826 = CARTESIAN_POINT('',(-1.001332668885E-002,0.290097073017,
    4.523061670262));
#2827 = CARTESIAN_POINT('',(-1.001332668885E-002,0.290097073017,
    4.969185167249));
#2828 = CARTESIAN_POINT('',(-9.984462002738E-003,0.29307043553,
    3.630814676288));
#2829 = CARTESIAN_POINT('',(-9.984462002738E-003,0.29307043553,
    4.076938173275));
#2830 = CARTESIAN_POINT('',(-9.984462002738E-003,0.29307043553,
    4.523061670262));
#2831 = CARTESIAN_POINT('',(-9.984462002738E-003,0.29307043553,
    4.969185167249));
#2832 = CARTESIAN_POINT('',(-7.460144710878E-003,0.29820039003,
    3.630814676288));
#2833 = CARTESIAN_POINT('',(-7.460144710878E-003,0.29820039003,
    4.076938173275));
#2834 = CARTESIAN_POINT('',(-7.460144710878E-003,0.29820039003,
    4.523061670262));
#2835 = CARTESIAN_POINT('',(-7.460144710878E-003,0.29820039003,
    4.969185167249));
#2836 = CARTESIAN_POINT('',(-2.243924819781E-003,0.300000000003,
    3.630814676288));
#2837 = CARTESIAN_POINT('',(-2.243924819781E-003,0.300000000003,
    4.076938173275));
#2838 = CARTESIAN_POINT('',(-2.243924819781E-003,0.300000000003,
    4.523061670262));
#2839 = CARTESIAN_POINT('',(-2.243924819781E-003,0.300000000003,
    4.969185167249));
#2840 = CARTESIAN_POINT('',(-1.379785845782E-005,0.300000000003,
    3.630814676288));
#2841 = CARTESIAN_POINT('',(-1.379785845782E-005,0.300000000003,
    4.076938173275));
#2842 = CARTESIAN_POINT('',(-1.379785845782E-005,0.300000000003,
    4.523061670262));
#2843 = CARTESIAN_POINT('',(-1.379785845782E-005,0.300000000003,
    4.969185167249));
#2844 = ADVANCED_FACE('',(#2845),#2908,.F.);
#2845 = FACE_BOUND('',#2846,.F.);
#2846 = EDGE_LOOP('',(#2847,#2855,#2856,#2865));
#2847 = ORIENTED_EDGE('',*,*,#2848,.F.);
#2848 = EDGE_CURVE('',#2792,#2849,#2851,.T.);
#2849 = VERTEX_POINT('',#2850);
#2850 = CARTESIAN_POINT('',(3.339967191707E-012,0.300000000003,
    3.628988854847));
#2851 = LINE('',#2852,#2853);
#2852 = CARTESIAN_POINT('',(0.E+000,0.300000000003,5.099999921769));
#2853 = VECTOR('',#2854,1.);
#2854 = DIRECTION('',(0.E+000,0.E+000,-1.));
#2855 = ORIENTED_EDGE('',*,*,#2817,.T.);
#2856 = ORIENTED_EDGE('',*,*,#2857,.F.);
#2857 = EDGE_CURVE('',#2858,#2809,#2860,.T.);
#2858 = VERTEX_POINT('',#2859);
#2859 = CARTESIAN_POINT('',(-2.775557561563E-016,0.29008689862,
    3.580620771951));
#2860 = B_SPLINE_CURVE_WITH_KNOTS('',3,(#2861,#2862,#2863,#2864),
  .UNSPECIFIED.,.F.,.F.,(4,4),(-4.726795309471E-003,0.E+000),
  .PIECEWISE_BEZIER_KNOTS.);
#2861 = CARTESIAN_POINT('',(-3.610393234377E-016,0.29008689862,
    3.580620771951));
#2862 = CARTESIAN_POINT('',(-6.546831175094E-003,0.290093347133,
    3.596376494389));
#2863 = CARTESIAN_POINT('',(-1.001332668885E-002,0.290097073017,
    3.61375454787));
#2864 = CARTESIAN_POINT('',(-1.001332668885E-002,0.290097073017,
    3.630814676288));
#2865 = ORIENTED_EDGE('',*,*,#2866,.F.);
#2866 = EDGE_CURVE('',#2849,#2858,#2867,.T.);
#2867 = B_SPLINE_CURVE_WITH_KNOTS('',3,(#2868,#2869,#2870,#2871,#2872,
    #2873,#2874,#2875,#2876,#2877,#2878,#2879,#2880,#2881,#2882,#2883,
    #2884,#2885,#2886,#2887,#2888,#2889,#2890,#2891,#2892,#2893,#2894,
    #2895,#2896,#2897,#2898,#2899,#2900,#2901,#2902,#2903,#2904,#2905,
    #2906,#2907),.UNSPECIFIED.,.F.,.F.,(4,3,3,3,3,3,3,3,3,3,3,3,3,4),(
    0.E+000,2.078030896436E-004,5.593380084146E-004,5.824108909144E-004,
    1.065259083999E-003,1.38887910374E-003,2.166992989658E-003,
    2.818951667049E-003,2.976300890978E-003,3.293859329547E-003,
    3.482794124473E-003,3.654210554597E-003,3.72741578625E-003,
    3.796369591656E-003),.UNSPECIFIED.);
#2868 = CARTESIAN_POINT('',(4.930816234492E-007,0.300000000003,
    3.628988862009));
#2869 = CARTESIAN_POINT('',(8.521496966206E-007,0.300000000003,
    3.628296193133));
#2870 = CARTESIAN_POINT('',(1.643607738241E-006,0.299999982959,
    3.62729161092));
#2871 = CARTESIAN_POINT('',(2.491575509459E-006,0.29999978573,
    3.626467178244));
#2872 = CARTESIAN_POINT('',(3.92605986716E-006,0.299999452081,
    3.625072507578));
#2873 = CARTESIAN_POINT('',(5.533106368317E-006,0.299998514118,
    3.623451418555));
#2874 = CARTESIAN_POINT('',(8.197403157114E-006,0.299995012916,
    3.621950417703));
#2875 = CARTESIAN_POINT('',(8.3722734288E-006,0.299994783116,
    3.621851899989));
#2876 = CARTESIAN_POINT('',(8.532900339817E-006,0.299994542333,
    3.621753901665));
#2877 = CARTESIAN_POINT('',(8.67167272606E-006,0.299994290085,
    3.621656521526));
#2878 = CARTESIAN_POINT('',(1.157577436781E-005,0.299989011267,
    3.619618639005));
#2879 = CARTESIAN_POINT('',(7.007477032664E-006,0.299977581768,
    3.617328365734));
#2880 = CARTESIAN_POINT('',(1.130062227695E-005,0.299946698207,
    3.615031227059));
#2881 = CARTESIAN_POINT('',(1.417802301822E-005,0.299925999075,
    3.613491612591));
#2882 = CARTESIAN_POINT('',(2.000140157782E-005,0.299896428815,
    3.6119491193));
#2883 = CARTESIAN_POINT('',(2.052574093474E-005,0.299854203108,
    3.610479644862));
#2884 = CARTESIAN_POINT('',(2.178646557991E-005,0.299752675369,
    3.606946431848));
#2885 = CARTESIAN_POINT('',(1.967314507921E-005,0.299571634161,
    3.603333020105));
#2886 = CARTESIAN_POINT('',(1.574714698258E-005,0.299208992114,
    3.599856593952));
#2887 = CARTESIAN_POINT('',(1.245766896035E-005,0.298905145037,
    3.596943799003));
#2888 = CARTESIAN_POINT('',(6.064752253031E-006,0.298472588518,
    3.594126769785));
#2889 = CARTESIAN_POINT('',(5.350523371314E-006,0.297844357649,
    3.591559904873));
#2890 = CARTESIAN_POINT('',(5.178145329358E-006,0.297692735094,
    3.590940395975));
#2891 = CARTESIAN_POINT('',(5.45240602767E-006,0.297529708741,
    3.590335617975));
#2892 = CARTESIAN_POINT('',(6.1624366037E-006,0.297354800117,
    3.589747920117));
#2893 = CARTESIAN_POINT('',(7.595403322129E-006,0.297001803717,
    3.588561842365));
#2894 = CARTESIAN_POINT('',(1.270894428015E-005,0.296475254754,
    3.587017548923));
#2895 = CARTESIAN_POINT('',(1.495284804935E-005,0.295721756177,
    3.585525093491));
#2896 = CARTESIAN_POINT('',(1.628788263504E-005,0.295273454127,
    3.584637141144));
#2897 = CARTESIAN_POINT('',(1.665655958981E-005,0.294744740035,
    3.583768096303));
#2898 = CARTESIAN_POINT('',(1.567851916429E-005,0.294131755737,
    3.583010434017));
#2899 = CARTESIAN_POINT('',(1.479116435849E-005,0.293575608415,
    3.582323023503));
#2900 = CARTESIAN_POINT('',(1.192321930908E-005,0.292916775626,
    3.581686757429));
#2901 = CARTESIAN_POINT('',(7.820967631718E-006,0.292156509606,
    3.581241232296));
#2902 = CARTESIAN_POINT('',(6.069056895245E-006,0.291831829819,
    3.581050965991));
#2903 = CARTESIAN_POINT('',(4.147020641312E-006,0.291488665012,
    3.580895685422));
#2904 = CARTESIAN_POINT('',(2.585704341605E-006,0.291128407288,
    3.580787837503));
#2905 = CARTESIAN_POINT('',(1.115062177443E-006,0.290789071692,
    3.580686252899));
#2906 = CARTESIAN_POINT('',(-3.627401004126E-016,0.290441327957,
    3.580628798858));
#2907 = CARTESIAN_POINT('',(-3.610393234377E-016,0.29008689862,
    3.580620771951));
#2908 = B_SPLINE_SURFACE_WITH_KNOTS('',3,3,(
    (#2909,#2910,#2911,#2912)
    ,(#2913,#2914,#2915,#2916)
    ,(#2917,#2918,#2919,#2920)
    ,(#2921,#2922,#2923,#2924)
    ,(#2925,#2926,#2927,#2928
  )),.UNSPECIFIED.,.F.,.F.,.F.,(4,1,4),(4,4),(0.E+000,0.571428571429,1.)
  ,(-4.726795309471E-003,0.E+000),.UNSPECIFIED.);
#2909 = CARTESIAN_POINT('',(-3.610393234377E-016,0.29008689862,
    3.580620771951));
#2910 = CARTESIAN_POINT('',(-6.546831175094E-003,0.290093347133,
    3.596376494389));
#2911 = CARTESIAN_POINT('',(-1.001332668885E-002,0.290097073017,
    3.61375454787));
#2912 = CARTESIAN_POINT('',(-1.001332668885E-002,0.290097073017,
    3.630814676288));
#2913 = CARTESIAN_POINT('',(2.387690092704E-005,0.293062226952,
    3.580630693393));
#2914 = CARTESIAN_POINT('',(-6.521404789559E-003,0.293067424133,
    3.596387810329));
#2915 = CARTESIAN_POINT('',(-9.984462002738E-003,0.29307043553,
    3.613754259011));
#2916 = CARTESIAN_POINT('',(-9.984462002738E-003,0.29307043553,
    3.630814676288));
#2917 = CARTESIAN_POINT('',(2.352806482342E-003,0.298198620357,
    3.581598421161));
#2918 = CARTESIAN_POINT('',(-4.063045923086E-003,0.298200180768,
    3.597046775782));
#2919 = CARTESIAN_POINT('',(-7.460700269579E-003,0.298201062379,
    3.614089241078));
#2920 = CARTESIAN_POINT('',(-7.46070026958E-003,0.298201062379,
    3.630814676288));
#2921 = CARTESIAN_POINT('',(7.173405157478E-003,0.300000000003,
    3.583601498986));
#2922 = CARTESIAN_POINT('',(1.016365375583E-003,0.299999983748,
    3.598421385433));
#2923 = CARTESIAN_POINT('',(-2.243924819781E-003,0.300000000003,
    3.614768420664));
#2924 = CARTESIAN_POINT('',(-2.243924819781E-003,0.300000000003,
    3.630814676288));
#2925 = CARTESIAN_POINT('',(9.234160145711E-003,0.300000000003,
    3.584457793586));
#2926 = CARTESIAN_POINT('',(3.187738732913E-003,0.300000000003,
    3.599009085952));
#2927 = CARTESIAN_POINT('',(-1.37978584578E-005,0.300000000003,
    3.615058691924));
#2928 = CARTESIAN_POINT('',(-1.379785845782E-005,0.300000000003,
    3.630814676288));
#2929 = ADVANCED_FACE('',(#2930),#2971,.F.);
#2930 = FACE_BOUND('',#2931,.F.);
#2931 = EDGE_LOOP('',(#2932,#2941,#2942,#2950));
#2932 = ORIENTED_EDGE('',*,*,#2933,.F.);
#2933 = EDGE_CURVE('',#2800,#2934,#2936,.T.);
#2934 = VERTEX_POINT('',#2935);
#2935 = CARTESIAN_POINT('',(-1.387778780781E-016,0.29008689862,
    5.019379071587));
#2936 = B_SPLINE_CURVE_WITH_KNOTS('',3,(#2937,#2938,#2939,#2940),
  .UNSPECIFIED.,.F.,.F.,(4,4),(-1.886076001984E-002,-1.413396471037E-002
    ),.PIECEWISE_BEZIER_KNOTS.);
#2937 = CARTESIAN_POINT('',(-1.001332668885E-002,0.290097073017,
    4.969185167249));
#2938 = CARTESIAN_POINT('',(-1.001332668885E-002,0.290097073017,
    4.986245295668));
#2939 = CARTESIAN_POINT('',(-6.546831175093E-003,0.290093347133,
    5.003623349149));
#2940 = CARTESIAN_POINT('',(9.996344030316E-016,0.29008689862,
    5.019379071587));
#2941 = ORIENTED_EDGE('',*,*,#2799,.T.);
#2942 = ORIENTED_EDGE('',*,*,#2943,.F.);
#2943 = EDGE_CURVE('',#2944,#2790,#2946,.T.);
#2944 = VERTEX_POINT('',#2945);
#2945 = CARTESIAN_POINT('',(3.339967191707E-012,0.300000000003,
    4.971010988691));
#2946 = LINE('',#2947,#2948);
#2947 = CARTESIAN_POINT('',(0.E+000,0.300000000003,5.099999921769));
#2948 = VECTOR('',#2949,1.);
#2949 = DIRECTION('',(0.E+000,0.E+000,-1.));
#2950 = ORIENTED_EDGE('',*,*,#2951,.F.);
#2951 = EDGE_CURVE('',#2934,#2944,#2952,.T.);
#2952 = B_SPLINE_CURVE_WITH_KNOTS('',3,(#2953,#2954,#2955,#2956,#2957,
    #2958,#2959,#2960,#2961,#2962,#2963,#2964,#2965,#2966,#2967,#2968,
    #2969,#2970),.UNSPECIFIED.,.F.,.F.,(4,2,2,2,2,2,2,2,4),(0.E+000,
    1.545141780894E-004,3.502037023686E-004,6.805502176837E-004,
    1.464372648899E-003,4.296343870186E-003,4.718863213576E-003,
    4.862901334178E-003,4.980377992822E-003),.UNSPECIFIED.);
#2953 = CARTESIAN_POINT('',(-3.783865581974E-016,0.29008689862,
    5.019379071587));
#2954 = CARTESIAN_POINT('',(-3.78387451662E-016,0.290601813845,
    5.019367410089));
#2955 = CARTESIAN_POINT('',(-1.387778780781E-016,0.291099766262,
    5.019252549828));
#2956 = CARTESIAN_POINT('',(-1.387778780781E-016,0.292177420107,
    5.018802063281));
#2957 = CARTESIAN_POINT('',(2.081668171172E-016,0.292723011973,
    5.018424616088));
#2958 = CARTESIAN_POINT('',(2.081668171172E-016,0.294026278358,
    5.017246252198));
#2959 = CARTESIAN_POINT('',(2.720046410332E-014,0.294707028024,
    5.016301767936));
#2960 = CARTESIAN_POINT('',(2.720046410332E-014,0.296572780002,
    5.013068821289));
#2961 = CARTESIAN_POINT('',(-1.457167719821E-015,0.297395744062,
    5.010319254313));
#2962 = CARTESIAN_POINT('',(-1.457167719821E-015,0.299738963877,
    5.00048021615));
#2963 = CARTESIAN_POINT('',(0.E+000,0.299956282043,4.990358351377));
#2964 = CARTESIAN_POINT('',(0.E+000,0.29999772145,4.977404441921));
#2965 = CARTESIAN_POINT('',(0.E+000,0.299999161358,4.975562892643));
#2966 = CARTESIAN_POINT('',(0.E+000,0.299999845688,4.973430309934));
#2967 = CARTESIAN_POINT('',(-6.938893903907E-017,0.29999992449,
    4.972873411209));
#2968 = CARTESIAN_POINT('',(-6.938893903907E-017,0.299999993884,
    4.971899208145));
#2969 = CARTESIAN_POINT('',(1.60121002031E-017,0.300000000003,
    4.971433621663));
#2970 = CARTESIAN_POINT('',(1.60121002031E-017,0.300000000003,
    4.971010988249));
#2971 = B_SPLINE_SURFACE_WITH_KNOTS('',3,3,(
    (#2972,#2973,#2974,#2975)
    ,(#2976,#2977,#2978,#2979)
    ,(#2980,#2981,#2982,#2983)
    ,(#2984,#2985,#2986,#2987)
    ,(#2988,#2989,#2990,#2991
  )),.UNSPECIFIED.,.F.,.F.,.F.,(4,1,4),(4,4),(0.E+000,0.571428571429,1.)
  ,(1.413396471037E-002,1.886076001984E-002),.UNSPECIFIED.);
#2972 = CARTESIAN_POINT('',(9.234160145712E-003,0.300000000003,
    5.015542049951));
#2973 = CARTESIAN_POINT('',(3.187738732914E-003,0.300000000003,
    5.000990757586));
#2974 = CARTESIAN_POINT('',(-1.379785845792E-005,0.300000000003,
    4.984941151614));
#2975 = CARTESIAN_POINT('',(-1.379785845783E-005,0.300000000003,
    4.969185167249));
#2976 = CARTESIAN_POINT('',(6.486486828069E-003,0.300000000003,
    5.016683776086));
#2977 = CARTESIAN_POINT('',(2.916777430077E-004,0.299999950159,
    5.001772105562));
#2978 = CARTESIAN_POINT('',(-2.987300473556E-003,0.300000000003,
    4.985330596563));
#2979 = CARTESIAN_POINT('',(-2.987300473555E-003,0.300000000003,
    4.969185167249));
#2980 = CARTESIAN_POINT('',(1.723860250287E-003,0.297522161566,
    5.018662765072));
#2981 = CARTESIAN_POINT('',(-4.726082152003E-003,0.297524347048,
    5.003131877036));
#2982 = CARTESIAN_POINT('',(-8.141494113669E-003,0.297525579893,
    4.985999853739));
#2983 = CARTESIAN_POINT('',(-8.141494113669E-003,0.297525579893,
    4.969185167249));
#2984 = CARTESIAN_POINT('',(1.790767569655E-005,0.292318394869,
    5.019371630506));
#2985 = CARTESIAN_POINT('',(-6.527016637852E-003,0.292323922501,
    5.003616732593));
#2986 = CARTESIAN_POINT('',(-9.991678174267E-003,0.292327094902,
    4.986243505618));
#2987 = CARTESIAN_POINT('',(-9.991678174267E-003,0.292327094902,
    4.969185167249));
#2988 = CARTESIAN_POINT('',(9.996344030316E-016,0.29008689862,
    5.019379071587));
#2989 = CARTESIAN_POINT('',(-6.546831175093E-003,0.290093347133,
    5.003623349149));
#2990 = CARTESIAN_POINT('',(-1.001332668885E-002,0.290097073017,
    4.986245295668));
#2991 = CARTESIAN_POINT('',(-1.001332668885E-002,0.290097073017,
    4.969185167249));
#2992 = ADVANCED_FACE('',(#2993),#3047,.T.);
#2993 = FACE_BOUND('',#2994,.T.);
#2994 = EDGE_LOOP('',(#2995,#2996,#3013,#3020,#3021,#3030,#3043,#3044,
    #3045,#3046));
#2995 = ORIENTED_EDGE('',*,*,#2951,.F.);
#2996 = ORIENTED_EDGE('',*,*,#2997,.F.);
#2997 = EDGE_CURVE('',#2998,#2934,#3000,.T.);
#2998 = VERTEX_POINT('',#2999);
#2999 = CARTESIAN_POINT('',(-3.469446951954E-014,6.858269685667E-004,
    5.099999921769));
#3000 = B_SPLINE_CURVE_WITH_KNOTS('',3,(#3001,#3002,#3003,#3004,#3005,
    #3006,#3007,#3008,#3009,#3010,#3011,#3012),.UNSPECIFIED.,.F.,.F.,(4,
    2,2,2,2,4),(0.E+000,1.209627812252E-002,2.572982682156E-002,
    3.78017908355E-002,4.113153506465E-002,4.124857541099E-002),
  .UNSPECIFIED.);
#3001 = CARTESIAN_POINT('',(2.076524949827E-018,6.858269685841E-004,
    5.099999921769));
#3002 = CARTESIAN_POINT('',(2.076524949827E-018,4.100675404365E-002,
    5.099999921769));
#3003 = CARTESIAN_POINT('',(6.938893903907E-017,7.927521615466E-002,
    5.090710288417));
#3004 = CARTESIAN_POINT('',(6.938893903907E-017,0.146029284504,
    5.068918928973));
#3005 = CARTESIAN_POINT('',(-2.775557561563E-016,0.177951825663,
    5.054427070122));
#3006 = CARTESIAN_POINT('',(-2.775557561563E-016,0.231112364706,
    5.032184804352));
#3007 = CARTESIAN_POINT('',(9.540979117872E-014,0.252142327111,
    5.02427773098));
#3008 = CARTESIAN_POINT('',(9.540979117872E-014,0.278170643052,
    5.020106000479));
#3009 = CARTESIAN_POINT('',(6.938893903907E-017,0.283785601605,
    5.019551356688));
#3010 = CARTESIAN_POINT('',(6.938893903907E-017,0.289686254507,
    5.019388638986));
#3011 = CARTESIAN_POINT('',(-6.110723096844E-019,0.289886588986,
    5.019383608082));
#3012 = CARTESIAN_POINT('',(-6.110723096844E-019,0.29008689862,
    5.019379071587));
#3013 = ORIENTED_EDGE('',*,*,#3014,.F.);
#3014 = EDGE_CURVE('',#2736,#2998,#3015,.T.);
#3015 = B_SPLINE_CURVE_WITH_KNOTS('',3,(#3016,#3017,#3018,#3019),
  .UNSPECIFIED.,.F.,.F.,(4,4),(3.318444641003E-002,3.323290707473E-002),
  .PIECEWISE_BEZIER_KNOTS.);
#3016 = CARTESIAN_POINT('',(-3.427124746421E-004,3.427124779819E-004,
    5.099999921769));
#3017 = CARTESIAN_POINT('',(-2.284079550023E-004,4.570169976217E-004,
    5.099999921769));
#3018 = CARTESIAN_POINT('',(-1.141704373059E-004,5.713885206537E-004,
    5.099999921769));
#3019 = CARTESIAN_POINT('',(-5.194846289247E-014,6.85826968584E-004,
    5.099999921769));
#3020 = ORIENTED_EDGE('',*,*,#2744,.T.);
#3021 = ORIENTED_EDGE('',*,*,#3022,.F.);
#3022 = EDGE_CURVE('',#3023,#2745,#3025,.T.);
#3023 = VERTEX_POINT('',#3024);
#3024 = CARTESIAN_POINT('',(-3.455569164146E-014,6.858269685669E-004,
    3.499999921769));
#3025 = B_SPLINE_CURVE_WITH_KNOTS('',3,(#3026,#3027,#3028,#3029),
  .UNSPECIFIED.,.F.,.F.,(4,4),(-3.323289749038E-002,-3.318443682506E-002
    ),.PIECEWISE_BEZIER_KNOTS.);
#3026 = CARTESIAN_POINT('',(-5.18303473275E-014,6.858269685842E-004,
    3.499999921769));
#3027 = CARTESIAN_POINT('',(-1.141704358586E-004,5.713885221044E-004,
    3.499999921769));
#3028 = CARTESIAN_POINT('',(-2.284079535533E-004,4.570169990707E-004,
    3.499999921769));
#3029 = CARTESIAN_POINT('',(-3.42712474642E-004,3.42712477982E-004,
    3.499999921769));
#3030 = ORIENTED_EDGE('',*,*,#3031,.F.);
#3031 = EDGE_CURVE('',#2858,#3023,#3032,.T.);
#3032 = B_SPLINE_CURVE_WITH_KNOTS('',3,(#3033,#3034,#3035,#3036,#3037,
    #3038,#3039,#3040,#3041,#3042),.UNSPECIFIED.,.F.,.F.,(4,2,2,2,4),(
    6.646267600157E-003,7.206673351706E-003,1.236804566665E-002,
    2.517910362931E-002,3.109682075238E-002),.UNSPECIFIED.);
#3033 = CARTESIAN_POINT('',(3.666433858106E-018,0.29008689862,
    3.580620771951));
#3034 = CARTESIAN_POINT('',(3.666433858106E-018,0.288502215461,
    3.580584882976));
#3035 = CARTESIAN_POINT('',(6.938893903907E-017,0.286915242125,
    3.580518033636));
#3036 = CARTESIAN_POINT('',(6.938893903907E-017,0.270660954468,
    3.579518571526));
#3037 = CARTESIAN_POINT('',(-4.857225732735E-016,0.256146212339,
    3.576031709751));
#3038 = CARTESIAN_POINT('',(-4.857225732735E-016,0.199763383067,
    3.55674826817));
#3039 = CARTESIAN_POINT('',(1.387778780781E-016,0.151304794995,
    3.530979865768));
#3040 = CARTESIAN_POINT('',(1.387778780781E-016,6.820074833728E-002,
    3.50695003559));
#3041 = CARTESIAN_POINT('',(-4.665906463302E-017,3.563665343154E-002,
    3.499999921769));
#3042 = CARTESIAN_POINT('',(-4.665906463302E-017,6.85826968584E-004,
    3.499999921769));
#3043 = ORIENTED_EDGE('',*,*,#2866,.F.);
#3044 = ORIENTED_EDGE('',*,*,#2848,.F.);
#3045 = ORIENTED_EDGE('',*,*,#2789,.F.);
#3046 = ORIENTED_EDGE('',*,*,#2943,.F.);
#3047 = PLANE('',#3048);
#3048 = AXIS2_PLACEMENT_3D('',#3049,#3050,#3051);
#3049 = CARTESIAN_POINT('',(0.E+000,3.339967191707E-012,5.099999921769)
  );
#3050 = DIRECTION('',(1.,0.E+000,0.E+000));
#3051 = DIRECTION('',(0.E+000,0.E+000,-1.));
#3052 = ADVANCED_FACE('',(#3053),#3076,.T.);
#3053 = FACE_BOUND('',#3054,.T.);
#3054 = EDGE_LOOP('',(#3055,#3056,#3065,#3075));
#3055 = ORIENTED_EDGE('',*,*,#2933,.F.);
#3056 = ORIENTED_EDGE('',*,*,#3057,.T.);
#3057 = EDGE_CURVE('',#2800,#3058,#3060,.T.);
#3058 = VERTEX_POINT('',#3059);
#3059 = CARTESIAN_POINT('',(-9.260837915868E-002,9.307732067668E-002,
    4.969185167249));
#3060 = B_SPLINE_CURVE_WITH_KNOTS('',3,(#3061,#3062,#3063,#3064),
  .UNSPECIFIED.,.F.,.F.,(4,4),(-6.525164958801E-002,-3.323290707473E-002
    ),.PIECEWISE_BEZIER_KNOTS.);
#3061 = CARTESIAN_POINT('',(-1.001332728767E-002,0.290097073166,
    4.969185167249));
#3062 = CARTESIAN_POINT('',(-1.072281317417E-002,0.217119990974,
    4.969185167249));
#3063 = CARTESIAN_POINT('',(-4.102940569406E-002,0.144777373782,
    4.969185167249));
#3064 = CARTESIAN_POINT('',(-9.260837915868E-002,9.307732067668E-002,
    4.969185167249));
#3065 = ORIENTED_EDGE('',*,*,#3066,.F.);
#3066 = EDGE_CURVE('',#2998,#3058,#3067,.T.);
#3067 = B_SPLINE_CURVE_WITH_KNOTS('',3,(#3068,#3069,#3070,#3071,#3072,
    #3073,#3074),.UNSPECIFIED.,.F.,.F.,(4,1,1,1,4),(-1.,-0.785714285714,
    -0.5,-0.285714285714,0.E+000),.UNSPECIFIED.);
#3068 = CARTESIAN_POINT('',(-5.194846289247E-014,6.85826968584E-004,
    5.099999921769));
#3069 = CARTESIAN_POINT('',(-9.354858985446E-003,1.0018777215E-002,
    5.099999921769));
#3070 = CARTESIAN_POINT('',(-3.26724770011E-002,3.328178621866E-002,
    5.095360159185));
#3071 = CARTESIAN_POINT('',(-6.479720087062E-002,6.533127515509E-002,
    5.068108679985));
#3072 = CARTESIAN_POINT('',(-8.799742577335E-002,8.847716597622E-002,
    5.020472933783));
#3073 = CARTESIAN_POINT('',(-9.260837915868E-002,9.307732067668E-002,
    4.986804214868));
#3074 = CARTESIAN_POINT('',(-9.260837915868E-002,9.307732067668E-002,
    4.969185167249));
#3075 = ORIENTED_EDGE('',*,*,#2997,.T.);
#3076 = B_SPLINE_SURFACE_WITH_KNOTS('',3,3,(
    (#3077,#3078,#3079,#3080)
    ,(#3081,#3082,#3083,#3084)
    ,(#3085,#3086,#3087,#3088)
    ,(#3089,#3090,#3091,#3092)
    ,(#3093,#3094,#3095,#3096)
    ,(#3097,#3098,#3099,#3100)
    ,(#3101,#3102,#3103,#3104
    )),.UNSPECIFIED.,.F.,.F.,.F.,(4,1,1,1,4),(4,4),(0.E+000,
    0.285714285714,0.5,0.785714285714,1.),(3.323290707473E-002,
    6.526394172217E-002),.UNSPECIFIED.);
#3077 = CARTESIAN_POINT('',(-9.260837915868E-002,9.307732067668E-002,
    4.969185167249));
#3078 = CARTESIAN_POINT('',(-4.100960430237E-002,0.144797221657,
    4.969185167249));
#3079 = CARTESIAN_POINT('',(-1.069954664464E-002,0.217175539305,
    4.969185167249));
#3080 = CARTESIAN_POINT('',(-1.00125232503E-002,0.290181122101,
    4.969185167249));
#3081 = CARTESIAN_POINT('',(-9.260837915868E-002,9.307732067668E-002,
    4.986804214868));
#3082 = CARTESIAN_POINT('',(-4.102125655776E-002,0.144785542048,
    4.986804214868));
#3083 = CARTESIAN_POINT('',(-1.069939149809E-002,0.217192025737,
    4.986804214868));
#3084 = CARTESIAN_POINT('',(-1.00125232503E-002,0.290181122101,
    4.986804214868));
#3085 = CARTESIAN_POINT('',(-8.799707538811E-002,8.847681641156E-002,
    5.02047339111));
#3086 = CARTESIAN_POINT('',(-3.520805393927E-002,0.141389758042,
    5.02047339111));
#3087 = CARTESIAN_POINT('',(-4.20194644766E-003,0.215430199359,
    5.02047339111));
#3088 = CARTESIAN_POINT('',(-3.499075249636E-003,0.29011982691,
    5.02047339111));
#3089 = CARTESIAN_POINT('',(-6.479719502747E-002,6.533126932562E-002,
    5.068108900389));
#3090 = CARTESIAN_POINT('',(-6.032353695619E-003,0.124234058845,
    5.068108900389));
#3091 = CARTESIAN_POINT('',(2.848822472149E-002,0.206666806706,
    5.068108900389));
#3092 = CARTESIAN_POINT('',(2.927066230596E-002,0.289811445339,
    5.068108900389));
#3093 = CARTESIAN_POINT('',(-3.267276044833E-002,3.328206900207E-002,
    5.095361000357));
#3094 = CARTESIAN_POINT('',(3.437015315519E-002,0.100482363247,
    5.095361000357));
#3095 = CARTESIAN_POINT('',(7.375363892152E-002,0.19452739659,
    5.095361000357));
#3096 = CARTESIAN_POINT('',(7.464629674526E-002,0.289384435223,
    5.095361000357));
#3097 = CARTESIAN_POINT('',(-9.354858985446E-003,1.001877721501E-002,
    5.099999921769));
#3098 = CARTESIAN_POINT('',(6.370496196543E-002,8.325010326388E-002,
    5.099999921769));
#3099 = CARTESIAN_POINT('',(0.106609967354,0.185704301715,5.099999921769
    ));
#3100 = CARTESIAN_POINT('',(0.107582738632,0.28907448487,5.099999921769)
  );
#3101 = CARTESIAN_POINT('',(-5.19159368273E-014,6.858269685841E-004,
    5.099999921769));
#3102 = CARTESIAN_POINT('',(7.54632082273E-002,7.632618215241E-002,
    5.099999921769));
#3103 = CARTESIAN_POINT('',(0.119791667552,0.182179471713,5.099999921769
    ));
#3104 = CARTESIAN_POINT('',(0.120796439266,0.288950136552,5.099999921769
    ));
#3105 = ADVANCED_FACE('',(#3106),#3144,.T.);
#3106 = FACE_BOUND('',#3107,.T.);
#3107 = EDGE_LOOP('',(#3108,#3109,#3110,#3117,#3118,#3119,#3128,#3137));
#3108 = ORIENTED_EDGE('',*,*,#2458,.F.);
#3109 = ORIENTED_EDGE('',*,*,#2695,.F.);
#3110 = ORIENTED_EDGE('',*,*,#3111,.F.);
#3111 = EDGE_CURVE('',#3058,#2684,#3112,.T.);
#3112 = B_SPLINE_CURVE_WITH_KNOTS('',3,(#3113,#3114,#3115,#3116),
  .UNSPECIFIED.,.F.,.F.,(4,4),(-3.323290707473E-002,-3.313598574471E-002
    ),.PIECEWISE_BEZIER_KNOTS.);
#3113 = CARTESIAN_POINT('',(-9.260837915868E-002,9.307732067668E-002,
    4.969185167249));
#3114 = CARTESIAN_POINT('',(-9.276450967215E-002,9.292082365287E-002,
    4.969185167249));
#3115 = CARTESIAN_POINT('',(-9.29208236535E-002,9.276450967153E-002,
    4.969185167249));
#3116 = CARTESIAN_POINT('',(-9.307732067334E-002,9.260837916202E-002,
    4.969185167249));
#3117 = ORIENTED_EDGE('',*,*,#3057,.F.);
#3118 = ORIENTED_EDGE('',*,*,#2808,.F.);
#3119 = ORIENTED_EDGE('',*,*,#3120,.F.);
#3120 = EDGE_CURVE('',#3121,#2809,#3123,.T.);
#3121 = VERTEX_POINT('',#3122);
#3122 = CARTESIAN_POINT('',(-9.260837915868E-002,9.307732067668E-002,
    3.630814676288));
#3123 = B_SPLINE_CURVE_WITH_KNOTS('',3,(#3124,#3125,#3126,#3127),
  .UNSPECIFIED.,.F.,.F.,(4,4),(3.323289749038E-002,6.525164958792E-002),
  .PIECEWISE_BEZIER_KNOTS.);
#3124 = CARTESIAN_POINT('',(-9.260837915868E-002,9.307732067668E-002,
    3.630814676288));
#3125 = CARTESIAN_POINT('',(-4.102939156221E-002,0.144777387947,
    3.630814676288));
#3126 = CARTESIAN_POINT('',(-1.072281336167E-002,0.217119969185,
    3.630814676288));
#3127 = CARTESIAN_POINT('',(-1.001332728765E-002,0.290097073166,
    3.630814676288));
#3128 = ORIENTED_EDGE('',*,*,#3129,.F.);
#3129 = EDGE_CURVE('',#3130,#3121,#3132,.T.);
#3130 = VERTEX_POINT('',#3131);
#3131 = CARTESIAN_POINT('',(-9.307732067334E-002,9.260837916202E-002,
    3.630814676288));
#3132 = B_SPLINE_CURVE_WITH_KNOTS('',3,(#3133,#3134,#3135,#3136),
  .UNSPECIFIED.,.F.,.F.,(4,4),(3.313597616036E-002,3.323289749038E-002),
  .PIECEWISE_BEZIER_KNOTS.);
#3133 = CARTESIAN_POINT('',(-9.307732067334E-002,9.260837916202E-002,
    3.630814676288));
#3134 = CARTESIAN_POINT('',(-9.292082364953E-002,9.276450967549E-002,
    3.630814676288));
#3135 = CARTESIAN_POINT('',(-9.276450966819E-002,9.292082365684E-002,
    3.630814676288));
#3136 = CARTESIAN_POINT('',(-9.260837915868E-002,9.307732067668E-002,
    3.630814676288));
#3137 = ORIENTED_EDGE('',*,*,#3138,.F.);
#3138 = EDGE_CURVE('',#2461,#3130,#3139,.T.);
#3139 = B_SPLINE_CURVE_WITH_KNOTS('',3,(#3140,#3141,#3142,#3143),
  .UNSPECIFIED.,.F.,.F.,(4,4),(1.117233692004E-003,3.313597616036E-002),
  .PIECEWISE_BEZIER_KNOTS.);
#3140 = CARTESIAN_POINT('',(-0.290097073163,1.0013327291E-002,
    3.630814676288));
#3141 = CARTESIAN_POINT('',(-0.217119988707,1.072281319815E-002,
    3.630814676288));
#3142 = CARTESIAN_POINT('',(-0.144777373707,4.102940576955E-002,
    3.630814676288));
#3143 = CARTESIAN_POINT('',(-9.307732067334E-002,9.260837916202E-002,
    3.630814676288));
#3144 = B_SPLINE_SURFACE_WITH_KNOTS('',3,3,(
    (#3145,#3146,#3147,#3148)
    ,(#3149,#3150,#3151,#3152)
    ,(#3153,#3154,#3155,#3156)
    ,(#3157,#3158,#3159,#3160)
    ,(#3161,#3162,#3163,#3164)
    ,(#3165,#3166,#3167,#3168
    )),.UNSPECIFIED.,.F.,.F.,.F.,(4,1,1,4),(4,4),(6.850487489945E-003,
    0.288650208924,0.570449930359,0.99314951251),(1.308147528586E-002,
    0.146918524714),.UNSPECIFIED.);
#3145 = CARTESIAN_POINT('',(-1.001332668885E-002,0.290097073017,
    3.630814676288));
#3146 = CARTESIAN_POINT('',(-1.001332668885E-002,0.290097073017,
    4.076937860989));
#3147 = CARTESIAN_POINT('',(-1.001332668885E-002,0.290097073017,
    4.52306198253));
#3148 = CARTESIAN_POINT('',(-1.001332668885E-002,0.290097073017,
    4.969185167249));
#3149 = CARTESIAN_POINT('',(-1.037952144417E-002,0.252375209236,
    3.630814676288));
#3150 = CARTESIAN_POINT('',(-1.037952144417E-002,0.252375209236,
    4.076937860989));
#3151 = CARTESIAN_POINT('',(-1.037952144417E-002,0.252375209236,
    4.52306198253));
#3152 = CARTESIAN_POINT('',(-1.037952144417E-002,0.252375209236,
    4.969185167249));
#3153 = CARTESIAN_POINT('',(-2.656573479608E-002,0.170388016271,
    3.630814676288));
#3154 = CARTESIAN_POINT('',(-2.656573479608E-002,0.170388016271,
    4.076937860989));
#3155 = CARTESIAN_POINT('',(-2.656573479608E-002,0.170388016271,
    4.52306198253));
#3156 = CARTESIAN_POINT('',(-2.656573479608E-002,0.170388016271,
    4.969185167249));
#3157 = CARTESIAN_POINT('',(-0.125657613192,4.35209184254E-002,
    3.630814676288));
#3158 = CARTESIAN_POINT('',(-0.125657613192,4.35209184254E-002,
    4.076937860989));
#3159 = CARTESIAN_POINT('',(-0.125657613192,4.35209184254E-002,
    4.52306198253));
#3160 = CARTESIAN_POINT('',(-0.125657613192,4.35209184254E-002,
    4.969185167249));
#3161 = CARTESIAN_POINT('',(-0.233514277341,1.056261882517E-002,
    3.630814676288));
#3162 = CARTESIAN_POINT('',(-0.233514277341,1.056261882517E-002,
    4.076937860989));
#3163 = CARTESIAN_POINT('',(-0.233514277341,1.056261882517E-002,
    4.52306198253));
#3164 = CARTESIAN_POINT('',(-0.233514277341,1.056261882517E-002,
    4.969185167249));
#3165 = CARTESIAN_POINT('',(-0.290097073014,1.001332669219E-002,
    3.630814676288));
#3166 = CARTESIAN_POINT('',(-0.290097073014,1.001332669219E-002,
    4.076937860989));
#3167 = CARTESIAN_POINT('',(-0.290097073014,1.001332669219E-002,
    4.52306198253));
#3168 = CARTESIAN_POINT('',(-0.290097073014,1.001332669219E-002,
    4.969185167249));
#3169 = ADVANCED_FACE('',(#3170),#3195,.T.);
#3170 = FACE_BOUND('',#3171,.T.);
#3171 = EDGE_LOOP('',(#3172,#3182,#3183,#3184,#3194));
#3172 = ORIENTED_EDGE('',*,*,#3173,.T.);
#3173 = EDGE_CURVE('',#3121,#3023,#3174,.T.);
#3174 = B_SPLINE_CURVE_WITH_KNOTS('',3,(#3175,#3176,#3177,#3178,#3179,
    #3180,#3181),.UNSPECIFIED.,.F.,.F.,(4,1,1,1,4),(0.E+000,
    0.285714285714,0.5,0.785714285714,1.),.UNSPECIFIED.);
#3175 = CARTESIAN_POINT('',(-9.260837915868E-002,9.307732067668E-002,
    3.630814676288));
#3176 = CARTESIAN_POINT('',(-9.260837915868E-002,9.307732067668E-002,
    3.613195628669));
#3177 = CARTESIAN_POINT('',(-8.799924518919E-002,8.847898113106E-002,
    3.57952905276));
#3178 = CARTESIAN_POINT('',(-6.479718963729E-002,6.533126394806E-002,
    3.531892069363));
#3179 = CARTESIAN_POINT('',(-3.267098208888E-002,3.328029480747E-002,
    3.504643879763));
#3180 = CARTESIAN_POINT('',(-9.354858985446E-003,1.001877721501E-002,
    3.499999921769));
#3181 = CARTESIAN_POINT('',(-5.18303473275E-014,6.858269685842E-004,
    3.499999921769));
#3182 = ORIENTED_EDGE('',*,*,#3022,.T.);
#3183 = ORIENTED_EDGE('',*,*,#2752,.T.);
#3184 = ORIENTED_EDGE('',*,*,#3185,.T.);
#3185 = EDGE_CURVE('',#2753,#3130,#3186,.T.);
#3186 = B_SPLINE_CURVE_WITH_KNOTS('',3,(#3187,#3188,#3189,#3190,#3191,
    #3192,#3193),.UNSPECIFIED.,.F.,.F.,(4,1,1,1,4),(-1.,-0.785714285714,
    -0.5,-0.285714285714,0.E+000),.UNSPECIFIED.);
#3187 = CARTESIAN_POINT('',(-6.858269652442E-004,3.391839700288E-012,
    3.499999921769));
#3188 = CARTESIAN_POINT('',(-1.001877721167E-002,9.354858988786E-003,
    3.499999921769));
#3189 = CARTESIAN_POINT('',(-3.328029480413E-002,3.267098209222E-002,
    3.504643879763));
#3190 = CARTESIAN_POINT('',(-6.533126394472E-002,6.479718964063E-002,
    3.531892069363));
#3191 = CARTESIAN_POINT('',(-8.847898112772E-002,8.799924519254E-002,
    3.57952905276));
#3192 = CARTESIAN_POINT('',(-9.307732067334E-002,9.260837916202E-002,
    3.613195628669));
#3193 = CARTESIAN_POINT('',(-9.307732067334E-002,9.260837916202E-002,
    3.630814676288));
#3194 = ORIENTED_EDGE('',*,*,#3129,.T.);
#3195 = B_SPLINE_SURFACE_WITH_KNOTS('',3,3,(
    (#3196,#3197,#3198,#3199)
    ,(#3200,#3201,#3202,#3203)
    ,(#3204,#3205,#3206,#3207)
    ,(#3208,#3209,#3210,#3211)
    ,(#3212,#3213,#3214,#3215)
    ,(#3216,#3217,#3218,#3219)
    ,(#3220,#3221,#3222,#3223
    )),.UNSPECIFIED.,.F.,.F.,.F.,(4,1,1,1,4),(4,4),(0.E+000,
    0.285714285714,0.5,0.785714285714,1.),(-3.323289749038E-002,
    -3.313597616036E-002),.UNSPECIFIED.);
#3196 = CARTESIAN_POINT('',(-9.260837915868E-002,9.307732067668E-002,
    3.630814676288));
#3197 = CARTESIAN_POINT('',(-9.276450966819E-002,9.292082365684E-002,
    3.630814676288));
#3198 = CARTESIAN_POINT('',(-9.292082364953E-002,9.276450967549E-002,
    3.630814676288));
#3199 = CARTESIAN_POINT('',(-9.307732067334E-002,9.260837916202E-002,
    3.630814676288));
#3200 = CARTESIAN_POINT('',(-9.260837915868E-002,9.307732067668E-002,
    3.613195628669));
#3201 = CARTESIAN_POINT('',(-9.276447441013E-002,9.292085899767E-002,
    3.613195628669));
#3202 = CARTESIAN_POINT('',(-9.292085899036E-002,9.276447441743E-002,
    3.613195628669));
#3203 = CARTESIAN_POINT('',(-9.307732067334E-002,9.260837916202E-002,
    3.613195628669));
#3204 = CARTESIAN_POINT('',(-8.799924518919E-002,8.847898113106E-002,
    3.57952905276));
#3205 = CARTESIAN_POINT('',(-8.815897721459E-002,8.831887414092E-002,
    3.57952905276));
#3206 = CARTESIAN_POINT('',(-8.831887413352E-002,8.815897722198E-002,
    3.57952905276));
#3207 = CARTESIAN_POINT('',(-8.847898112772E-002,8.799924519254E-002,
    3.57952905276));
#3208 = CARTESIAN_POINT('',(-6.479718963729E-002,6.533126394806E-002,
    3.531892069363));
#3209 = CARTESIAN_POINT('',(-6.497500363857E-002,6.51530325353E-002,
    3.531892069363));
#3210 = CARTESIAN_POINT('',(-6.515303252744E-002,6.497500364642E-002,
    3.531892069363));
#3211 = CARTESIAN_POINT('',(-6.533126394472E-002,6.479718964063E-002,
    3.531892069363));
#3212 = CARTESIAN_POINT('',(-3.267098208888E-002,3.328029480747E-002,
    3.504643879763));
#3213 = CARTESIAN_POINT('',(-3.287384435236E-002,3.307695633268E-002,
    3.504643879763));
#3214 = CARTESIAN_POINT('',(-3.307695632419E-002,3.287384436084E-002,
    3.504643879763));
#3215 = CARTESIAN_POINT('',(-3.328029480413E-002,3.267098209222E-002,
    3.504643879763));
#3216 = CARTESIAN_POINT('',(-9.354858985446E-003,1.001877721501E-002,
    3.499999921769));
#3217 = CARTESIAN_POINT('',(-9.575927549611E-003,9.797189700954E-003,
    3.499999921769));
#3218 = CARTESIAN_POINT('',(-9.797189691996E-003,9.575927558556E-003,
    3.499999921769));
#3219 = CARTESIAN_POINT('',(-1.001877721167E-002,9.354858988786E-003,
    3.499999921769));
#3220 = CARTESIAN_POINT('',(-5.18303473275E-014,6.858269685842E-004,
    3.499999921769));
#3221 = CARTESIAN_POINT('',(-2.283408702181E-004,4.569500770753E-004,
    3.499999921769));
#3222 = CARTESIAN_POINT('',(-4.569500679328E-004,2.28340879347E-004,
    3.499999921769));
#3223 = CARTESIAN_POINT('',(-6.858269652442E-004,3.391839700288E-012,
    3.499999921769));
#3224 = ADVANCED_FACE('',(#3225),#3231,.T.);
#3225 = FACE_BOUND('',#3226,.T.);
#3226 = EDGE_LOOP('',(#3227,#3228,#3229,#3230));
#3227 = ORIENTED_EDGE('',*,*,#2857,.F.);
#3228 = ORIENTED_EDGE('',*,*,#3031,.T.);
#3229 = ORIENTED_EDGE('',*,*,#3173,.F.);
#3230 = ORIENTED_EDGE('',*,*,#3120,.T.);
#3231 = B_SPLINE_SURFACE_WITH_KNOTS('',3,3,(
    (#3232,#3233,#3234,#3235)
    ,(#3236,#3237,#3238,#3239)
    ,(#3240,#3241,#3242,#3243)
    ,(#3244,#3245,#3246,#3247)
    ,(#3248,#3249,#3250,#3251)
    ,(#3252,#3253,#3254,#3255)
    ,(#3256,#3257,#3258,#3259
    )),.UNSPECIFIED.,.F.,.F.,.F.,(4,1,1,1,4),(4,4),(0.E+000,
    0.285714285714,0.5,0.785714285714,1.),(3.323289749038E-002,
    6.526394172209E-002),.UNSPECIFIED.);
#3232 = CARTESIAN_POINT('',(-5.195887596746E-014,6.85826968584E-004,
    3.499999921769));
#3233 = CARTESIAN_POINT('',(7.54632288944E-002,7.632620286803E-002,
    3.499999921769));
#3234 = CARTESIAN_POINT('',(0.119791667251,0.182179439782,3.499999921769
    ));
#3235 = CARTESIAN_POINT('',(0.120796439266,0.288950136552,3.499999921769
    ));
#3236 = CARTESIAN_POINT('',(-1.247314531391E-002,1.312976063048E-002,
    3.499999921769));
#3237 = CARTESIAN_POINT('',(5.978563626934E-002,8.555816690286E-002,
    3.499999921769));
#3238 = CARTESIAN_POINT('',(0.102216066069,0.186879115525,3.499999921769
    ));
#3239 = CARTESIAN_POINT('',(0.103178171754,0.28911593431,3.499999921769)
  );
#3240 = CARTESIAN_POINT('',(-3.630703425248E-002,3.690783146935E-002,
    3.506510835285));
#3241 = CARTESIAN_POINT('',(2.979370613582E-002,0.103163740784,
    3.506510835285));
#3242 = CARTESIAN_POINT('',(6.863278656597E-002,0.195908755433,
    3.506510835285));
#3243 = CARTESIAN_POINT('',(6.951289963649E-002,0.289432743362,
    3.506510835285));
#3244 = CARTESIAN_POINT('',(-7.003085179845E-002,7.055266906309E-002,
    3.539284848676));
#3245 = CARTESIAN_POINT('',(-1.260609704899E-002,0.128112226199,
    3.539284848676));
#3246 = CARTESIAN_POINT('',(2.11135484771E-002,0.208632421333,
    3.539284848676));
#3247 = CARTESIAN_POINT('',(2.187814319918E-002,0.289881013081,
    3.539284848676));
#3248 = CARTESIAN_POINT('',(-8.932102918842E-002,8.97976695603E-002,
    3.584664801739));
#3249 = CARTESIAN_POINT('',(-3.688699129316E-002,0.142354794327,
    3.584664801739));
#3250 = CARTESIAN_POINT('',(-6.067299367342E-003,0.215950051731,
    3.584664801739));
#3251 = CARTESIAN_POINT('',(-5.36915465942E-003,0.290137425404,
    3.584664801739));
#3252 = CARTESIAN_POINT('',(-9.260837915868E-002,9.307732067668E-002,
    3.617600390574));
#3253 = CARTESIAN_POINT('',(-4.098727623201E-002,0.144819602142,
    3.617600390574));
#3254 = CARTESIAN_POINT('',(-1.069984395402E-002,0.217143946138,
    3.617600390574));
#3255 = CARTESIAN_POINT('',(-1.00125232503E-002,0.290181122101,
    3.617600390574));
#3256 = CARTESIAN_POINT('',(-9.260837915868E-002,9.307732067668E-002,
    3.630814676288));
#3257 = CARTESIAN_POINT('',(-4.100959017102E-002,0.144797235822,
    3.630814676288));
#3258 = CARTESIAN_POINT('',(-1.06995468501E-002,0.217175517472,
    3.630814676288));
#3259 = CARTESIAN_POINT('',(-1.00125232503E-002,0.290181122101,
    3.630814676288));
#3260 = ADVANCED_FACE('',(#3261),#3267,.T.);
#3261 = FACE_BOUND('',#3262,.T.);
#3262 = EDGE_LOOP('',(#3263,#3264,#3265,#3266));
#3263 = ORIENTED_EDGE('',*,*,#2518,.F.);
#3264 = ORIENTED_EDGE('',*,*,#3138,.T.);
#3265 = ORIENTED_EDGE('',*,*,#3185,.F.);
#3266 = ORIENTED_EDGE('',*,*,#2761,.T.);
#3267 = B_SPLINE_SURFACE_WITH_KNOTS('',3,3,(
    (#3268,#3269,#3270,#3271)
    ,(#3272,#3273,#3274,#3275)
    ,(#3276,#3277,#3278,#3279)
    ,(#3280,#3281,#3282,#3283)
    ,(#3284,#3285,#3286,#3287)
    ,(#3288,#3289,#3290,#3291)
    ,(#3292,#3293,#3294,#3295
    )),.UNSPECIFIED.,.F.,.F.,.F.,(4,1,1,1,4),(4,4),(0.E+000,
    0.285714285714,0.5,0.785714285714,1.),(1.10494155824E-003,
    3.313597616036E-002),.UNSPECIFIED.);
#3268 = CARTESIAN_POINT('',(-0.288950136549,-0.120796439263,
    3.499999921769));
#3269 = CARTESIAN_POINT('',(-0.182179468394,-0.119791667517,
    3.499999921769));
#3270 = CARTESIAN_POINT('',(-7.632618204235E-002,-7.546320811749E-002,
    3.499999921769));
#3271 = CARTESIAN_POINT('',(-6.858269652441E-004,3.39186120798E-012,
    3.499999921769));
#3272 = CARTESIAN_POINT('',(-0.289115934307,-0.103178171751,
    3.499999921769));
#3273 = CARTESIAN_POINT('',(-0.186879142923,-0.102216066324,
    3.499999921769));
#3274 = CARTESIAN_POINT('',(-8.555814696138E-002,-5.978561637455E-002,
    3.499999921769));
#3275 = CARTESIAN_POINT('',(-1.312976062714E-002,1.247314531725E-002,
    3.499999921769));
#3276 = CARTESIAN_POINT('',(-0.289432743359,-6.951289963315E-002,
    3.506510835285));
#3277 = CARTESIAN_POINT('',(-0.195908780495,-6.86327867985E-002,
    3.506510835285));
#3278 = CARTESIAN_POINT('',(-0.103163722541,-2.979368793622E-002,
    3.506510835285));
#3279 = CARTESIAN_POINT('',(-3.690783146601E-002,3.630703425582E-002,
    3.506510835285));
#3280 = CARTESIAN_POINT('',(-0.289881013078,-2.187814319584E-002,
    3.539284848676));
#3281 = CARTESIAN_POINT('',(-0.208632443105,-2.111354867867E-002,
    3.539284848676));
#3282 = CARTESIAN_POINT('',(-0.12811221035,1.260611286026E-002,
    3.539284848676));
#3283 = CARTESIAN_POINT('',(-7.055266905975E-002,7.003085180179E-002,
    3.539284848676));
#3284 = CARTESIAN_POINT('',(-0.290137425401,5.36915466276E-003,
    3.584664801739));
#3285 = CARTESIAN_POINT('',(-0.215950071611,6.067299183573E-003,
    3.584664801739));
#3286 = CARTESIAN_POINT('',(-0.142354779856,3.688700573058E-002,
    3.584664801739));
#3287 = CARTESIAN_POINT('',(-8.979766955696E-002,8.932102919176E-002,
    3.584664801739));
#3288 = CARTESIAN_POINT('',(-0.290181122098,1.001252325364E-002,
    3.617600390574));
#3289 = CARTESIAN_POINT('',(-0.217143965709,1.069984377315E-002,
    3.617600390574));
#3290 = CARTESIAN_POINT('',(-0.144819587895,4.098729044565E-002,
    3.617600390574));
#3291 = CARTESIAN_POINT('',(-9.307732067334E-002,9.260837916202E-002,
    3.617600390574));
#3292 = CARTESIAN_POINT('',(-0.290181122098,1.001252325364E-002,
    3.630814676288));
#3293 = CARTESIAN_POINT('',(-0.217175537035,1.069954666931E-002,
    3.630814676288));
#3294 = CARTESIAN_POINT('',(-0.144797221581,4.100960437851E-002,
    3.630814676288));
#3295 = CARTESIAN_POINT('',(-9.307732067334E-002,9.260837916202E-002,
    3.630814676288));
#3296 = ADVANCED_FACE('',(#3297),#3304,.T.);
#3297 = FACE_BOUND('',#3298,.T.);
#3298 = EDGE_LOOP('',(#3299,#3300,#3301,#3302,#3303));
#3299 = ORIENTED_EDGE('',*,*,#2683,.T.);
#3300 = ORIENTED_EDGE('',*,*,#2735,.T.);
#3301 = ORIENTED_EDGE('',*,*,#3014,.T.);
#3302 = ORIENTED_EDGE('',*,*,#3066,.T.);
#3303 = ORIENTED_EDGE('',*,*,#3111,.T.);
#3304 = B_SPLINE_SURFACE_WITH_KNOTS('',3,3,(
    (#3305,#3306,#3307,#3308)
    ,(#3309,#3310,#3311,#3312)
    ,(#3313,#3314,#3315,#3316)
    ,(#3317,#3318,#3319,#3320)
    ,(#3321,#3322,#3323,#3324)
    ,(#3325,#3326,#3327,#3328)
    ,(#3329,#3330,#3331,#3332
    )),.UNSPECIFIED.,.F.,.F.,.F.,(4,1,1,1,4),(4,4),(0.E+000,
    0.285714285714,0.5,0.785714285714,1.),(3.313598574471E-002,
    3.323290707473E-002),.UNSPECIFIED.);
#3305 = CARTESIAN_POINT('',(-9.307732067334E-002,9.260837916202E-002,
    4.969185167249));
#3306 = CARTESIAN_POINT('',(-9.29208236535E-002,9.276450967153E-002,
    4.969185167249));
#3307 = CARTESIAN_POINT('',(-9.276450967215E-002,9.292082365287E-002,
    4.969185167249));
#3308 = CARTESIAN_POINT('',(-9.260837915868E-002,9.307732067668E-002,
    4.969185167249));
#3309 = CARTESIAN_POINT('',(-9.307732067334E-002,9.260837916202E-002,
    4.986804214868));
#3310 = CARTESIAN_POINT('',(-9.292085899433E-002,9.276447441347E-002,
    4.986804214868));
#3311 = CARTESIAN_POINT('',(-9.276447441409E-002,9.29208589937E-002,
    4.986804214868));
#3312 = CARTESIAN_POINT('',(-9.260837915868E-002,9.307732067668E-002,
    4.986804214868));
#3313 = CARTESIAN_POINT('',(-8.847716597288E-002,8.799742577669E-002,
    5.020472933783));
#3314 = CARTESIAN_POINT('',(-8.831705898275E-002,8.815715780209E-002,
    5.020472933783));
#3315 = CARTESIAN_POINT('',(-8.81571578028E-002,8.831705898203E-002,
    5.020472933783));
#3316 = CARTESIAN_POINT('',(-8.799742577335E-002,8.847716597622E-002,
    5.020472933783));
#3317 = CARTESIAN_POINT('',(-6.533127515175E-002,6.479720087396E-002,
    5.068108679985));
#3318 = CARTESIAN_POINT('',(-6.515304373899E-002,6.497501487525E-002,
    5.068108679985));
#3319 = CARTESIAN_POINT('',(-6.497501487641E-002,6.515304373781E-002,
    5.068108679985));
#3320 = CARTESIAN_POINT('',(-6.479720087062E-002,6.533127515509E-002,
    5.068108679985));
#3321 = CARTESIAN_POINT('',(-3.328178621532E-002,3.267247700444E-002,
    5.095360159185));
#3322 = CARTESIAN_POINT('',(-3.307844774053E-002,3.287533926792E-002,
    5.095360159185));
#3323 = CARTESIAN_POINT('',(-3.287533926972E-002,3.307844773872E-002,
    5.095360159185));
#3324 = CARTESIAN_POINT('',(-3.26724770011E-002,3.328178621866E-002,
    5.095360159185));
#3325 = CARTESIAN_POINT('',(-1.001877721167E-002,9.354858988786E-003,
    5.099999921769));
#3326 = CARTESIAN_POINT('',(-9.797189697614E-003,9.575927552951E-003,
    5.099999921769));
#3327 = CARTESIAN_POINT('',(-9.575927555215E-003,9.797189695336E-003,
    5.099999921769));
#3328 = CARTESIAN_POINT('',(-9.354858985446E-003,1.0018777215E-002,
    5.099999921769));
#3329 = CARTESIAN_POINT('',(-6.858269652442E-004,3.391843398092E-012,
    5.099999921769));
#3330 = CARTESIAN_POINT('',(-4.569500737353E-004,2.283408735582E-004,
    5.099999921769));
#3331 = CARTESIAN_POINT('',(-2.28340876007E-004,4.569500712728E-004,
    5.099999921769));
#3332 = CARTESIAN_POINT('',(-5.194846289247E-014,6.85826968584E-004,
    5.099999921769));
#3333 = MANIFOLD_SOLID_BREP('',#3334);
#3334 = CLOSED_SHELL('',(#3335,#3395,#3458,#3544,#3611,#3666,#3725,#3810
    ,#3873,#3933,#3986,#4050,#4105,#4141,#4177));
#3335 = ADVANCED_FACE('',(#3336),#3374,.F.);
#3336 = FACE_BOUND('',#3337,.F.);
#3337 = EDGE_LOOP('',(#3338,#3349,#3358,#3367));
#3338 = ORIENTED_EDGE('',*,*,#3339,.F.);
#3339 = EDGE_CURVE('',#3340,#3342,#3344,.T.);
#3340 = VERTEX_POINT('',#3341);
#3341 = CARTESIAN_POINT('',(3.490097073014,1.001332669219E-002,
    3.630814676288));
#3342 = VERTEX_POINT('',#3343);
#3343 = CARTESIAN_POINT('',(3.490097073014,1.001332669219E-002,
    4.969185167249));
#3344 = B_SPLINE_CURVE_WITH_KNOTS('',3,(#3345,#3346,#3347,#3348),
  .UNSPECIFIED.,.F.,.F.,(4,4),(-0.246918643123,-0.113081594027),
  .PIECEWISE_BEZIER_KNOTS.);
#3345 = CARTESIAN_POINT('',(3.490097073014,1.001332669219E-002,
    3.630814676288));
#3346 = CARTESIAN_POINT('',(3.490097073014,1.001332669219E-002,
    4.076938173275));
#3347 = CARTESIAN_POINT('',(3.490097073014,1.001332669219E-002,
    4.523061670262));
#3348 = CARTESIAN_POINT('',(3.490097073014,1.001332669219E-002,
    4.969185167249));
#3349 = ORIENTED_EDGE('',*,*,#3350,.F.);
#3350 = EDGE_CURVE('',#3351,#3340,#3353,.T.);
#3351 = VERTEX_POINT('',#3352);
#3352 = CARTESIAN_POINT('',(3.5,1.379786179782E-005,3.630814676288));
#3353 = CIRCLE('',#3354,1.E-002);
#3354 = AXIS2_PLACEMENT_3D('',#3355,#3356,#3357);
#3355 = CARTESIAN_POINT('',(3.49,1.379786179782E-005,3.630814676288));
#3356 = DIRECTION('',(-1.224646799147E-016,5.551376687121E-014,1.));
#3357 = DIRECTION('',(1.,0.E+000,1.224646799147E-016));
#3358 = ORIENTED_EDGE('',*,*,#3359,.F.);
#3359 = EDGE_CURVE('',#3360,#3351,#3362,.T.);
#3360 = VERTEX_POINT('',#3361);
#3361 = CARTESIAN_POINT('',(3.5,1.379786179782E-005,4.969185167249));
#3362 = B_SPLINE_CURVE_WITH_KNOTS('',3,(#3363,#3364,#3365,#3366),
  .UNSPECIFIED.,.F.,.F.,(4,4),(0.113081594027,0.246918643123),
  .PIECEWISE_BEZIER_KNOTS.);
#3363 = CARTESIAN_POINT('',(3.5,1.379786179783E-005,4.969185167249));
#3364 = CARTESIAN_POINT('',(3.5,1.379786179783E-005,4.523061670262));
#3365 = CARTESIAN_POINT('',(3.5,1.379786179782E-005,4.076938173275));
#3366 = CARTESIAN_POINT('',(3.5,1.379786179782E-005,3.630814676288));
#3367 = ORIENTED_EDGE('',*,*,#3368,.F.);
#3368 = EDGE_CURVE('',#3342,#3360,#3369,.T.);
#3369 = CIRCLE('',#3370,1.E-002);
#3370 = AXIS2_PLACEMENT_3D('',#3371,#3372,#3373);
#3371 = CARTESIAN_POINT('',(3.49,1.379786179782E-005,4.969185167249));
#3372 = DIRECTION('',(1.224646799147E-016,-1.925929944387E-034,-1.));
#3373 = DIRECTION('',(9.707301406273E-003,0.99995288304,
    1.188801559555E-018));
#3374 = B_SPLINE_SURFACE_WITH_KNOTS('',3,3,(
    (#3375,#3376,#3377,#3378)
    ,(#3379,#3380,#3381,#3382)
    ,(#3383,#3384,#3385,#3386)
    ,(#3387,#3388,#3389,#3390)
    ,(#3391,#3392,#3393,#3394
  )),.UNSPECIFIED.,.F.,.F.,.F.,(4,1,4),(4,4),(0.E+000,0.571428571429,1.)
  ,(0.113081594027,0.246918643123),.UNSPECIFIED.);
#3375 = CARTESIAN_POINT('',(3.5,1.379786179783E-005,4.969185167249));
#3376 = CARTESIAN_POINT('',(3.5,1.379786179783E-005,4.523061670262));
#3377 = CARTESIAN_POINT('',(3.5,1.379786179782E-005,4.076938173275));
#3378 = CARTESIAN_POINT('',(3.5,1.379786179782E-005,3.630814676288));
#3379 = CARTESIAN_POINT('',(3.5,2.987300476895E-003,4.969185167249));
#3380 = CARTESIAN_POINT('',(3.5,2.987300476895E-003,4.523061670262));
#3381 = CARTESIAN_POINT('',(3.5,2.987300476895E-003,4.076938173275));
#3382 = CARTESIAN_POINT('',(3.5,2.987300476895E-003,3.630814676288));
#3383 = CARTESIAN_POINT('',(3.497524567573,8.140292929867E-003,
    4.969185167249));
#3384 = CARTESIAN_POINT('',(3.497524567573,8.140292929867E-003,
    4.523061670262));
#3385 = CARTESIAN_POINT('',(3.497524567573,8.140292929867E-003,
    4.076938173275));
#3386 = CARTESIAN_POINT('',(3.497524567573,8.140292929867E-003,
    3.630814676288));
#3387 = CARTESIAN_POINT('',(3.492327094899,9.991678177607E-003,
    4.969185167249));
#3388 = CARTESIAN_POINT('',(3.492327094899,9.991678177607E-003,
    4.523061670262));
#3389 = CARTESIAN_POINT('',(3.492327094899,9.991678177606E-003,
    4.076938173275));
#3390 = CARTESIAN_POINT('',(3.492327094899,9.991678177606E-003,
    3.630814676288));
#3391 = CARTESIAN_POINT('',(3.490097073014,1.001332669219E-002,
    4.969185167249));
#3392 = CARTESIAN_POINT('',(3.490097073014,1.001332669219E-002,
    4.523061670262));
#3393 = CARTESIAN_POINT('',(3.490097073014,1.001332669219E-002,
    4.076938173275));
#3394 = CARTESIAN_POINT('',(3.490097073014,1.001332669219E-002,
    3.630814676288));
#3395 = ADVANCED_FACE('',(#3396),#3437,.F.);
#3396 = FACE_BOUND('',#3397,.F.);
#3397 = EDGE_LOOP('',(#3398,#3407,#3408,#3416));
#3398 = ORIENTED_EDGE('',*,*,#3399,.F.);
#3399 = EDGE_CURVE('',#3342,#3400,#3402,.T.);
#3400 = VERTEX_POINT('',#3401);
#3401 = CARTESIAN_POINT('',(3.490086898616,3.340678428332E-012,
    5.019379071587));
#3402 = B_SPLINE_CURVE_WITH_KNOTS('',3,(#3403,#3404,#3405,#3406),
  .UNSPECIFIED.,.F.,.F.,(4,4),(-1.886076001984E-002,-1.413396471037E-002
    ),.PIECEWISE_BEZIER_KNOTS.);
#3403 = CARTESIAN_POINT('',(3.490097073014,1.001332669219E-002,
    4.969185167249));
#3404 = CARTESIAN_POINT('',(3.490097073014,1.001332669219E-002,
    4.986245295668));
#3405 = CARTESIAN_POINT('',(3.49009334713,6.546831178434E-003,
    5.003623349149));
#3406 = CARTESIAN_POINT('',(3.490086898616,3.339974781122E-012,
    5.019379071587));
#3407 = ORIENTED_EDGE('',*,*,#3368,.T.);
#3408 = ORIENTED_EDGE('',*,*,#3409,.F.);
#3409 = EDGE_CURVE('',#3410,#3360,#3412,.T.);
#3410 = VERTEX_POINT('',#3411);
#3411 = CARTESIAN_POINT('',(3.5,1.734723475977E-017,4.971010988691));
#3412 = LINE('',#3413,#3414);
#3413 = CARTESIAN_POINT('',(3.5,3.340001886176E-012,5.099999921769));
#3414 = VECTOR('',#3415,1.);
#3415 = DIRECTION('',(1.224646799147E-016,0.E+000,-1.));
#3416 = ORIENTED_EDGE('',*,*,#3417,.F.);
#3417 = EDGE_CURVE('',#3400,#3410,#3418,.T.);
#3418 = B_SPLINE_CURVE_WITH_KNOTS('',3,(#3419,#3420,#3421,#3422,#3423,
    #3424,#3425,#3426,#3427,#3428,#3429,#3430,#3431,#3432,#3433,#3434,
    #3435,#3436),.UNSPECIFIED.,.F.,.F.,(4,2,2,2,2,2,2,2,4),(0.E+000,
    1.545141780894E-004,3.502037023706E-004,6.805502176984E-004,
    1.464372648975E-003,4.29634387076E-003,4.718863214222E-003,
    4.862901334866E-003,4.980377993683E-003),.UNSPECIFIED.);
#3419 = CARTESIAN_POINT('',(3.490086898616,3.339974781122E-012,
    5.019379071587));
#3420 = CARTESIAN_POINT('',(3.490601813842,3.339974781122E-012,
    5.019367410089));
#3421 = CARTESIAN_POINT('',(3.491099766259,3.339151871673E-012,
    5.019252549828));
#3422 = CARTESIAN_POINT('',(3.492177420103,3.339151871673E-012,
    5.018802063281));
#3423 = CARTESIAN_POINT('',(3.49272301197,3.340227400228E-012,
    5.018424616088));
#3424 = CARTESIAN_POINT('',(3.494026278355,3.340227400228E-012,
    5.017246252198));
#3425 = CARTESIAN_POINT('',(3.49470702802,3.313287144646E-012,
    5.016301767936));
#3426 = CARTESIAN_POINT('',(3.496572779999,3.313287144646E-012,
    5.013068821289));
#3427 = CARTESIAN_POINT('',(3.497395744059,3.339568205307E-012,
    5.010319254313));
#3428 = CARTESIAN_POINT('',(3.499738963874,3.339568205307E-012,
    5.00048021615));
#3429 = CARTESIAN_POINT('',(3.49995628204,3.339828413829E-012,
    4.990358351377));
#3430 = CARTESIAN_POINT('',(3.499997721447,3.339828413829E-012,
    4.977404441921));
#3431 = CARTESIAN_POINT('',(3.499999161355,3.339863108298E-012,
    4.975562892643));
#3432 = CARTESIAN_POINT('',(3.499999845685,3.339863108298E-012,
    4.973430309934));
#3433 = CARTESIAN_POINT('',(3.499999924487,3.340001886176E-012,
    4.972873411209));
#3434 = CARTESIAN_POINT('',(3.49999999388,3.340001886176E-012,
    4.971899208145));
#3435 = CARTESIAN_POINT('',(3.5,3.339998874101E-012,4.971433621661));
#3436 = CARTESIAN_POINT('',(3.5,3.339998874101E-012,4.971010988249));
#3437 = B_SPLINE_SURFACE_WITH_KNOTS('',3,3,(
    (#3438,#3439,#3440,#3441)
    ,(#3442,#3443,#3444,#3445)
    ,(#3446,#3447,#3448,#3449)
    ,(#3450,#3451,#3452,#3453)
    ,(#3454,#3455,#3456,#3457
  )),.UNSPECIFIED.,.F.,.F.,.F.,(4,1,4),(4,4),(0.E+000,0.571428571429,1.)
  ,(1.413396471037E-002,1.886076001984E-002),.UNSPECIFIED.);
#3438 = CARTESIAN_POINT('',(3.5,-9.23416014237E-003,5.015542049951));
#3439 = CARTESIAN_POINT('',(3.5,-3.187738729572E-003,5.000990757586));
#3440 = CARTESIAN_POINT('',(3.5,1.379786179793E-005,4.984941151614));
#3441 = CARTESIAN_POINT('',(3.5,1.379786179782E-005,4.969185167249));
#3442 = CARTESIAN_POINT('',(3.5,-6.486486824728E-003,5.016683776086));
#3443 = CARTESIAN_POINT('',(3.499999950156,-2.916777396665E-004,
    5.001772105562));
#3444 = CARTESIAN_POINT('',(3.5,2.987300476895E-003,4.985330596563));
#3445 = CARTESIAN_POINT('',(3.5,2.987300476895E-003,4.969185167249));
#3446 = CARTESIAN_POINT('',(3.497521133566,-1.724987980016E-003,
    5.018662296471));
#3447 = CARTESIAN_POINT('',(3.497523319049,4.724954422275E-003,
    5.003131408435));
#3448 = CARTESIAN_POINT('',(3.497524553734,8.140276508685E-003,
    4.985999853739));
#3449 = CARTESIAN_POINT('',(3.497524553734,8.140276508685E-003,
    4.969185167249));
#3450 = CARTESIAN_POINT('',(3.492318394866,-1.790767235559E-005,
    5.019371630506));
#3451 = CARTESIAN_POINT('',(3.492323922498,6.527016641193E-003,
    5.003616732593));
#3452 = CARTESIAN_POINT('',(3.492327094899,9.991678177606E-003,
    4.986243505618));
#3453 = CARTESIAN_POINT('',(3.492327094899,9.991678177605E-003,
    4.969185167249));
#3454 = CARTESIAN_POINT('',(3.490086898616,3.339974781122E-012,
    5.019379071587));
#3455 = CARTESIAN_POINT('',(3.49009334713,6.546831178434E-003,
    5.003623349149));
#3456 = CARTESIAN_POINT('',(3.490097073014,1.001332669219E-002,
    4.986245295668));
#3457 = CARTESIAN_POINT('',(3.490097073014,1.001332669219E-002,
    4.969185167249));
#3458 = ADVANCED_FACE('',(#3459),#3523,.F.);
#3459 = FACE_BOUND('',#3460,.F.);
#3460 = EDGE_LOOP('',(#3461,#3470,#3471,#3480));
#3461 = ORIENTED_EDGE('',*,*,#3462,.F.);
#3462 = EDGE_CURVE('',#3351,#3463,#3465,.T.);
#3463 = VERTEX_POINT('',#3464);
#3464 = CARTESIAN_POINT('',(3.5,0.E+000,3.628988854847));
#3465 = B_SPLINE_CURVE_WITH_KNOTS('',3,(#3466,#3467,#3468,#3469),
  .UNSPECIFIED.,.F.,.F.,(4,4),(0.E+000,1.824605247036E-004),
  .PIECEWISE_BEZIER_KNOTS.);
#3466 = CARTESIAN_POINT('',(3.5,1.379786179782E-005,3.630814676288));
#3467 = CARTESIAN_POINT('',(3.5,1.379786179782E-005,3.630206474779));
#3468 = CARTESIAN_POINT('',(3.5,9.027378548547E-006,3.629597835755));
#3469 = CARTESIAN_POINT('',(3.5,-4.930739551704E-007,3.628988862286));
#3470 = ORIENTED_EDGE('',*,*,#3350,.T.);
#3471 = ORIENTED_EDGE('',*,*,#3472,.F.);
#3472 = EDGE_CURVE('',#3473,#3340,#3475,.T.);
#3473 = VERTEX_POINT('',#3474);
#3474 = CARTESIAN_POINT('',(3.490086898616,3.340799858975E-012,
    3.580620771951));
#3475 = B_SPLINE_CURVE_WITH_KNOTS('',3,(#3476,#3477,#3478,#3479),
  .UNSPECIFIED.,.F.,.F.,(4,4),(-4.726795309471E-003,0.E+000),
  .PIECEWISE_BEZIER_KNOTS.);
#3476 = CARTESIAN_POINT('',(3.490086898616,3.339383890938E-012,
    3.580620771951));
#3477 = CARTESIAN_POINT('',(3.49009334713,6.546831178433E-003,
    3.596376494389));
#3478 = CARTESIAN_POINT('',(3.490097073014,1.001332669219E-002,
    3.61375454787));
#3479 = CARTESIAN_POINT('',(3.490097073014,1.001332669219E-002,
    3.630814676288));
#3480 = ORIENTED_EDGE('',*,*,#3481,.F.);
#3481 = EDGE_CURVE('',#3463,#3473,#3482,.T.);
#3482 = B_SPLINE_CURVE_WITH_KNOTS('',3,(#3483,#3484,#3485,#3486,#3487,
    #3488,#3489,#3490,#3491,#3492,#3493,#3494,#3495,#3496,#3497,#3498,
    #3499,#3500,#3501,#3502,#3503,#3504,#3505,#3506,#3507,#3508,#3509,
    #3510,#3511,#3512,#3513,#3514,#3515,#3516,#3517,#3518,#3519,#3520,
    #3521,#3522),.UNSPECIFIED.,.F.,.F.,(4,3,3,3,3,3,3,3,3,3,3,3,3,4),(
    0.E+000,2.078030893302E-004,5.593376312388E-004,5.824108900106E-004,
    1.065248258271E-003,1.388879101536E-003,2.167547623144E-003,
    2.818951662529E-003,2.976300886204E-003,3.293911971009E-003,
    3.482794118861E-003,3.654210548697E-003,3.727415780224E-003,
    3.796369585511E-003),.UNSPECIFIED.);
#3483 = CARTESIAN_POINT('',(3.5,-4.930782834724E-007,3.628988862009));
#3484 = CARTESIAN_POINT('',(3.5,-8.521463561009E-007,3.628296193134));
#3485 = CARTESIAN_POINT('',(3.499999982942,-1.643616054275E-006,
    3.62729161092));
#3486 = CARTESIAN_POINT('',(3.499999785555,-2.491713215608E-006,
    3.626467178246));
#3487 = CARTESIAN_POINT('',(3.499999451642,-3.926414923191E-006,
    3.625072509075));
#3488 = CARTESIAN_POINT('',(3.499998512919,-5.534080017549E-006,
    3.623451422027));
#3489 = CARTESIAN_POINT('',(3.499995009025,-8.200590595676E-006,
    3.621950422636));
#3490 = CARTESIAN_POINT('',(3.499994779044,-8.375609210497E-006,
    3.621851903307));
#3491 = CARTESIAN_POINT('',(3.499994538072,-8.536390804324E-006,
    3.621753903382));
#3492 = CARTESIAN_POINT('',(3.499994285626,-8.675324098623E-006,
    3.621656521664));
#3493 = CARTESIAN_POINT('',(3.499989002865,-1.158268048234E-005,
    3.619618685008));
#3494 = CARTESIAN_POINT('',(3.49997756474,-7.021846608612E-006,
    3.61732846909));
#3495 = CARTESIAN_POINT('',(3.499946661132,-1.133205234577E-005,
    3.615031384722));
#3496 = CARTESIAN_POINT('',(3.499925947406,-1.422104895013E-005,
    3.613491720645));
#3497 = CARTESIAN_POINT('',(3.499896356411,-2.006085987642E-005,
    3.611949176117));
#3498 = CARTESIAN_POINT('',(3.499854102663,-2.060629909923E-005,
    3.610479657201));
#3499 = CARTESIAN_POINT('',(3.499752438486,-2.1918647295E-005,
    3.606943936964));
#3500 = CARTESIAN_POINT('',(3.499571099247,-1.989184928197E-005,
    3.603327913911));
#3501 = CARTESIAN_POINT('',(3.499207798459,-1.606573688695E-005,
    3.599849253127));
#3502 = CARTESIAN_POINT('',(3.498903875038,-1.286495889208E-005,
    3.596939139744));
#3503 = CARTESIAN_POINT('',(3.498471385998,-6.580906177405E-006,
    3.594124764915));
#3504 = CARTESIAN_POINT('',(3.497843649368,-5.89617085103E-006,
    3.591560105715));
#3505 = CARTESIAN_POINT('',(3.497692017101,-5.730770323072E-006,
    3.590940602135));
#3506 = CARTESIAN_POINT('',(3.497528987172,-6.007307178918E-006,
    3.590335827573));
#3507 = CARTESIAN_POINT('',(3.49735408101,-6.715027569615E-006,
    3.589748131116));
#3508 = CARTESIAN_POINT('',(3.497001031057,-8.143568720168E-006,
    3.588561859557));
#3509 = CARTESIAN_POINT('',(3.496474400716,-1.323036557789E-005,
    3.587017244026));
#3510 = CARTESIAN_POINT('',(3.495720798137,-1.540023643869E-005,
    3.585524532136));
#3511 = CARTESIAN_POINT('',(3.495272633446,-1.669065068542E-005,
    3.584636821847));
#3512 = CARTESIAN_POINT('',(3.4947441203,-1.699937070537E-005,
    3.583768026477));
#3513 = CARTESIAN_POINT('',(3.494131394077,-1.595484706193E-005,
    3.583010548164));
#3514 = CARTESIAN_POINT('',(3.493575325953,-1.500690933529E-005,
    3.582323113011));
#3515 = CARTESIAN_POINT('',(3.492916586451,-1.206769999841E-005,
    3.581686817422));
#3516 = CARTESIAN_POINT('',(3.492156396447,-7.907387513862E-006,
    3.581241268192));
#3517 = CARTESIAN_POINT('',(3.491831749123,-6.130681284764E-006,
    3.581050991598));
#3518 = CARTESIAN_POINT('',(3.491488613224,-4.186566593392E-006,
    3.580895701855));
#3519 = CARTESIAN_POINT('',(3.491128376154,-2.6094769781E-006,
    3.580787847382));
#3520 = CARTESIAN_POINT('',(3.490789060011,-1.12397754065E-006,
    3.580686256605));
#3521 = CARTESIAN_POINT('',(3.490441327954,3.339378796581E-012,
    3.580628798858));
#3522 = CARTESIAN_POINT('',(3.490086898616,3.339383890938E-012,
    3.580620771951));
#3523 = B_SPLINE_SURFACE_WITH_KNOTS('',3,3,(
    (#3524,#3525,#3526,#3527)
    ,(#3528,#3529,#3530,#3531)
    ,(#3532,#3533,#3534,#3535)
    ,(#3536,#3537,#3538,#3539)
    ,(#3540,#3541,#3542,#3543
  )),.UNSPECIFIED.,.F.,.F.,.F.,(4,1,4),(4,4),(0.E+000,0.571428571429,1.)
  ,(-4.726795309471E-003,0.E+000),.UNSPECIFIED.);
#3524 = CARTESIAN_POINT('',(3.490086898616,3.339383890938E-012,
    3.580620771951));
#3525 = CARTESIAN_POINT('',(3.49009334713,6.546831178433E-003,
    3.596376494389));
#3526 = CARTESIAN_POINT('',(3.490097073014,1.001332669219E-002,
    3.61375454787));
#3527 = CARTESIAN_POINT('',(3.490097073014,1.001332669219E-002,
    3.630814676288));
#3528 = CARTESIAN_POINT('',(3.493062226949,-2.387689758804E-005,
    3.580630693393));
#3529 = CARTESIAN_POINT('',(3.49306742413,6.521404792898E-003,
    3.596387810329));
#3530 = CARTESIAN_POINT('',(3.493070435527,9.984462006078E-003,
    3.613754259011));
#3531 = CARTESIAN_POINT('',(3.493070435527,9.984462006078E-003,
    3.630814676288));
#3532 = CARTESIAN_POINT('',(3.498197173964,-2.353911132476E-003,
    3.581598880172));
#3533 = CARTESIAN_POINT('',(3.498198734375,4.061941272952E-003,
    3.597047234793));
#3534 = CARTESIAN_POINT('',(3.498199619032,7.459507645627E-003,
    3.614089241078));
#3535 = CARTESIAN_POINT('',(3.498199619032,7.459507645627E-003,
    3.630814676288));
#3536 = CARTESIAN_POINT('',(3.5,-7.173405154139E-003,3.583601498986));
#3537 = CARTESIAN_POINT('',(3.499999983744,-1.016365372244E-003,
    3.598421385433));
#3538 = CARTESIAN_POINT('',(3.5,2.243924823121E-003,3.614768420664));
#3539 = CARTESIAN_POINT('',(3.5,2.243924823121E-003,3.630814676288));
#3540 = CARTESIAN_POINT('',(3.5,-9.234160142371E-003,3.584457793586));
#3541 = CARTESIAN_POINT('',(3.5,-3.187738729574E-003,3.599009085952));
#3542 = CARTESIAN_POINT('',(3.5,1.379786179782E-005,3.615058691924));
#3543 = CARTESIAN_POINT('',(3.5,1.379786179782E-005,3.630814676288));
#3544 = ADVANCED_FACE('',(#3545),#3582,.T.);
#3545 = FACE_BOUND('',#3546,.T.);
#3546 = EDGE_LOOP('',(#3547,#3548,#3563,#3575));
#3547 = ORIENTED_EDGE('',*,*,#3472,.F.);
#3548 = ORIENTED_EDGE('',*,*,#3549,.T.);
#3549 = EDGE_CURVE('',#3473,#3550,#3552,.T.);
#3550 = VERTEX_POINT('',#3551);
#3551 = CARTESIAN_POINT('',(3.200685826965,3.374574925052E-012,
    3.499999921769));
#3552 = B_SPLINE_CURVE_WITH_KNOTS('',3,(#3553,#3554,#3555,#3556,#3557,
    #3558,#3559,#3560,#3561,#3562),.UNSPECIFIED.,.F.,.F.,(4,2,2,2,4),(
    6.64626633013E-003,7.206673739195E-003,1.236804774549E-002,
    2.517910795468E-002,3.109681929763E-002),.UNSPECIFIED.);
#3553 = CARTESIAN_POINT('',(3.490086898616,3.340165241941E-012,
    3.580620771951));
#3554 = CARTESIAN_POINT('',(3.488502210766,3.340165241941E-012,
    3.580584882869));
#3555 = CARTESIAN_POINT('',(3.486915232735,3.340001886176E-012,
    3.58051803324));
#3556 = CARTESIAN_POINT('',(3.470660935414,3.340001886176E-012,
    3.579518568683));
#3557 = CARTESIAN_POINT('',(3.456146188184,3.340001886176E-012,
    3.576031703366));
#3558 = CARTESIAN_POINT('',(3.399763342961,3.340001886176E-012,
    3.556748249798));
#3559 = CARTESIAN_POINT('',(3.351304739312,3.340244747463E-012,
    3.530979839901));
#3560 = CARTESIAN_POINT('',(3.268200700733,3.340244747463E-012,
    3.506950026338));
#3561 = CARTESIAN_POINT('',(3.235636630756,3.340264730415E-012,
    3.499999921769));
#3562 = CARTESIAN_POINT('',(3.200685826965,3.340262540422E-012,
    3.499999921769));
#3563 = ORIENTED_EDGE('',*,*,#3564,.F.);
#3564 = EDGE_CURVE('',#3565,#3550,#3567,.T.);
#3565 = VERTEX_POINT('',#3566);
#3566 = CARTESIAN_POINT('',(3.293077320673,9.260837916202E-002,
    3.630814676288));
#3567 = B_SPLINE_CURVE_WITH_KNOTS('',3,(#3568,#3569,#3570,#3571,#3572,
    #3573,#3574),.UNSPECIFIED.,.F.,.F.,(4,1,1,1,4),(0.E+000,
    0.285714285714,0.5,0.785714285714,1.),.UNSPECIFIED.);
#3568 = CARTESIAN_POINT('',(3.293077320673,9.260837916202E-002,
    3.630814676288));
#3569 = CARTESIAN_POINT('',(3.293077320673,9.260837916202E-002,
    3.613195628669));
#3570 = CARTESIAN_POINT('',(3.288475374823,8.799563042175E-002,
    3.57952438599));
#3571 = CARTESIAN_POINT('',(3.265331217363,6.479714294909E-002,
    3.531889861944));
#3572 = CARTESIAN_POINT('',(3.23328321233,3.267390646653E-002,
    3.504635243561));
#3573 = CARTESIAN_POINT('',(3.210018777212,9.354858988786E-003,
    3.499999921769));
#3574 = CARTESIAN_POINT('',(3.200685826965,3.391780976995E-012,
    3.499999921769));
#3575 = ORIENTED_EDGE('',*,*,#3576,.T.);
#3576 = EDGE_CURVE('',#3565,#3340,#3577,.T.);
#3577 = B_SPLINE_CURVE_WITH_KNOTS('',3,(#3578,#3579,#3580,#3581),
  .UNSPECIFIED.,.F.,.F.,(4,4),(-3.313598574471E-002,-1.117233684116E-003
    ),.PIECEWISE_BEZIER_KNOTS.);
#3578 = CARTESIAN_POINT('',(3.293077320673,9.260837916202E-002,
    3.630814676288));
#3579 = CARTESIAN_POINT('',(3.344777387884,4.102939162522E-002,
    3.630814676288));
#3580 = CARTESIAN_POINT('',(3.417119967318,1.072281338201E-002,
    3.630814676288));
#3581 = CARTESIAN_POINT('',(3.490097073163,1.001332729099E-002,
    3.630814676288));
#3582 = B_SPLINE_SURFACE_WITH_KNOTS('',3,3,(
    (#3583,#3584,#3585,#3586)
    ,(#3587,#3588,#3589,#3590)
    ,(#3591,#3592,#3593,#3594)
    ,(#3595,#3596,#3597,#3598)
    ,(#3599,#3600,#3601,#3602)
    ,(#3603,#3604,#3605,#3606)
    ,(#3607,#3608,#3609,#3610
    )),.UNSPECIFIED.,.F.,.F.,.F.,(4,1,1,1,4),(4,4),(0.E+000,
    0.285714285714,0.5,0.785714285714,1.),(1.104941550279E-003,
    3.313598574471E-002),.UNSPECIFIED.);
#3583 = CARTESIAN_POINT('',(3.490181122098,1.001252325364E-002,
    3.630814676288));
#3584 = CARTESIAN_POINT('',(3.417175515602,1.0699546871E-002,
    3.630814676288));
#3585 = CARTESIAN_POINT('',(3.344797235758,4.100959023456E-002,
    3.630814676288));
#3586 = CARTESIAN_POINT('',(3.293077320673,9.260837916202E-002,
    3.630814676288));
#3587 = CARTESIAN_POINT('',(3.490181122098,1.001252325364E-002,
    3.613195628669));
#3588 = CARTESIAN_POINT('',(3.41719200204,1.06993917244E-002,
    3.613195628669));
#3589 = CARTESIAN_POINT('',(3.344785556146,4.102124249312E-002,
    3.613195628669));
#3590 = CARTESIAN_POINT('',(3.293077320673,9.260837916202E-002,
    3.613195628669));
#3591 = CARTESIAN_POINT('',(3.49011980642,3.496898303575E-003,
    3.579524237134));
#3592 = CARTESIAN_POINT('',(3.415430154623,4.199769729767E-003,
    3.579524237134));
#3593 = CARTESIAN_POINT('',(3.34138823487,3.520649833936E-002,
    3.579524237134));
#3594 = CARTESIAN_POINT('',(3.28847527881,8.799553418394E-002,
    3.579524237134));
#3595 = CARTESIAN_POINT('',(3.489811444575,-2.927074306472E-002,
    3.53188977957));
#3596 = CARTESIAN_POINT('',(3.406666778951,-2.848830522626E-002,
    3.53188977957));
#3597 = CARTESIAN_POINT('',(3.324234017862,6.032280496726E-003,
    3.53188977957));
#3598 = CARTESIAN_POINT('',(3.265331212279,6.479713785393E-002,
    3.53188977957));
#3599 = CARTESIAN_POINT('',(3.489384451446,-7.464457238474E-002,
    3.504634995784));
#3600 = CARTESIAN_POINT('',(3.39452738202,-7.375191427123E-002,
    3.504634995784));
#3601 = CARTESIAN_POINT('',(3.300483599497,-3.436895064734E-002,
    3.504634995784));
#3602 = CARTESIAN_POINT('',(3.233283286927,3.267398123899E-002,
    3.504634995784));
#3603 = CARTESIAN_POINT('',(3.489074484867,-0.107582738629,
    3.499999921769));
#3604 = CARTESIAN_POINT('',(3.385704268155,-0.106609967035,
    3.499999921769));
#3605 = CARTESIAN_POINT('',(3.283250123231,-6.370498188574E-002,
    3.499999921769));
#3606 = CARTESIAN_POINT('',(3.210018777212,9.354858988786E-003,
    3.499999921769));
#3607 = CARTESIAN_POINT('',(3.488950136549,-0.120796439263,
    3.499999921769));
#3608 = CARTESIAN_POINT('',(3.382179437049,-0.119791667222,
    3.499999921769));
#3609 = CARTESIAN_POINT('',(3.276326202776,-7.546322880302E-002,
    3.499999921769));
#3610 = CARTESIAN_POINT('',(3.200685826965,3.391936165059E-012,
    3.499999921769));
#3611 = ADVANCED_FACE('',(#3612),#3661,.F.);
#3612 = FACE_BOUND('',#3613,.F.);
#3613 = EDGE_LOOP('',(#3614,#3615,#3624,#3632,#3641,#3656,#3657,#3658,
    #3659,#3660));
#3614 = ORIENTED_EDGE('',*,*,#3549,.T.);
#3615 = ORIENTED_EDGE('',*,*,#3616,.T.);
#3616 = EDGE_CURVE('',#3550,#3617,#3619,.T.);
#3617 = VERTEX_POINT('',#3618);
#3618 = CARTESIAN_POINT('',(3.200292523395,2.925233980492E-004,
    3.499999921769));
#3619 = B_SPLINE_CURVE_WITH_KNOTS('',3,(#3620,#3621,#3622,#3623),
  .UNSPECIFIED.,.F.,.F.,(4,4),(3.313598574471E-002,3.318444641003E-002),
  .PIECEWISE_BEZIER_KNOTS.);
#3620 = CARTESIAN_POINT('',(3.200685826965,3.391780976995E-012,
    3.499999921769));
#3621 = CARTESIAN_POINT('',(3.200571388519,1.141704391982E-004,
    3.499999921769));
#3622 = CARTESIAN_POINT('',(3.200457016996,2.284079568925E-004,
    3.499999921769));
#3623 = CARTESIAN_POINT('',(3.200342712475,3.427124779807E-004,
    3.499999921769));
#3624 = ORIENTED_EDGE('',*,*,#3625,.T.);
#3625 = EDGE_CURVE('',#3617,#3626,#3628,.T.);
#3626 = VERTEX_POINT('',#3627);
#3627 = CARTESIAN_POINT('',(3.200292523395,2.925233980502E-004,
    5.099999921769));
#3628 = LINE('',#3629,#3630);
#3629 = CARTESIAN_POINT('',(3.2,3.340001886176E-012,3.499999921769));
#3630 = VECTOR('',#3631,1.);
#3631 = DIRECTION('',(-1.224646799147E-016,0.E+000,1.));
#3632 = ORIENTED_EDGE('',*,*,#3633,.T.);
#3633 = EDGE_CURVE('',#3626,#3634,#3636,.T.);
#3634 = VERTEX_POINT('',#3635);
#3635 = CARTESIAN_POINT('',(3.200685826965,3.374626966757E-012,
    5.099999921769));
#3636 = B_SPLINE_CURVE_WITH_KNOTS('',3,(#3637,#3638,#3639,#3640),
  .UNSPECIFIED.,.F.,.F.,(4,4),(-3.318443682506E-002,-3.313597616036E-002
    ),.PIECEWISE_BEZIER_KNOTS.);
#3637 = CARTESIAN_POINT('',(3.200342712475,3.427124779829E-004,
    5.099999921769));
#3638 = CARTESIAN_POINT('',(3.200457016994,2.284079583432E-004,
    5.099999921769));
#3639 = CARTESIAN_POINT('',(3.200571388517,1.141704406469E-004,
    5.099999921769));
#3640 = CARTESIAN_POINT('',(3.200685826965,3.392842395232E-012,
    5.099999921769));
#3641 = ORIENTED_EDGE('',*,*,#3642,.T.);
#3642 = EDGE_CURVE('',#3634,#3400,#3643,.T.);
#3643 = B_SPLINE_CURVE_WITH_KNOTS('',3,(#3644,#3645,#3646,#3647,#3648,
    #3649,#3650,#3651,#3652,#3653,#3654,#3655),.UNSPECIFIED.,.F.,.F.,(4,
    2,2,2,2,4),(0.E+000,1.209627812245E-002,2.572982682123E-002,
    3.780179082431E-002,4.113153566165E-002,4.124857541793E-002),
  .UNSPECIFIED.);
#3644 = CARTESIAN_POINT('',(3.200685826965,3.339222450354E-012,
    5.099999921769));
#3645 = CARTESIAN_POINT('',(3.24100675404,3.339224688615E-012,
    5.099999921769));
#3646 = CARTESIAN_POINT('',(3.279275216151,3.340175358524E-012,
    5.090710288417));
#3647 = CARTESIAN_POINT('',(3.3460292845,3.340175358524E-012,
    5.068918928973));
#3648 = CARTESIAN_POINT('',(3.377951825658,3.339672288716E-012,
    5.054427070123));
#3649 = CARTESIAN_POINT('',(3.431112364678,3.339672288716E-012,
    5.032184804363));
#3650 = CARTESIAN_POINT('',(3.452142327069,3.244435969885E-012,
    5.024277730994));
#3651 = CARTESIAN_POINT('',(3.478170644022,3.244435969885E-012,
    5.02010600032));
#3652 = CARTESIAN_POINT('',(3.483785603583,3.340001886176E-012,
    5.019551356492));
#3653 = CARTESIAN_POINT('',(3.489686256523,3.340001886176E-012,
    5.019388638935));
#3654 = CARTESIAN_POINT('',(3.489886589992,3.339672106587E-012,
    5.019383608059));
#3655 = CARTESIAN_POINT('',(3.490086898616,3.339672106587E-012,
    5.019379071587));
#3656 = ORIENTED_EDGE('',*,*,#3417,.T.);
#3657 = ORIENTED_EDGE('',*,*,#3409,.T.);
#3658 = ORIENTED_EDGE('',*,*,#3359,.T.);
#3659 = ORIENTED_EDGE('',*,*,#3462,.T.);
#3660 = ORIENTED_EDGE('',*,*,#3481,.T.);
#3661 = PLANE('',#3662);
#3662 = AXIS2_PLACEMENT_3D('',#3663,#3664,#3665);
#3663 = CARTESIAN_POINT('',(3.205,3.340001886176E-012,4.299999921769));
#3664 = DIRECTION('',(0.E+000,1.,0.E+000));
#3665 = DIRECTION('',(-1.,0.E+000,-1.224646799147E-016));
#3666 = ADVANCED_FACE('',(#3667),#3704,.F.);
#3667 = FACE_BOUND('',#3668,.F.);
#3668 = EDGE_LOOP('',(#3669,#3679,#3688,#3697));
#3669 = ORIENTED_EDGE('',*,*,#3670,.F.);
#3670 = EDGE_CURVE('',#3671,#3673,#3675,.T.);
#3671 = VERTEX_POINT('',#3672);
#3672 = CARTESIAN_POINT('',(3.2,0.300000000003,3.630814676288));
#3673 = VERTEX_POINT('',#3674);
#3674 = CARTESIAN_POINT('',(3.2,0.300000000003,4.969185167249));
#3675 = LINE('',#3676,#3677);
#3676 = CARTESIAN_POINT('',(3.2,0.300000000003,3.499999921769));
#3677 = VECTOR('',#3678,1.);
#3678 = DIRECTION('',(-1.224646799147E-016,0.E+000,1.));
#3679 = ORIENTED_EDGE('',*,*,#3680,.F.);
#3680 = EDGE_CURVE('',#3681,#3671,#3683,.T.);
#3681 = VERTEX_POINT('',#3682);
#3682 = CARTESIAN_POINT('',(3.210013326689,0.290097073017,3.630814676288
    ));
#3683 = CIRCLE('',#3684,1.E-002);
#3684 = AXIS2_PLACEMENT_3D('',#3685,#3686,#3687);
#3685 = CARTESIAN_POINT('',(3.200013797858,0.290000000003,3.630814676288
    ));
#3686 = DIRECTION('',(-1.224646799147E-016,0.E+000,1.));
#3687 = DIRECTION('',(0.99995288304,9.707301406262E-003,
    1.224589097513E-016));
#3688 = ORIENTED_EDGE('',*,*,#3689,.F.);
#3689 = EDGE_CURVE('',#3690,#3681,#3692,.T.);
#3690 = VERTEX_POINT('',#3691);
#3691 = CARTESIAN_POINT('',(3.210013326689,0.290097073017,4.969185167249
    ));
#3692 = B_SPLINE_CURVE_WITH_KNOTS('',3,(#3693,#3694,#3695,#3696),
  .UNSPECIFIED.,.F.,.F.,(4,4),(-0.207543919395,-7.370687029928E-002),
  .PIECEWISE_BEZIER_KNOTS.);
#3693 = CARTESIAN_POINT('',(3.210013326689,0.290097073017,4.969185167249
    ));
#3694 = CARTESIAN_POINT('',(3.210013326689,0.290097073017,4.523061670262
    ));
#3695 = CARTESIAN_POINT('',(3.210013326689,0.290097073017,4.076938173275
    ));
#3696 = CARTESIAN_POINT('',(3.210013326689,0.290097073017,3.630814676288
    ));
#3697 = ORIENTED_EDGE('',*,*,#3698,.F.);
#3698 = EDGE_CURVE('',#3673,#3690,#3699,.T.);
#3699 = CIRCLE('',#3700,1.E-002);
#3700 = AXIS2_PLACEMENT_3D('',#3701,#3702,#3703);
#3701 = CARTESIAN_POINT('',(3.200013797858,0.290000000003,4.969185167249
    ));
#3702 = DIRECTION('',(5.509734268391E-014,5.551115123126E-014,-1.));
#3703 = DIRECTION('',(-6.798155367235E-030,1.,5.551115123126E-014));
#3704 = B_SPLINE_SURFACE_WITH_KNOTS('',3,3,(
    (#3705,#3706,#3707,#3708)
    ,(#3709,#3710,#3711,#3712)
    ,(#3713,#3714,#3715,#3716)
    ,(#3717,#3718,#3719,#3720)
    ,(#3721,#3722,#3723,#3724
  )),.UNSPECIFIED.,.F.,.F.,.F.,(4,1,4),(4,4),(0.E+000,0.571428571429,1.)
  ,(-0.207543919395,-7.370687029928E-002),.UNSPECIFIED.);
#3705 = CARTESIAN_POINT('',(3.210013326689,0.290097073017,4.969185167249
    ));
#3706 = CARTESIAN_POINT('',(3.210013326689,0.290097073017,4.523061670262
    ));
#3707 = CARTESIAN_POINT('',(3.210013326689,0.290097073017,4.076938173275
    ));
#3708 = CARTESIAN_POINT('',(3.210013326689,0.290097073017,3.630814676288
    ));
#3709 = CARTESIAN_POINT('',(3.209984462003,0.29307043553,4.969185167249)
  );
#3710 = CARTESIAN_POINT('',(3.209984462003,0.29307043553,4.523061670262)
  );
#3711 = CARTESIAN_POINT('',(3.209984462003,0.29307043553,4.076938173275)
  );
#3712 = CARTESIAN_POINT('',(3.209984462003,0.29307043553,3.630814676288)
  );
#3713 = CARTESIAN_POINT('',(3.20745912456,0.298199155421,4.969185167249)
  );
#3714 = CARTESIAN_POINT('',(3.20745912456,0.298199155421,4.523061670262)
  );
#3715 = CARTESIAN_POINT('',(3.20745912456,0.298199155421,4.076938173275)
  );
#3716 = CARTESIAN_POINT('',(3.20745912456,0.298199155421,3.630814676288)
  );
#3717 = CARTESIAN_POINT('',(3.20224392482,0.300000000003,4.969185167249)
  );
#3718 = CARTESIAN_POINT('',(3.20224392482,0.300000000003,4.523061670262)
  );
#3719 = CARTESIAN_POINT('',(3.20224392482,0.300000000003,4.076938173275)
  );
#3720 = CARTESIAN_POINT('',(3.20224392482,0.300000000003,3.630814676288)
  );
#3721 = CARTESIAN_POINT('',(3.200013797858,0.300000000003,4.969185167249
    ));
#3722 = CARTESIAN_POINT('',(3.200013797858,0.300000000003,4.523061670262
    ));
#3723 = CARTESIAN_POINT('',(3.200013797858,0.300000000003,4.076938173275
    ));
#3724 = CARTESIAN_POINT('',(3.200013797858,0.300000000003,3.630814676288
    ));
#3725 = ADVANCED_FACE('',(#3726),#3789,.F.);
#3726 = FACE_BOUND('',#3727,.F.);
#3727 = EDGE_LOOP('',(#3728,#3736,#3737,#3746));
#3728 = ORIENTED_EDGE('',*,*,#3729,.F.);
#3729 = EDGE_CURVE('',#3673,#3730,#3732,.T.);
#3730 = VERTEX_POINT('',#3731);
#3731 = CARTESIAN_POINT('',(3.199999999997,0.300000000003,4.971010988691
    ));
#3732 = LINE('',#3733,#3734);
#3733 = CARTESIAN_POINT('',(3.2,0.300000000003,3.499999921769));
#3734 = VECTOR('',#3735,1.);
#3735 = DIRECTION('',(-1.224646799147E-016,0.E+000,1.));
#3736 = ORIENTED_EDGE('',*,*,#3698,.T.);
#3737 = ORIENTED_EDGE('',*,*,#3738,.F.);
#3738 = EDGE_CURVE('',#3739,#3690,#3741,.T.);
#3739 = VERTEX_POINT('',#3740);
#3740 = CARTESIAN_POINT('',(3.2,0.29008689862,5.019379071587));
#3741 = B_SPLINE_CURVE_WITH_KNOTS('',3,(#3742,#3743,#3744,#3745),
  .UNSPECIFIED.,.F.,.F.,(4,4),(-4.726795309471E-003,0.E+000),
  .PIECEWISE_BEZIER_KNOTS.);
#3742 = CARTESIAN_POINT('',(3.2,0.29008689862,5.019379071587));
#3743 = CARTESIAN_POINT('',(3.206546831175,0.290093347133,5.003623349149
    ));
#3744 = CARTESIAN_POINT('',(3.210013326689,0.290097073017,4.986245295668
    ));
#3745 = CARTESIAN_POINT('',(3.210013326689,0.290097073017,4.969185167249
    ));
#3746 = ORIENTED_EDGE('',*,*,#3747,.F.);
#3747 = EDGE_CURVE('',#3730,#3739,#3748,.T.);
#3748 = B_SPLINE_CURVE_WITH_KNOTS('',3,(#3749,#3750,#3751,#3752,#3753,
    #3754,#3755,#3756,#3757,#3758,#3759,#3760,#3761,#3762,#3763,#3764,
    #3765,#3766,#3767,#3768,#3769,#3770,#3771,#3772,#3773,#3774,#3775,
    #3776,#3777,#3778,#3779,#3780,#3781,#3782,#3783,#3784,#3785,#3786,
    #3787,#3788),.UNSPECIFIED.,.F.,.F.,(4,3,3,3,3,3,3,3,3,3,3,3,3,4),(
    0.E+000,2.078030896436E-004,5.593375079065E-004,5.824108909144E-004,
    1.065244687995E-003,1.38887910374E-003,2.167730599149E-003,
    2.818951667049E-003,2.976300890978E-003,3.293929271664E-003,
    3.482794124473E-003,3.654210554597E-003,3.72741578625E-003,
    3.796369591656E-003),.UNSPECIFIED.);
#3749 = CARTESIAN_POINT('',(3.199999506918,0.300000000003,4.971010981528
    ));
#3750 = CARTESIAN_POINT('',(3.19999914785,0.300000000003,4.971703650405)
  );
#3751 = CARTESIAN_POINT('',(3.199998356377,0.299999982941,4.972708232618
    ));
#3752 = CARTESIAN_POINT('',(3.199997508237,0.299999785502,4.973532665292
    ));
#3753 = CARTESIAN_POINT('',(3.199996073463,0.299999451501,4.974927333969
    ));
#3754 = CARTESIAN_POINT('',(3.199994465594,0.299998512528,4.976548420366
    ));
#3755 = CARTESIAN_POINT('',(3.199991798353,0.299995007745,4.978049419273
    ));
#3756 = CARTESIAN_POINT('',(3.199991623286,0.299994777705,4.978147939136
    ));
#3757 = CARTESIAN_POINT('',(3.199991462453,0.29999453667,4.978245939589)
  );
#3758 = CARTESIAN_POINT('',(3.199991323466,0.299994284159,4.978343321828
    ));
#3759 = CARTESIAN_POINT('',(3.199988415036,0.299989000097,4.980381143349
    ));
#3760 = CARTESIAN_POINT('',(3.199992973407,0.299977559125,4.982671340341
    ));
#3761 = CARTESIAN_POINT('',(3.199988657572,0.299946648902,4.984968406786
    ));
#3762 = CARTESIAN_POINT('',(3.199985764748,0.299925930361,4.986508087234
    ));
#3763 = CARTESIAN_POINT('',(3.199979919515,0.299896332522,4.988050648671
    ));
#3764 = CARTESIAN_POINT('',(3.199979367112,0.29985406952,4.989520182265)
  );
#3765 = CARTESIAN_POINT('',(3.199978037712,0.299752360306,4.993056729621
    ));
#3766 = CARTESIAN_POINT('',(3.199980035912,0.299570922661,4.996673614137
    ));
#3767 = CARTESIAN_POINT('',(3.199983829024,0.299207404384,5.000153011975
    ));
#3768 = CARTESIAN_POINT('',(3.199987000558,0.298903455862,5.003062240742
    ));
#3769 = CARTESIAN_POINT('',(3.199993248745,0.298470989209,5.005875739994
    ));
#3770 = CARTESIAN_POINT('',(3.199993923759,0.297843415637,5.008439671545
    ));
#3771 = CARTESIAN_POINT('',(3.199994086857,0.297691780165,5.009059173369
    ));
#3772 = CARTESIAN_POINT('',(3.199993809569,0.297528749056,5.009663946797
    ));
#3773 = CARTESIAN_POINT('',(3.199993102611,0.297353843706,5.010251642791
    ));
#3774 = CARTESIAN_POINT('',(3.199991675531,0.297000776168,5.011437978015
    ));
#3775 = CARTESIAN_POINT('',(3.199986597566,0.296474119149,5.012982699371
    ));
#3776 = CARTESIAN_POINT('',(3.199984452137,0.295720482554,5.014475495551
    ));
#3777 = CARTESIAN_POINT('',(3.199983176444,0.295272363075,5.015363126343
    ));
#3778 = CARTESIAN_POINT('',(3.199982887503,0.294743916054,5.016231839793
    ));
#3779 = CARTESIAN_POINT('',(3.199983953959,0.294131274732,5.016989257705
    ));
#3780 = CARTESIAN_POINT('',(3.199984921889,0.293575232744,5.01767670099)
  );
#3781 = CARTESIAN_POINT('',(3.199987884616,0.292916524027,5.018313006319
    ));
#3782 = CARTESIAN_POINT('',(3.199992064089,0.292156359108,5.0187585635)
  );
#3783 = CARTESIAN_POINT('',(3.199993848978,0.291831722497,5.01894884349)
  );
#3784 = CARTESIAN_POINT('',(3.199995800379,0.291488596139,5.01910413626)
  );
#3785 = CARTESIAN_POINT('',(3.199997382674,0.291128365884,5.019211992896
    ));
#3786 = CARTESIAN_POINT('',(3.199998873076,0.29078905616,5.01931358571)
  );
#3787 = CARTESIAN_POINT('',(3.2,0.290441327957,5.019371044679));
#3788 = CARTESIAN_POINT('',(3.2,0.29008689862,5.019379071587));
#3789 = B_SPLINE_SURFACE_WITH_KNOTS('',3,3,(
    (#3790,#3791,#3792,#3793)
    ,(#3794,#3795,#3796,#3797)
    ,(#3798,#3799,#3800,#3801)
    ,(#3802,#3803,#3804,#3805)
    ,(#3806,#3807,#3808,#3809
  )),.UNSPECIFIED.,.F.,.F.,.F.,(4,1,4),(4,4),(0.E+000,0.571428571429,1.)
  ,(-4.726795309471E-003,0.E+000),.UNSPECIFIED.);
#3790 = CARTESIAN_POINT('',(3.2,0.29008689862,5.019379071587));
#3791 = CARTESIAN_POINT('',(3.206546831175,0.290093347133,5.003623349149
    ));
#3792 = CARTESIAN_POINT('',(3.210013326689,0.290097073017,4.986245295668
    ));
#3793 = CARTESIAN_POINT('',(3.210013326689,0.290097073017,4.969185167249
    ));
#3794 = CARTESIAN_POINT('',(3.199976123099,0.293062226952,5.019369150145
    ));
#3795 = CARTESIAN_POINT('',(3.20652140479,0.293067424133,5.003612033209)
  );
#3796 = CARTESIAN_POINT('',(3.209984462003,0.29307043553,4.986245584527)
  );
#3797 = CARTESIAN_POINT('',(3.209984462003,0.29307043553,4.969185167249)
  );
#3798 = CARTESIAN_POINT('',(3.197645724324,0.298196696652,5.01840081189)
  );
#3799 = CARTESIAN_POINT('',(3.204061576729,0.298198257063,5.00295245727)
  );
#3800 = CARTESIAN_POINT('',(3.20745911407,0.298199142726,4.98591060246)
  );
#3801 = CARTESIAN_POINT('',(3.20745911407,0.298199142726,4.969185167249)
  );
#3802 = CARTESIAN_POINT('',(3.192826594843,0.300000000003,5.016398344552
    ));
#3803 = CARTESIAN_POINT('',(3.198983634624,0.299999983748,5.001578458104
    ));
#3804 = CARTESIAN_POINT('',(3.20224392482,0.300000000003,4.985231422874)
  );
#3805 = CARTESIAN_POINT('',(3.20224392482,0.300000000003,4.969185167249)
  );
#3806 = CARTESIAN_POINT('',(3.190765839854,0.300000000003,5.015542049951
    ));
#3807 = CARTESIAN_POINT('',(3.196812261267,0.300000000003,5.000990757586
    ));
#3808 = CARTESIAN_POINT('',(3.200013797858,0.300000000003,4.984941151614
    ));
#3809 = CARTESIAN_POINT('',(3.200013797858,0.300000000003,4.969185167249
    ));
#3810 = ADVANCED_FACE('',(#3811),#3852,.F.);
#3811 = FACE_BOUND('',#3812,.F.);
#3812 = EDGE_LOOP('',(#3813,#3822,#3823,#3831));
#3813 = ORIENTED_EDGE('',*,*,#3814,.F.);
#3814 = EDGE_CURVE('',#3681,#3815,#3817,.T.);
#3815 = VERTEX_POINT('',#3816);
#3816 = CARTESIAN_POINT('',(3.2,0.29008689862,3.580620771951));
#3817 = B_SPLINE_CURVE_WITH_KNOTS('',3,(#3818,#3819,#3820,#3821),
  .UNSPECIFIED.,.F.,.F.,(4,4),(-1.886076001984E-002,-1.413396471037E-002
    ),.PIECEWISE_BEZIER_KNOTS.);
#3818 = CARTESIAN_POINT('',(3.210013326689,0.290097073017,3.630814676288
    ));
#3819 = CARTESIAN_POINT('',(3.210013326689,0.290097073017,3.61375454787)
  );
#3820 = CARTESIAN_POINT('',(3.206546831175,0.290093347133,3.596376494389
    ));
#3821 = CARTESIAN_POINT('',(3.2,0.29008689862,3.580620771951));
#3822 = ORIENTED_EDGE('',*,*,#3680,.T.);
#3823 = ORIENTED_EDGE('',*,*,#3824,.F.);
#3824 = EDGE_CURVE('',#3825,#3671,#3827,.T.);
#3825 = VERTEX_POINT('',#3826);
#3826 = CARTESIAN_POINT('',(3.199999999997,0.300000000003,3.628988854847
    ));
#3827 = LINE('',#3828,#3829);
#3828 = CARTESIAN_POINT('',(3.2,0.300000000003,3.499999921769));
#3829 = VECTOR('',#3830,1.);
#3830 = DIRECTION('',(-1.224646799147E-016,0.E+000,1.));
#3831 = ORIENTED_EDGE('',*,*,#3832,.F.);
#3832 = EDGE_CURVE('',#3815,#3825,#3833,.T.);
#3833 = B_SPLINE_CURVE_WITH_KNOTS('',3,(#3834,#3835,#3836,#3837,#3838,
    #3839,#3840,#3841,#3842,#3843,#3844,#3845,#3846,#3847,#3848,#3849,
    #3850,#3851),.UNSPECIFIED.,.F.,.F.,(4,2,2,2,2,2,2,2,4),(0.E+000,
    1.545141780894E-004,3.502037023686E-004,6.805502176837E-004,
    1.464372648899E-003,4.296343870186E-003,4.718863213576E-003,
    4.862901334178E-003,4.980377992822E-003),.UNSPECIFIED.);
#3834 = CARTESIAN_POINT('',(3.2,0.29008689862,3.580620771951));
#3835 = CARTESIAN_POINT('',(3.2,0.290601813845,3.580632433449));
#3836 = CARTESIAN_POINT('',(3.2,0.291099766262,3.580747293709));
#3837 = CARTESIAN_POINT('',(3.2,0.292177420107,3.581197780257));
#3838 = CARTESIAN_POINT('',(3.2,0.292723011973,3.58157522745));
#3839 = CARTESIAN_POINT('',(3.2,0.294026278358,3.58275359134));
#3840 = CARTESIAN_POINT('',(3.2,0.294707028024,3.583698075602));
#3841 = CARTESIAN_POINT('',(3.2,0.296572780002,3.586931022249));
#3842 = CARTESIAN_POINT('',(3.2,0.297395744062,3.589680589225));
#3843 = CARTESIAN_POINT('',(3.2,0.299738963877,3.599519627388));
#3844 = CARTESIAN_POINT('',(3.2,0.299956282043,3.609641492161));
#3845 = CARTESIAN_POINT('',(3.2,0.29999772145,3.622595401617));
#3846 = CARTESIAN_POINT('',(3.2,0.299999161358,3.624436950894));
#3847 = CARTESIAN_POINT('',(3.2,0.299999845688,3.626569533604));
#3848 = CARTESIAN_POINT('',(3.2,0.29999992449,3.627126432328));
#3849 = CARTESIAN_POINT('',(3.2,0.299999993884,3.628100635392));
#3850 = CARTESIAN_POINT('',(3.2,0.300000000003,3.628566221875));
#3851 = CARTESIAN_POINT('',(3.2,0.300000000003,3.628988855289));
#3852 = B_SPLINE_SURFACE_WITH_KNOTS('',3,3,(
    (#3853,#3854,#3855,#3856)
    ,(#3857,#3858,#3859,#3860)
    ,(#3861,#3862,#3863,#3864)
    ,(#3865,#3866,#3867,#3868)
    ,(#3869,#3870,#3871,#3872
  )),.UNSPECIFIED.,.F.,.F.,.F.,(4,1,4),(4,4),(0.E+000,0.571428571429,1.)
  ,(1.413396471037E-002,1.886076001984E-002),.UNSPECIFIED.);
#3853 = CARTESIAN_POINT('',(3.190765839854,0.300000000003,3.584457793586
    ));
#3854 = CARTESIAN_POINT('',(3.196812261267,0.300000000003,3.599009085952
    ));
#3855 = CARTESIAN_POINT('',(3.200013797858,0.300000000003,3.615058691924
    ));
#3856 = CARTESIAN_POINT('',(3.200013797858,0.300000000003,3.630814676288
    ));
#3857 = CARTESIAN_POINT('',(3.193513513172,0.300000000003,3.583316067452
    ));
#3858 = CARTESIAN_POINT('',(3.199708322257,0.299999950159,3.598227737976
    ));
#3859 = CARTESIAN_POINT('',(3.202987300474,0.300000000003,3.614669246974
    ));
#3860 = CARTESIAN_POINT('',(3.202987300474,0.300000000003,3.630814676288
    ));
#3861 = CARTESIAN_POINT('',(3.198275453155,0.297521535693,3.581337363763
    ));
#3862 = CARTESIAN_POINT('',(3.204725395557,0.297523721176,3.596868251799
    ));
#3863 = CARTESIAN_POINT('',(3.2081407528,0.297524955141,3.613999989799)
  );
#3864 = CARTESIAN_POINT('',(3.2081407528,0.297524955141,3.630814676288)
  );
#3865 = CARTESIAN_POINT('',(3.199982092324,0.292318394869,3.580628213032
    ));
#3866 = CARTESIAN_POINT('',(3.206527016638,0.292323922501,3.596383110945
    ));
#3867 = CARTESIAN_POINT('',(3.209991678174,0.292327094902,3.61375633792)
  );
#3868 = CARTESIAN_POINT('',(3.209991678174,0.292327094902,3.630814676288
    ));
#3869 = CARTESIAN_POINT('',(3.2,0.29008689862,3.580620771951));
#3870 = CARTESIAN_POINT('',(3.206546831175,0.290093347133,3.596376494389
    ));
#3871 = CARTESIAN_POINT('',(3.210013326689,0.290097073017,3.61375454787)
  );
#3872 = CARTESIAN_POINT('',(3.210013326689,0.290097073017,3.630814676288
    ));
#3873 = ADVANCED_FACE('',(#3874),#3928,.T.);
#3874 = FACE_BOUND('',#3875,.T.);
#3875 = EDGE_LOOP('',(#3876,#3877,#3894,#3901,#3902,#3911,#3924,#3925,
    #3926,#3927));
#3876 = ORIENTED_EDGE('',*,*,#3832,.F.);
#3877 = ORIENTED_EDGE('',*,*,#3878,.F.);
#3878 = EDGE_CURVE('',#3879,#3815,#3881,.T.);
#3879 = VERTEX_POINT('',#3880);
#3880 = CARTESIAN_POINT('',(3.2,6.858269685667E-004,3.499999921769));
#3881 = B_SPLINE_CURVE_WITH_KNOTS('',3,(#3882,#3883,#3884,#3885,#3886,
    #3887,#3888,#3889,#3890,#3891,#3892,#3893),.UNSPECIFIED.,.F.,.F.,(4,
    2,2,2,2,4),(0.E+000,1.209627812252E-002,2.572982682156E-002,
    3.78017908355E-002,4.113153506465E-002,4.124857541099E-002),
  .UNSPECIFIED.);
#3882 = CARTESIAN_POINT('',(3.2,6.858269685836E-004,3.499999921769));
#3883 = CARTESIAN_POINT('',(3.2,4.100675404365E-002,3.499999921769));
#3884 = CARTESIAN_POINT('',(3.2,7.927521615466E-002,3.509289555121));
#3885 = CARTESIAN_POINT('',(3.2,0.146029284504,3.531080914565));
#3886 = CARTESIAN_POINT('',(3.2,0.177951825663,3.545572773416));
#3887 = CARTESIAN_POINT('',(3.2,0.231112364706,3.567815039185));
#3888 = CARTESIAN_POINT('',(3.2,0.252142327111,3.575722112558));
#3889 = CARTESIAN_POINT('',(3.2,0.278170643052,3.579893843059));
#3890 = CARTESIAN_POINT('',(3.2,0.283785601605,3.58044848685));
#3891 = CARTESIAN_POINT('',(3.2,0.289686254507,3.580611204552));
#3892 = CARTESIAN_POINT('',(3.2,0.289886588986,3.580616235456));
#3893 = CARTESIAN_POINT('',(3.2,0.29008689862,3.580620771951));
#3894 = ORIENTED_EDGE('',*,*,#3895,.F.);
#3895 = EDGE_CURVE('',#3617,#3879,#3896,.T.);
#3896 = B_SPLINE_CURVE_WITH_KNOTS('',3,(#3897,#3898,#3899,#3900),
  .UNSPECIFIED.,.F.,.F.,(4,4),(3.318444641003E-002,3.323290707473E-002),
  .PIECEWISE_BEZIER_KNOTS.);
#3897 = CARTESIAN_POINT('',(3.200342712475,3.427124779805E-004,
    3.499999921769));
#3898 = CARTESIAN_POINT('',(3.200228407955,4.570169976206E-004,
    3.499999921769));
#3899 = CARTESIAN_POINT('',(3.200114170437,5.71388520653E-004,
    3.499999921769));
#3900 = CARTESIAN_POINT('',(3.2,6.858269685837E-004,3.499999921769));
#3901 = ORIENTED_EDGE('',*,*,#3625,.T.);
#3902 = ORIENTED_EDGE('',*,*,#3903,.F.);
#3903 = EDGE_CURVE('',#3904,#3626,#3906,.T.);
#3904 = VERTEX_POINT('',#3905);
#3905 = CARTESIAN_POINT('',(3.2,6.858269685669E-004,5.099999921769));
#3906 = B_SPLINE_CURVE_WITH_KNOTS('',3,(#3907,#3908,#3909,#3910),
  .UNSPECIFIED.,.F.,.F.,(4,4),(-3.323289749038E-002,-3.318443682506E-002
    ),.PIECEWISE_BEZIER_KNOTS.);
#3907 = CARTESIAN_POINT('',(3.2,6.858269685847E-004,5.099999921769));
#3908 = CARTESIAN_POINT('',(3.200114170436,5.71388522105E-004,
    5.099999921769));
#3909 = CARTESIAN_POINT('',(3.200228407954,4.570169990714E-004,
    5.099999921769));
#3910 = CARTESIAN_POINT('',(3.200342712475,3.427124779829E-004,
    5.099999921769));
#3911 = ORIENTED_EDGE('',*,*,#3912,.F.);
#3912 = EDGE_CURVE('',#3739,#3904,#3913,.T.);
#3913 = B_SPLINE_CURVE_WITH_KNOTS('',3,(#3914,#3915,#3916,#3917,#3918,
    #3919,#3920,#3921,#3922,#3923),.UNSPECIFIED.,.F.,.F.,(4,2,2,2,4),(
    6.646267600157E-003,7.206673351706E-003,1.236804566665E-002,
    2.517910362931E-002,3.109682075238E-002),.UNSPECIFIED.);
#3914 = CARTESIAN_POINT('',(3.2,0.29008689862,5.019379071587));
#3915 = CARTESIAN_POINT('',(3.2,0.288502215461,5.019414960562));
#3916 = CARTESIAN_POINT('',(3.2,0.286915242125,5.019481809902));
#3917 = CARTESIAN_POINT('',(3.2,0.270660954468,5.020481272011));
#3918 = CARTESIAN_POINT('',(3.2,0.256146212339,5.023968133787));
#3919 = CARTESIAN_POINT('',(3.2,0.199763383067,5.043251575368));
#3920 = CARTESIAN_POINT('',(3.2,0.151304794995,5.069019977769));
#3921 = CARTESIAN_POINT('',(3.2,6.820074833728E-002,5.093049807948));
#3922 = CARTESIAN_POINT('',(3.2,3.563665343154E-002,5.099999921769));
#3923 = CARTESIAN_POINT('',(3.2,6.858269685847E-004,5.099999921769));
#3924 = ORIENTED_EDGE('',*,*,#3747,.F.);
#3925 = ORIENTED_EDGE('',*,*,#3729,.F.);
#3926 = ORIENTED_EDGE('',*,*,#3670,.F.);
#3927 = ORIENTED_EDGE('',*,*,#3824,.F.);
#3928 = PLANE('',#3929);
#3929 = AXIS2_PLACEMENT_3D('',#3930,#3931,#3932);
#3930 = CARTESIAN_POINT('',(3.2,3.340001886176E-012,3.499999921769));
#3931 = DIRECTION('',(-1.,0.E+000,-1.224646799147E-016));
#3932 = DIRECTION('',(-1.224646799147E-016,0.E+000,1.));
#3933 = ADVANCED_FACE('',(#3934),#3957,.T.);
#3934 = FACE_BOUND('',#3935,.T.);
#3935 = EDGE_LOOP('',(#3936,#3937,#3946,#3956));
#3936 = ORIENTED_EDGE('',*,*,#3814,.F.);
#3937 = ORIENTED_EDGE('',*,*,#3938,.T.);
#3938 = EDGE_CURVE('',#3681,#3939,#3941,.T.);
#3939 = VERTEX_POINT('',#3940);
#3940 = CARTESIAN_POINT('',(3.292608379159,9.307732067668E-002,
    3.630814676288));
#3941 = B_SPLINE_CURVE_WITH_KNOTS('',3,(#3942,#3943,#3944,#3945),
  .UNSPECIFIED.,.F.,.F.,(4,4),(-6.525164958801E-002,-3.323290707473E-002
    ),.PIECEWISE_BEZIER_KNOTS.);
#3942 = CARTESIAN_POINT('',(3.210013327288,0.290097073166,3.630814676288
    ));
#3943 = CARTESIAN_POINT('',(3.210722813174,0.217119990974,3.630814676288
    ));
#3944 = CARTESIAN_POINT('',(3.241029405694,0.144777373782,3.630814676288
    ));
#3945 = CARTESIAN_POINT('',(3.292608379159,9.307732067668E-002,
    3.630814676288));
#3946 = ORIENTED_EDGE('',*,*,#3947,.F.);
#3947 = EDGE_CURVE('',#3879,#3939,#3948,.T.);
#3948 = B_SPLINE_CURVE_WITH_KNOTS('',3,(#3949,#3950,#3951,#3952,#3953,
    #3954,#3955),.UNSPECIFIED.,.F.,.F.,(4,1,1,1,4),(-1.,-0.785714285714,
    -0.5,-0.285714285714,0.E+000),.UNSPECIFIED.);
#3949 = CARTESIAN_POINT('',(3.2,6.858269685837E-004,3.499999921769));
#3950 = CARTESIAN_POINT('',(3.209354858985,1.0018777215E-002,
    3.499999921769));
#3951 = CARTESIAN_POINT('',(3.232673906463,3.3283212333E-002,
    3.504635243561));
#3952 = CARTESIAN_POINT('',(3.264797142946,6.533121736588E-002,
    3.531889861944));
#3953 = CARTESIAN_POINT('',(3.287995630418,8.847537482593E-002,
    3.57952438599));
#3954 = CARTESIAN_POINT('',(3.292608379159,9.307732067668E-002,
    3.613195628669));
#3955 = CARTESIAN_POINT('',(3.292608379159,9.307732067668E-002,
    3.630814676288));
#3956 = ORIENTED_EDGE('',*,*,#3878,.T.);
#3957 = B_SPLINE_SURFACE_WITH_KNOTS('',3,3,(
    (#3958,#3959,#3960,#3961)
    ,(#3962,#3963,#3964,#3965)
    ,(#3966,#3967,#3968,#3969)
    ,(#3970,#3971,#3972,#3973)
    ,(#3974,#3975,#3976,#3977)
    ,(#3978,#3979,#3980,#3981)
    ,(#3982,#3983,#3984,#3985
    )),.UNSPECIFIED.,.F.,.F.,.F.,(4,1,1,1,4),(4,4),(0.E+000,
    0.285714285714,0.5,0.785714285714,1.),(3.323290707473E-002,
    6.526394172217E-002),.UNSPECIFIED.);
#3958 = CARTESIAN_POINT('',(3.292608379159,9.307732067668E-002,
    3.630814676288));
#3959 = CARTESIAN_POINT('',(3.241009604302,0.144797221657,3.630814676288
    ));
#3960 = CARTESIAN_POINT('',(3.210699546645,0.217175539305,3.630814676288
    ));
#3961 = CARTESIAN_POINT('',(3.21001252325,0.290181122101,3.630814676288)
  );
#3962 = CARTESIAN_POINT('',(3.292608379159,9.307732067668E-002,
    3.613195628669));
#3963 = CARTESIAN_POINT('',(3.241021256558,0.144785542048,3.613195628669
    ));
#3964 = CARTESIAN_POINT('',(3.210699391498,0.217192025737,3.613195628669
    ));
#3965 = CARTESIAN_POINT('',(3.21001252325,0.290181122101,3.613195628669)
  );
#3966 = CARTESIAN_POINT('',(3.287995534181,8.84752788135E-002,
    3.579524237134));
#3967 = CARTESIAN_POINT('',(3.235206512732,0.141388220444,3.579524237134
    ));
#3968 = CARTESIAN_POINT('',(3.204199769498,0.215430178873,3.579524237134
    ));
#3969 = CARTESIAN_POINT('',(3.2034968983,0.290119806424,3.579524237134)
  );
#3970 = CARTESIAN_POINT('',(3.264797137851,6.533121228265E-002,
    3.53188977957));
#3971 = CARTESIAN_POINT('',(3.206032296519,0.124234001802,3.53188977957)
  );
#3972 = CARTESIAN_POINT('',(3.171511694516,0.206666805946,3.53188977957)
  );
#3973 = CARTESIAN_POINT('',(3.170729256932,0.289811444579,3.53188977957)
  );
#3974 = CARTESIAN_POINT('',(3.232673981236,3.328328693035E-002,
    3.504634995784));
#3975 = CARTESIAN_POINT('',(3.165631067632,0.100483581175,3.504634995784
    ));
#3976 = CARTESIAN_POINT('',(3.126248085436,0.194527412817,3.504634995784
    ));
#3977 = CARTESIAN_POINT('',(3.125355427612,0.28938445145,3.504634995784)
  );
#3978 = CARTESIAN_POINT('',(3.209354858985,1.001877721501E-002,
    3.499999921769));
#3979 = CARTESIAN_POINT('',(3.136295038035,8.325010326388E-002,
    3.499999921769));
#3980 = CARTESIAN_POINT('',(3.093390032646,0.185704301715,3.499999921769
    ));
#3981 = CARTESIAN_POINT('',(3.092417261368,0.28907448487,3.499999921769)
  );
#3982 = CARTESIAN_POINT('',(3.2,6.858269685849E-004,3.499999921769));
#3983 = CARTESIAN_POINT('',(3.124536791773,7.632618215241E-002,
    3.499999921769));
#3984 = CARTESIAN_POINT('',(3.080208332448,0.182179471713,3.499999921769
    ));
#3985 = CARTESIAN_POINT('',(3.079203560734,0.288950136552,3.499999921769
    ));
#3986 = ADVANCED_FACE('',(#3987),#4025,.T.);
#3987 = FACE_BOUND('',#3988,.T.);
#3988 = EDGE_LOOP('',(#3989,#3990,#3991,#3998,#3999,#4000,#4009,#4018));
#3989 = ORIENTED_EDGE('',*,*,#3339,.F.);
#3990 = ORIENTED_EDGE('',*,*,#3576,.F.);
#3991 = ORIENTED_EDGE('',*,*,#3992,.F.);
#3992 = EDGE_CURVE('',#3939,#3565,#3993,.T.);
#3993 = B_SPLINE_CURVE_WITH_KNOTS('',3,(#3994,#3995,#3996,#3997),
  .UNSPECIFIED.,.F.,.F.,(4,4),(-3.323290707473E-002,-3.313598574471E-002
    ),.PIECEWISE_BEZIER_KNOTS.);
#3994 = CARTESIAN_POINT('',(3.292608379159,9.307732067668E-002,
    3.630814676288));
#3995 = CARTESIAN_POINT('',(3.292764509672,9.292082365287E-002,
    3.630814676288));
#3996 = CARTESIAN_POINT('',(3.292920823654,9.276450967153E-002,
    3.630814676288));
#3997 = CARTESIAN_POINT('',(3.293077320673,9.260837916202E-002,
    3.630814676288));
#3998 = ORIENTED_EDGE('',*,*,#3938,.F.);
#3999 = ORIENTED_EDGE('',*,*,#3689,.F.);
#4000 = ORIENTED_EDGE('',*,*,#4001,.F.);
#4001 = EDGE_CURVE('',#4002,#3690,#4004,.T.);
#4002 = VERTEX_POINT('',#4003);
#4003 = CARTESIAN_POINT('',(3.292608379159,9.307732067668E-002,
    4.969185167249));
#4004 = B_SPLINE_CURVE_WITH_KNOTS('',3,(#4005,#4006,#4007,#4008),
  .UNSPECIFIED.,.F.,.F.,(4,4),(3.323289749038E-002,6.525164958792E-002),
  .PIECEWISE_BEZIER_KNOTS.);
#4005 = CARTESIAN_POINT('',(3.292608379159,9.307732067668E-002,
    4.969185167249));
#4006 = CARTESIAN_POINT('',(3.241029391562,0.144777387947,4.969185167249
    ));
#4007 = CARTESIAN_POINT('',(3.210722813362,0.217119969185,4.969185167249
    ));
#4008 = CARTESIAN_POINT('',(3.210013327288,0.290097073166,4.969185167249
    ));
#4009 = ORIENTED_EDGE('',*,*,#4010,.F.);
#4010 = EDGE_CURVE('',#4011,#4002,#4013,.T.);
#4011 = VERTEX_POINT('',#4012);
#4012 = CARTESIAN_POINT('',(3.293077320673,9.260837916202E-002,
    4.969185167249));
#4013 = B_SPLINE_CURVE_WITH_KNOTS('',3,(#4014,#4015,#4016,#4017),
  .UNSPECIFIED.,.F.,.F.,(4,4),(3.313597616036E-002,3.323289749038E-002),
  .PIECEWISE_BEZIER_KNOTS.);
#4014 = CARTESIAN_POINT('',(3.293077320673,9.260837916202E-002,
    4.969185167249));
#4015 = CARTESIAN_POINT('',(3.29292082365,9.276450967549E-002,
    4.969185167249));
#4016 = CARTESIAN_POINT('',(3.292764509668,9.292082365684E-002,
    4.969185167249));
#4017 = CARTESIAN_POINT('',(3.292608379159,9.307732067668E-002,
    4.969185167249));
#4018 = ORIENTED_EDGE('',*,*,#4019,.F.);
#4019 = EDGE_CURVE('',#3342,#4011,#4020,.T.);
#4020 = B_SPLINE_CURVE_WITH_KNOTS('',3,(#4021,#4022,#4023,#4024),
  .UNSPECIFIED.,.F.,.F.,(4,4),(1.117233692004E-003,3.313597616036E-002),
  .PIECEWISE_BEZIER_KNOTS.);
#4021 = CARTESIAN_POINT('',(3.490097073163,1.0013327291E-002,
    4.969185167249));
#4022 = CARTESIAN_POINT('',(3.417119988707,1.072281319815E-002,
    4.969185167249));
#4023 = CARTESIAN_POINT('',(3.344777373707,4.102940576955E-002,
    4.969185167249));
#4024 = CARTESIAN_POINT('',(3.293077320673,9.260837916202E-002,
    4.969185167249));
#4025 = B_SPLINE_SURFACE_WITH_KNOTS('',3,3,(
    (#4026,#4027,#4028,#4029)
    ,(#4030,#4031,#4032,#4033)
    ,(#4034,#4035,#4036,#4037)
    ,(#4038,#4039,#4040,#4041)
    ,(#4042,#4043,#4044,#4045)
    ,(#4046,#4047,#4048,#4049
    )),.UNSPECIFIED.,.F.,.F.,.F.,(4,1,1,4),(4,4),(6.850487489945E-003,
    0.429550069641,0.711349791076,0.99314951251),(1.308147528586E-002,
    0.146918524714),.UNSPECIFIED.);
#4026 = CARTESIAN_POINT('',(3.210013326689,0.290097073017,4.969185167249
    ));
#4027 = CARTESIAN_POINT('',(3.210013326689,0.290097073017,4.523061982548
    ));
#4028 = CARTESIAN_POINT('',(3.210013326689,0.290097073017,4.076937861008
    ));
#4029 = CARTESIAN_POINT('',(3.210013326689,0.290097073017,3.630814676288
    ));
#4030 = CARTESIAN_POINT('',(3.210562618822,0.233514277345,4.969185167249
    ));
#4031 = CARTESIAN_POINT('',(3.210562618822,0.233514277345,4.523061982548
    ));
#4032 = CARTESIAN_POINT('',(3.210562618822,0.233514277345,4.076937861008
    ));
#4033 = CARTESIAN_POINT('',(3.210562618822,0.233514277345,3.630814676288
    ));
#4034 = CARTESIAN_POINT('',(3.243580091849,0.125622088685,4.969185167249
    ));
#4035 = CARTESIAN_POINT('',(3.243580091849,0.125622088685,4.523061982548
    ));
#4036 = CARTESIAN_POINT('',(3.243580091849,0.125622088685,4.076937861008
    ));
#4037 = CARTESIAN_POINT('',(3.243580091849,0.125622088685,3.630814676288
    ));
#4038 = CARTESIAN_POINT('',(3.370386126005,2.656442444039E-002,
    4.969185167249));
#4039 = CARTESIAN_POINT('',(3.370386126005,2.656442444039E-002,
    4.523061982548));
#4040 = CARTESIAN_POINT('',(3.370386126005,2.656442444039E-002,
    4.076937861008));
#4041 = CARTESIAN_POINT('',(3.370386126005,2.656442444039E-002,
    3.630814676288));
#4042 = CARTESIAN_POINT('',(3.452375209232,1.037952144751E-002,
    4.969185167249));
#4043 = CARTESIAN_POINT('',(3.452375209232,1.037952144751E-002,
    4.523061982548));
#4044 = CARTESIAN_POINT('',(3.452375209232,1.037952144751E-002,
    4.076937861008));
#4045 = CARTESIAN_POINT('',(3.452375209232,1.037952144751E-002,
    3.630814676288));
#4046 = CARTESIAN_POINT('',(3.490097073014,1.001332669219E-002,
    4.969185167249));
#4047 = CARTESIAN_POINT('',(3.490097073014,1.001332669219E-002,
    4.523061982548));
#4048 = CARTESIAN_POINT('',(3.490097073014,1.001332669219E-002,
    4.076937861008));
#4049 = CARTESIAN_POINT('',(3.490097073014,1.001332669219E-002,
    3.630814676288));
#4050 = ADVANCED_FACE('',(#4051),#4076,.T.);
#4051 = FACE_BOUND('',#4052,.T.);
#4052 = EDGE_LOOP('',(#4053,#4063,#4064,#4065,#4075));
#4053 = ORIENTED_EDGE('',*,*,#4054,.T.);
#4054 = EDGE_CURVE('',#4002,#3904,#4055,.T.);
#4055 = B_SPLINE_CURVE_WITH_KNOTS('',3,(#4056,#4057,#4058,#4059,#4060,
    #4061,#4062),.UNSPECIFIED.,.F.,.F.,(4,1,1,1,4),(0.E+000,
    0.285714285714,0.5,0.785714285714,1.),.UNSPECIFIED.);
#4056 = CARTESIAN_POINT('',(3.292608379159,9.307732067668E-002,
    4.969185167249));
#4057 = CARTESIAN_POINT('',(3.292608379159,9.307732067668E-002,
    4.986804214868));
#4058 = CARTESIAN_POINT('',(3.287994571346,8.847431823421E-002,
    5.020477181626));
#4059 = CARTESIAN_POINT('',(3.264797075409,6.533114998704E-002,
    5.068110964386));
#4060 = CARTESIAN_POINT('',(3.232674716309,3.328402028265E-002,
    5.095367387397));
#4061 = CARTESIAN_POINT('',(3.209354858985,1.001877721501E-002,
    5.099999921769));
#4062 = CARTESIAN_POINT('',(3.2,6.858269685847E-004,5.099999921769));
#4063 = ORIENTED_EDGE('',*,*,#3903,.T.);
#4064 = ORIENTED_EDGE('',*,*,#3633,.T.);
#4065 = ORIENTED_EDGE('',*,*,#4066,.T.);
#4066 = EDGE_CURVE('',#3634,#4011,#4067,.T.);
#4067 = B_SPLINE_CURVE_WITH_KNOTS('',3,(#4068,#4069,#4070,#4071,#4072,
    #4073,#4074),.UNSPECIFIED.,.F.,.F.,(4,1,1,1,4),(-1.,-0.785714285714,
    -0.5,-0.285714285714,0.E+000),.UNSPECIFIED.);
#4068 = CARTESIAN_POINT('',(3.200685826965,3.392842395232E-012,
    5.099999921769));
#4069 = CARTESIAN_POINT('',(3.210018777212,9.354858988787E-003,
    5.099999921769));
#4070 = CARTESIAN_POINT('',(3.233284020279,3.267471631281E-002,
    5.095367387397));
#4071 = CARTESIAN_POINT('',(3.265331149984,6.479707541208E-002,
    5.068110964386));
#4072 = CARTESIAN_POINT('',(3.288474318231,8.799457134972E-002,
    5.020477181626));
#4073 = CARTESIAN_POINT('',(3.293077320673,9.260837916202E-002,
    4.986804214868));
#4074 = CARTESIAN_POINT('',(3.293077320673,9.260837916202E-002,
    4.969185167249));
#4075 = ORIENTED_EDGE('',*,*,#4010,.T.);
#4076 = B_SPLINE_SURFACE_WITH_KNOTS('',3,3,(
    (#4077,#4078,#4079,#4080)
    ,(#4081,#4082,#4083,#4084)
    ,(#4085,#4086,#4087,#4088)
    ,(#4089,#4090,#4091,#4092)
    ,(#4093,#4094,#4095,#4096)
    ,(#4097,#4098,#4099,#4100)
    ,(#4101,#4102,#4103,#4104
    )),.UNSPECIFIED.,.F.,.F.,.F.,(4,1,1,1,4),(4,4),(0.E+000,
    0.285714285714,0.5,0.785714285714,1.),(-3.323289749038E-002,
    -3.313597616036E-002),.UNSPECIFIED.);
#4077 = CARTESIAN_POINT('',(3.292608379159,9.307732067668E-002,
    4.969185167249));
#4078 = CARTESIAN_POINT('',(3.292764509668,9.292082365684E-002,
    4.969185167249));
#4079 = CARTESIAN_POINT('',(3.29292082365,9.276450967549E-002,
    4.969185167249));
#4080 = CARTESIAN_POINT('',(3.293077320673,9.260837916202E-002,
    4.969185167249));
#4081 = CARTESIAN_POINT('',(3.292608379159,9.307732067668E-002,
    4.986804214868));
#4082 = CARTESIAN_POINT('',(3.29276447441,9.292085899767E-002,
    4.986804214868));
#4083 = CARTESIAN_POINT('',(3.29292085899,9.276447441743E-002,
    4.986804214868));
#4084 = CARTESIAN_POINT('',(3.293077320673,9.260837916202E-002,
    4.986804214868));
#4085 = CARTESIAN_POINT('',(3.287994571346,8.847431823421E-002,
    5.020477181626));
#4086 = CARTESIAN_POINT('',(3.288154303372,8.831421124408E-002,
    5.020477181626));
#4087 = CARTESIAN_POINT('',(3.288314211237,8.815430337916E-002,
    5.020477181626));
#4088 = CARTESIAN_POINT('',(3.288474318231,8.799457134972E-002,
    5.020477181626));
#4089 = CARTESIAN_POINT('',(3.264797075409,6.533114998704E-002,
    5.068110964386));
#4090 = CARTESIAN_POINT('',(3.26497488941,6.515291857428E-002,
    5.068110964386));
#4091 = CARTESIAN_POINT('',(3.265152918566,6.497488941788E-002,
    5.068110964386));
#4092 = CARTESIAN_POINT('',(3.265331149984,6.479707541208E-002,
    5.068110964386));
#4093 = CARTESIAN_POINT('',(3.232674716309,3.328402028265E-002,
    5.095367387397));
#4094 = CARTESIAN_POINT('',(3.232877578573,3.308068180787E-002,
    5.095367387397));
#4095 = CARTESIAN_POINT('',(3.233080681799,3.287757858144E-002,
    5.095367387397));
#4096 = CARTESIAN_POINT('',(3.233284020279,3.267471631281E-002,
    5.095367387397));
#4097 = CARTESIAN_POINT('',(3.209354858985,1.001877721501E-002,
    5.099999921769));
#4098 = CARTESIAN_POINT('',(3.20957592755,9.797189700954E-003,
    5.099999921769));
#4099 = CARTESIAN_POINT('',(3.209797189692,9.575927558556E-003,
    5.099999921769));
#4100 = CARTESIAN_POINT('',(3.210018777212,9.354858988787E-003,
    5.099999921769));
#4101 = CARTESIAN_POINT('',(3.2,6.858269685847E-004,5.099999921769));
#4102 = CARTESIAN_POINT('',(3.20022834087,4.569500770759E-004,
    5.099999921769));
#4103 = CARTESIAN_POINT('',(3.200456950068,2.28340879348E-004,
    5.099999921769));
#4104 = CARTESIAN_POINT('',(3.200685826965,3.392842395232E-012,
    5.099999921769));
#4105 = ADVANCED_FACE('',(#4106),#4112,.T.);
#4106 = FACE_BOUND('',#4107,.T.);
#4107 = EDGE_LOOP('',(#4108,#4109,#4110,#4111));
#4108 = ORIENTED_EDGE('',*,*,#3738,.F.);
#4109 = ORIENTED_EDGE('',*,*,#3912,.T.);
#4110 = ORIENTED_EDGE('',*,*,#4054,.F.);
#4111 = ORIENTED_EDGE('',*,*,#4001,.T.);
#4112 = B_SPLINE_SURFACE_WITH_KNOTS('',3,3,(
    (#4113,#4114,#4115,#4116)
    ,(#4117,#4118,#4119,#4120)
    ,(#4121,#4122,#4123,#4124)
    ,(#4125,#4126,#4127,#4128)
    ,(#4129,#4130,#4131,#4132)
    ,(#4133,#4134,#4135,#4136)
    ,(#4137,#4138,#4139,#4140
    )),.UNSPECIFIED.,.F.,.F.,.F.,(4,1,1,1,4),(4,4),(0.E+000,
    0.285714285714,0.5,0.785714285714,1.),(3.323289749038E-002,
    6.526394172209E-002),.UNSPECIFIED.);
#4113 = CARTESIAN_POINT('',(3.2,6.858269685838E-004,5.099999921769));
#4114 = CARTESIAN_POINT('',(3.124536771106,7.632620286803E-002,
    5.099999921769));
#4115 = CARTESIAN_POINT('',(3.080208332749,0.182179439782,5.099999921769
    ));
#4116 = CARTESIAN_POINT('',(3.079203560734,0.288950136552,5.099999921769
    ));
#4117 = CARTESIAN_POINT('',(3.212473145314,1.312976063048E-002,
    5.099999921769));
#4118 = CARTESIAN_POINT('',(3.140214363731,8.555816690286E-002,
    5.099999921769));
#4119 = CARTESIAN_POINT('',(3.097783933931,0.186879115525,5.099999921769
    ));
#4120 = CARTESIAN_POINT('',(3.096821828246,0.28911593431,5.099999921769)
  );
#4121 = CARTESIAN_POINT('',(3.236311533535,3.69123202147E-002,
    5.093482524476));
#4122 = CARTESIAN_POINT('',(3.170210793147,0.103168229529,5.093482524476
    ));
#4123 = CARTESIAN_POINT('',(3.131373568652,0.195908815239,5.093482524476
    ));
#4124 = CARTESIAN_POINT('',(3.130493455582,0.289432803169,5.093482524476
    ));
#4125 = CARTESIAN_POINT('',(3.270033124405,7.0554936347E-002,
    5.060714818342));
#4126 = CARTESIAN_POINT('',(3.212608369655,0.128114493483,5.060714818342
    ));
#4127 = CARTESIAN_POINT('',(3.17888966157,0.208632451542,5.060714818342)
  );
#4128 = CARTESIAN_POINT('',(3.178125066848,0.289881043289,5.060714818342
    ));
#4129 = CARTESIAN_POINT('',(3.289329012344,8.980563401939E-002,
    5.015340208692));
#4130 = CARTESIAN_POINT('',(3.236894974449,0.142362758786,5.015340208692
    ));
#4131 = CARTESIAN_POINT('',(3.206078575542,0.215950157847,5.015340208692
    ));
#4132 = CARTESIAN_POINT('',(3.205380430834,0.290137531519,5.015340208692
    ));
#4133 = CARTESIAN_POINT('',(3.292608379159,9.307732067668E-002,
    4.982399452964));
#4134 = CARTESIAN_POINT('',(3.240987276232,0.144819602142,4.982399452964
    ));
#4135 = CARTESIAN_POINT('',(3.210699843954,0.217143946138,4.982399452964
    ));
#4136 = CARTESIAN_POINT('',(3.21001252325,0.290181122101,4.982399452964)
  );
#4137 = CARTESIAN_POINT('',(3.292608379159,9.307732067668E-002,
    4.969185167249));
#4138 = CARTESIAN_POINT('',(3.241009590171,0.144797235822,4.969185167249
    ));
#4139 = CARTESIAN_POINT('',(3.21069954685,0.217175517472,4.969185167249)
  );
#4140 = CARTESIAN_POINT('',(3.21001252325,0.290181122101,4.969185167249)
  );
#4141 = ADVANCED_FACE('',(#4142),#4148,.T.);
#4142 = FACE_BOUND('',#4143,.T.);
#4143 = EDGE_LOOP('',(#4144,#4145,#4146,#4147));
#4144 = ORIENTED_EDGE('',*,*,#3399,.F.);
#4145 = ORIENTED_EDGE('',*,*,#4019,.T.);
#4146 = ORIENTED_EDGE('',*,*,#4066,.F.);
#4147 = ORIENTED_EDGE('',*,*,#3642,.T.);
#4148 = B_SPLINE_SURFACE_WITH_KNOTS('',3,3,(
    (#4149,#4150,#4151,#4152)
    ,(#4153,#4154,#4155,#4156)
    ,(#4157,#4158,#4159,#4160)
    ,(#4161,#4162,#4163,#4164)
    ,(#4165,#4166,#4167,#4168)
    ,(#4169,#4170,#4171,#4172)
    ,(#4173,#4174,#4175,#4176
    )),.UNSPECIFIED.,.F.,.F.,.F.,(4,1,1,1,4),(4,4),(0.E+000,
    0.285714285714,0.5,0.785714285714,1.),(1.10494155824E-003,
    3.313597616036E-002),.UNSPECIFIED.);
#4149 = CARTESIAN_POINT('',(3.488950136549,-0.120796439263,
    5.099999921769));
#4150 = CARTESIAN_POINT('',(3.382179468394,-0.119791667517,
    5.099999921769));
#4151 = CARTESIAN_POINT('',(3.276326182042,-7.546320811749E-002,
    5.099999921769));
#4152 = CARTESIAN_POINT('',(3.200685826965,3.392979365073E-012,
    5.099999921769));
#4153 = CARTESIAN_POINT('',(3.489115934307,-0.103178171751,
    5.099999921769));
#4154 = CARTESIAN_POINT('',(3.386879142922,-0.102216066324,
    5.099999921769));
#4155 = CARTESIAN_POINT('',(3.285558146961,-5.978561637456E-002,
    5.099999921769));
#4156 = CARTESIAN_POINT('',(3.213129760627,1.247314531725E-002,
    5.099999921769));
#4157 = CARTESIAN_POINT('',(3.489432805239,-6.950632410589E-002,
    5.093482346508));
#4158 = CARTESIAN_POINT('',(3.395908842374,-6.862621127124E-002,
    5.093482346508));
#4159 = CARTESIAN_POINT('',(3.303168366893,-2.97890326824E-002,
    5.093482346508));
#4160 = CARTESIAN_POINT('',(3.236912475817,3.631168950963E-002,
    5.093482346508));
#4161 = CARTESIAN_POINT('',(3.489881044511,-2.18748029659E-002,
    5.060714804232));
#4162 = CARTESIAN_POINT('',(3.408632474539,-2.111020844874E-002,
    5.060714804232));
#4163 = CARTESIAN_POINT('',(3.328114569583,1.260847763156E-002,
    5.060714804232));
#4164 = CARTESIAN_POINT('',(3.270555028293,7.003321657308E-002,
    5.060714804232));
#4165 = CARTESIAN_POINT('',(3.490137534737,5.380773104807E-003,
    5.015340341408));
#4166 = CARTESIAN_POINT('',(3.415950180947,6.078917625621E-003,
    5.015340341408));
#4167 = CARTESIAN_POINT('',(3.342362986061,3.689523119974E-002,
    5.015340341408));
#4168 = CARTESIAN_POINT('',(3.289805875762,8.932925466091E-002,
    5.015340341408));
#4169 = CARTESIAN_POINT('',(3.490181122098,1.001252325364E-002,
    4.982399452964));
#4170 = CARTESIAN_POINT('',(3.417143965709,1.069984377315E-002,
    4.982399452964));
#4171 = CARTESIAN_POINT('',(3.344819587895,4.098729044565E-002,
    4.982399452964));
#4172 = CARTESIAN_POINT('',(3.293077320673,9.260837916202E-002,
    4.982399452964));
#4173 = CARTESIAN_POINT('',(3.490181122098,1.001252325364E-002,
    4.969185167249));
#4174 = CARTESIAN_POINT('',(3.417175537035,1.069954666931E-002,
    4.969185167249));
#4175 = CARTESIAN_POINT('',(3.344797221581,4.100960437851E-002,
    4.969185167249));
#4176 = CARTESIAN_POINT('',(3.293077320673,9.260837916202E-002,
    4.969185167249));
#4177 = ADVANCED_FACE('',(#4178),#4185,.T.);
#4178 = FACE_BOUND('',#4179,.T.);
#4179 = EDGE_LOOP('',(#4180,#4181,#4182,#4183,#4184));
#4180 = ORIENTED_EDGE('',*,*,#3564,.T.);
#4181 = ORIENTED_EDGE('',*,*,#3616,.T.);
#4182 = ORIENTED_EDGE('',*,*,#3895,.T.);
#4183 = ORIENTED_EDGE('',*,*,#3947,.T.);
#4184 = ORIENTED_EDGE('',*,*,#3992,.T.);
#4185 = B_SPLINE_SURFACE_WITH_KNOTS('',3,3,(
    (#4186,#4187,#4188,#4189)
    ,(#4190,#4191,#4192,#4193)
    ,(#4194,#4195,#4196,#4197)
    ,(#4198,#4199,#4200,#4201)
    ,(#4202,#4203,#4204,#4205)
    ,(#4206,#4207,#4208,#4209)
    ,(#4210,#4211,#4212,#4213
    )),.UNSPECIFIED.,.F.,.F.,.F.,(4,1,1,1,4),(4,4),(0.E+000,
    0.285714285714,0.5,0.785714285714,1.),(3.313598574471E-002,
    3.323290707473E-002),.UNSPECIFIED.);
#4186 = CARTESIAN_POINT('',(3.293077320673,9.260837916202E-002,
    3.630814676288));
#4187 = CARTESIAN_POINT('',(3.292920823654,9.276450967153E-002,
    3.630814676288));
#4188 = CARTESIAN_POINT('',(3.292764509672,9.292082365287E-002,
    3.630814676288));
#4189 = CARTESIAN_POINT('',(3.292608379159,9.307732067668E-002,
    3.630814676288));
#4190 = CARTESIAN_POINT('',(3.293077320673,9.260837916202E-002,
    3.613195628669));
#4191 = CARTESIAN_POINT('',(3.292920858994,9.276447441347E-002,
    3.613195628669));
#4192 = CARTESIAN_POINT('',(3.292764474414,9.29208589937E-002,
    3.613195628669));
#4193 = CARTESIAN_POINT('',(3.292608379159,9.307732067668E-002,
    3.613195628669));
#4194 = CARTESIAN_POINT('',(3.288475374823,8.799563042175E-002,
    3.57952438599));
#4195 = CARTESIAN_POINT('',(3.288315267832,8.815536244715E-002,
    3.57952438599));
#4196 = CARTESIAN_POINT('',(3.288155362448,8.831526783174E-002,
    3.57952438599));
#4197 = CARTESIAN_POINT('',(3.287995630418,8.847537482593E-002,
    3.57952438599));
#4198 = CARTESIAN_POINT('',(3.265331217363,6.479714294909E-002,
    3.531889861944));
#4199 = CARTESIAN_POINT('',(3.26515298595,6.497495695038E-002,
    3.531889861944));
#4200 = CARTESIAN_POINT('',(3.264974956952,6.51529859486E-002,
    3.531889861944));
#4201 = CARTESIAN_POINT('',(3.264797142946,6.533121736588E-002,
    3.531889861944));
#4202 = CARTESIAN_POINT('',(3.23328321233,3.267390646653E-002,
    3.504635243561));
#4203 = CARTESIAN_POINT('',(3.233079873855,3.287676873001E-002,
    3.504635243561));
#4204 = CARTESIAN_POINT('',(3.232876768732,3.307987385306E-002,
    3.504635243561));
#4205 = CARTESIAN_POINT('',(3.232673906463,3.3283212333E-002,
    3.504635243561));
#4206 = CARTESIAN_POINT('',(3.210018777212,9.354858988786E-003,
    3.499999921769));
#4207 = CARTESIAN_POINT('',(3.209797189698,9.575927552951E-003,
    3.499999921769));
#4208 = CARTESIAN_POINT('',(3.209575927555,9.797189695336E-003,
    3.499999921769));
#4209 = CARTESIAN_POINT('',(3.209354858985,1.0018777215E-002,
    3.499999921769));
#4210 = CARTESIAN_POINT('',(3.200685826965,3.391780976995E-012,
    3.499999921769));
#4211 = CARTESIAN_POINT('',(3.200456950074,2.283408735581E-004,
    3.499999921769));
#4212 = CARTESIAN_POINT('',(3.200228340876,4.569500712726E-004,
    3.499999921769));
#4213 = CARTESIAN_POINT('',(3.2,6.858269685837E-004,3.499999921769));
#4214 = MANIFOLD_SOLID_BREP('',#4215);
#4215 = CLOSED_SHELL('',(#4216,#4256,#4287,#4328,#4369,#4410,#4451,#4492
    ,#4533,#4574,#4615,#4656,#4687,#4728,#4769,#4810,#4851,#4892,#4933,
    #4974,#5015,#5056,#5078,#5108));
#4216 = ADVANCED_FACE('',(#4217),#4251,.T.);
#4217 = FACE_BOUND('',#4218,.T.);
#4218 = EDGE_LOOP('',(#4219,#4229,#4237,#4245));
#4219 = ORIENTED_EDGE('',*,*,#4220,.F.);
#4220 = EDGE_CURVE('',#4221,#4223,#4225,.T.);
#4221 = VERTEX_POINT('',#4222);
#4222 = CARTESIAN_POINT('',(1.513485857195,0.6,4.570216922883));
#4223 = VERTEX_POINT('',#4224);
#4224 = CARTESIAN_POINT('',(1.513485857195,0.6,4.654689594034));
#4225 = LINE('',#4226,#4227);
#4226 = CARTESIAN_POINT('',(1.513485857195,0.6,4.570216922883));
#4227 = VECTOR('',#4228,1.);
#4228 = DIRECTION('',(0.E+000,0.E+000,1.));
#4229 = ORIENTED_EDGE('',*,*,#4230,.T.);
#4230 = EDGE_CURVE('',#4221,#4231,#4233,.T.);
#4231 = VERTEX_POINT('',#4232);
#4232 = CARTESIAN_POINT('',(1.513485857195,0.601,4.570216922883));
#4233 = LINE('',#4234,#4235);
#4234 = CARTESIAN_POINT('',(1.513485857195,0.6,4.570216922883));
#4235 = VECTOR('',#4236,1.);
#4236 = DIRECTION('',(0.E+000,1.,0.E+000));
#4237 = ORIENTED_EDGE('',*,*,#4238,.F.);
#4238 = EDGE_CURVE('',#4239,#4231,#4241,.T.);
#4239 = VERTEX_POINT('',#4240);
#4240 = CARTESIAN_POINT('',(1.513485857195,0.601,4.654689594034));
#4241 = LINE('',#4242,#4243);
#4242 = CARTESIAN_POINT('',(1.513485857195,0.601,4.570216922883));
#4243 = VECTOR('',#4244,1.);
#4244 = DIRECTION('',(0.E+000,0.E+000,-1.));
#4245 = ORIENTED_EDGE('',*,*,#4246,.F.);
#4246 = EDGE_CURVE('',#4223,#4239,#4247,.T.);
#4247 = LINE('',#4248,#4249);
#4248 = CARTESIAN_POINT('',(1.513485857195,0.6,4.654689594034));
#4249 = VECTOR('',#4250,1.);
#4250 = DIRECTION('',(0.E+000,1.,0.E+000));
#4251 = PLANE('',#4252);
#4252 = AXIS2_PLACEMENT_3D('',#4253,#4254,#4255);
#4253 = CARTESIAN_POINT('',(1.513485857195,0.6,4.654689594034));
#4254 = DIRECTION('',(1.,0.E+000,0.E+000));
#4255 = DIRECTION('',(0.E+000,0.E+000,-1.));
#4256 = ADVANCED_FACE('',(#4257),#4282,.T.);
#4257 = FACE_BOUND('',#4258,.T.);
#4258 = EDGE_LOOP('',(#4259,#4267,#4268,#4276));
#4259 = ORIENTED_EDGE('',*,*,#4260,.F.);
#4260 = EDGE_CURVE('',#4223,#4261,#4263,.T.);
#4261 = VERTEX_POINT('',#4262);
#4262 = CARTESIAN_POINT('',(1.040341318495,0.6,4.654689594034));
#4263 = LINE('',#4264,#4265);
#4264 = CARTESIAN_POINT('',(1.513485857195,0.6,4.654689594034));
#4265 = VECTOR('',#4266,1.);
#4266 = DIRECTION('',(-1.,0.E+000,0.E+000));
#4267 = ORIENTED_EDGE('',*,*,#4246,.T.);
#4268 = ORIENTED_EDGE('',*,*,#4269,.F.);
#4269 = EDGE_CURVE('',#4270,#4239,#4272,.T.);
#4270 = VERTEX_POINT('',#4271);
#4271 = CARTESIAN_POINT('',(1.040341318495,0.601,4.654689594034));
#4272 = LINE('',#4273,#4274);
#4273 = CARTESIAN_POINT('',(1.513485857195,0.601,4.654689594034));
#4274 = VECTOR('',#4275,1.);
#4275 = DIRECTION('',(1.,0.E+000,0.E+000));
#4276 = ORIENTED_EDGE('',*,*,#4277,.F.);
#4277 = EDGE_CURVE('',#4261,#4270,#4278,.T.);
#4278 = LINE('',#4279,#4280);
#4279 = CARTESIAN_POINT('',(1.040341318495,0.6,4.654689594034));
#4280 = VECTOR('',#4281,1.);
#4281 = DIRECTION('',(0.E+000,1.,0.E+000));
#4282 = PLANE('',#4283);
#4283 = AXIS2_PLACEMENT_3D('',#4284,#4285,#4286);
#4284 = CARTESIAN_POINT('',(1.040341318495,0.6,4.654689594034));
#4285 = DIRECTION('',(0.E+000,0.E+000,1.));
#4286 = DIRECTION('',(1.,0.E+000,-0.E+000));
#4287 = ADVANCED_FACE('',(#4288),#4317,.T.);
#4288 = FACE_BOUND('',#4289,.T.);
#4289 = EDGE_LOOP('',(#4290,#4300,#4301,#4311));
#4290 = ORIENTED_EDGE('',*,*,#4291,.F.);
#4291 = EDGE_CURVE('',#4261,#4292,#4294,.T.);
#4292 = VERTEX_POINT('',#4293);
#4293 = CARTESIAN_POINT('',(1.050595254547,0.6,4.593654437784));
#4294 = B_SPLINE_CURVE_WITH_KNOTS('',3,(#4295,#4296,#4297,#4298,#4299),
  .UNSPECIFIED.,.F.,.F.,(4,1,4),(0.E+000,3.119702716704E-003,
    6.220240987722E-003),.UNSPECIFIED.);
#4295 = CARTESIAN_POINT('',(1.040341318495,0.6,4.654689594034));
#4296 = CARTESIAN_POINT('',(1.040518636153,0.6,4.644227030988));
#4297 = CARTESIAN_POINT('',(1.040872182203,0.6,4.623366176797));
#4298 = CARTESIAN_POINT('',(1.047360894299,0.6,4.603537987362));
#4299 = CARTESIAN_POINT('',(1.050595254547,0.6,4.593654437784));
#4300 = ORIENTED_EDGE('',*,*,#4277,.T.);
#4301 = ORIENTED_EDGE('',*,*,#4302,.F.);
#4302 = EDGE_CURVE('',#4303,#4270,#4305,.T.);
#4303 = VERTEX_POINT('',#4304);
#4304 = CARTESIAN_POINT('',(1.050595254547,0.601,4.593654437784));
#4305 = B_SPLINE_CURVE_WITH_KNOTS('',3,(#4306,#4307,#4308,#4309,#4310),
  .UNSPECIFIED.,.F.,.F.,(4,1,4),(-6.220240987722E-003,
    -3.119702716704E-003,0.E+000),.UNSPECIFIED.);
#4306 = CARTESIAN_POINT('',(1.050595254547,0.601,4.593654437784));
#4307 = CARTESIAN_POINT('',(1.047360894299,0.601,4.603537987362));
#4308 = CARTESIAN_POINT('',(1.040872182203,0.601,4.623366176797));
#4309 = CARTESIAN_POINT('',(1.040518636153,0.601,4.644227030988));
#4310 = CARTESIAN_POINT('',(1.040341318495,0.601,4.654689594034));
#4311 = ORIENTED_EDGE('',*,*,#4312,.F.);
#4312 = EDGE_CURVE('',#4292,#4303,#4313,.T.);
#4313 = LINE('',#4314,#4315);
#4314 = CARTESIAN_POINT('',(1.050595254547,0.6,4.593654437784));
#4315 = VECTOR('',#4316,1.);
#4316 = DIRECTION('',(0.E+000,1.,0.E+000));
#4317 = B_SPLINE_SURFACE_WITH_KNOTS('',3,1,(
    (#4318,#4319)
    ,(#4320,#4321)
    ,(#4322,#4323)
    ,(#4324,#4325)
    ,(#4326,#4327
    )),.UNSPECIFIED.,.F.,.F.,.F.,(4,1,4),(2,2),(-6.220240987722E-003,
    -3.119702716704E-003,0.E+000),(0.E+000,1.E-004),.UNSPECIFIED.);
#4318 = CARTESIAN_POINT('',(1.050595254547,0.6,4.593654437784));
#4319 = CARTESIAN_POINT('',(1.050595254547,0.601,4.593654437784));
#4320 = CARTESIAN_POINT('',(1.047360894299,0.6,4.603537987362));
#4321 = CARTESIAN_POINT('',(1.047360894299,0.601,4.603537987362));
#4322 = CARTESIAN_POINT('',(1.040872182203,0.6,4.623366176797));
#4323 = CARTESIAN_POINT('',(1.040872182203,0.601,4.623366176797));
#4324 = CARTESIAN_POINT('',(1.040518636153,0.6,4.644227030988));
#4325 = CARTESIAN_POINT('',(1.040518636153,0.601,4.644227030988));
#4326 = CARTESIAN_POINT('',(1.040341318495,0.6,4.654689594034));
#4327 = CARTESIAN_POINT('',(1.040341318495,0.601,4.654689594034));
#4328 = ADVANCED_FACE('',(#4329),#4358,.T.);
#4329 = FACE_BOUND('',#4330,.T.);
#4330 = EDGE_LOOP('',(#4331,#4341,#4342,#4352));
#4331 = ORIENTED_EDGE('',*,*,#4332,.F.);
#4332 = EDGE_CURVE('',#4292,#4333,#4335,.T.);
#4333 = VERTEX_POINT('',#4334);
#4334 = CARTESIAN_POINT('',(1.108456575221,0.6,4.498439594034));
#4335 = B_SPLINE_CURVE_WITH_KNOTS('',3,(#4336,#4337,#4338,#4339,#4340),
  .UNSPECIFIED.,.F.,.F.,(4,1,4),(0.E+000,5.341954154817E-003,
    1.118364655303E-002),.UNSPECIFIED.);
#4336 = CARTESIAN_POINT('',(1.050595254547,0.6,4.593654437784));
#4337 = CARTESIAN_POINT('',(1.057797205381,0.6,4.57728319713));
#4338 = CARTESIAN_POINT('',(1.072874847437,0.6,4.543009191064));
#4339 = CARTESIAN_POINT('',(1.096247860357,0.6,4.513732204472));
#4340 = CARTESIAN_POINT('',(1.108456575221,0.6,4.498439594034));
#4341 = ORIENTED_EDGE('',*,*,#4312,.T.);
#4342 = ORIENTED_EDGE('',*,*,#4343,.F.);
#4343 = EDGE_CURVE('',#4344,#4303,#4346,.T.);
#4344 = VERTEX_POINT('',#4345);
#4345 = CARTESIAN_POINT('',(1.108456575221,0.601,4.498439594034));
#4346 = B_SPLINE_CURVE_WITH_KNOTS('',3,(#4347,#4348,#4349,#4350,#4351),
  .UNSPECIFIED.,.F.,.F.,(4,1,4),(-1.118364655303E-002,
    -5.341954154817E-003,0.E+000),.UNSPECIFIED.);
#4347 = CARTESIAN_POINT('',(1.108456575221,0.601,4.498439594034));
#4348 = CARTESIAN_POINT('',(1.096247860357,0.601,4.513732204472));
#4349 = CARTESIAN_POINT('',(1.072874847437,0.601,4.543009191064));
#4350 = CARTESIAN_POINT('',(1.057797205381,0.601,4.57728319713));
#4351 = CARTESIAN_POINT('',(1.050595254547,0.601,4.593654437784));
#4352 = ORIENTED_EDGE('',*,*,#4353,.F.);
#4353 = EDGE_CURVE('',#4333,#4344,#4354,.T.);
#4354 = LINE('',#4355,#4356);
#4355 = CARTESIAN_POINT('',(1.108456575221,0.6,4.498439594034));
#4356 = VECTOR('',#4357,1.);
#4357 = DIRECTION('',(0.E+000,1.,0.E+000));
#4358 = B_SPLINE_SURFACE_WITH_KNOTS('',3,1,(
    (#4359,#4360)
    ,(#4361,#4362)
    ,(#4363,#4364)
    ,(#4365,#4366)
    ,(#4367,#4368
    )),.UNSPECIFIED.,.F.,.F.,.F.,(4,1,4),(2,2),(-1.118364655303E-002,
    -5.341954154817E-003,0.E+000),(0.E+000,1.E-004),.UNSPECIFIED.);
#4359 = CARTESIAN_POINT('',(1.108456575221,0.6,4.498439594034));
#4360 = CARTESIAN_POINT('',(1.108456575221,0.601,4.498439594034));
#4361 = CARTESIAN_POINT('',(1.096247860357,0.6,4.513732204472));
#4362 = CARTESIAN_POINT('',(1.096247860357,0.601,4.513732204472));
#4363 = CARTESIAN_POINT('',(1.072874847437,0.6,4.543009191064));
#4364 = CARTESIAN_POINT('',(1.072874847437,0.601,4.543009191064));
#4365 = CARTESIAN_POINT('',(1.057797205381,0.6,4.57728319713));
#4366 = CARTESIAN_POINT('',(1.057797205381,0.601,4.57728319713));
#4367 = CARTESIAN_POINT('',(1.050595254547,0.6,4.593654437784));
#4368 = CARTESIAN_POINT('',(1.050595254547,0.601,4.593654437784));
#4369 = ADVANCED_FACE('',(#4370),#4399,.T.);
#4370 = FACE_BOUND('',#4371,.T.);
#4371 = EDGE_LOOP('',(#4372,#4382,#4383,#4393));
#4372 = ORIENTED_EDGE('',*,*,#4373,.F.);
#4373 = EDGE_CURVE('',#4333,#4374,#4376,.T.);
#4374 = VERTEX_POINT('',#4375);
#4375 = CARTESIAN_POINT('',(1.223446824497,0.6,4.390041171435));
#4376 = B_SPLINE_CURVE_WITH_KNOTS('',3,(#4377,#4378,#4379,#4380,#4381),
  .UNSPECIFIED.,.F.,.F.,(4,1,4),(0.E+000,7.014516883314E-003,
    1.58177047703E-002),.UNSPECIFIED.);
#4377 = CARTESIAN_POINT('',(1.108456575221,0.6,4.498439594034));
#4378 = CARTESIAN_POINT('',(1.124359710585,0.6,4.481266284657));
#4379 = CARTESIAN_POINT('',(1.160221210998,0.6,4.44254054742));
#4380 = CARTESIAN_POINT('',(1.200840537932,0.6,4.408812297128));
#4381 = CARTESIAN_POINT('',(1.223446824497,0.6,4.390041171435));
#4382 = ORIENTED_EDGE('',*,*,#4353,.T.);
#4383 = ORIENTED_EDGE('',*,*,#4384,.F.);
#4384 = EDGE_CURVE('',#4385,#4344,#4387,.T.);
#4385 = VERTEX_POINT('',#4386);
#4386 = CARTESIAN_POINT('',(1.223446824497,0.601,4.390041171435));
#4387 = B_SPLINE_CURVE_WITH_KNOTS('',3,(#4388,#4389,#4390,#4391,#4392),
  .UNSPECIFIED.,.F.,.F.,(4,1,4),(-1.58177047703E-002,
    -7.014516883314E-003,0.E+000),.UNSPECIFIED.);
#4388 = CARTESIAN_POINT('',(1.223446824497,0.601,4.390041171435));
#4389 = CARTESIAN_POINT('',(1.200840537932,0.601,4.408812297128));
#4390 = CARTESIAN_POINT('',(1.160221210998,0.601,4.44254054742));
#4391 = CARTESIAN_POINT('',(1.124359710585,0.601,4.481266284657));
#4392 = CARTESIAN_POINT('',(1.108456575221,0.601,4.498439594034));
#4393 = ORIENTED_EDGE('',*,*,#4394,.F.);
#4394 = EDGE_CURVE('',#4374,#4385,#4395,.T.);
#4395 = LINE('',#4396,#4397);
#4396 = CARTESIAN_POINT('',(1.223446824497,0.6,4.390041171435));
#4397 = VECTOR('',#4398,1.);
#4398 = DIRECTION('',(0.E+000,1.,0.E+000));
#4399 = B_SPLINE_SURFACE_WITH_KNOTS('',3,1,(
    (#4400,#4401)
    ,(#4402,#4403)
    ,(#4404,#4405)
    ,(#4406,#4407)
    ,(#4408,#4409
    )),.UNSPECIFIED.,.F.,.F.,.F.,(4,1,4),(2,2),(-1.58177047703E-002,
    -7.014516883314E-003,0.E+000),(0.E+000,1.E-004),.UNSPECIFIED.);
#4400 = CARTESIAN_POINT('',(1.223446824497,0.6,4.390041171435));
#4401 = CARTESIAN_POINT('',(1.223446824497,0.601,4.390041171435));
#4402 = CARTESIAN_POINT('',(1.200840537932,0.6,4.408812297128));
#4403 = CARTESIAN_POINT('',(1.200840537932,0.601,4.408812297128));
#4404 = CARTESIAN_POINT('',(1.160221210998,0.6,4.44254054742));
#4405 = CARTESIAN_POINT('',(1.160221210998,0.601,4.44254054742));
#4406 = CARTESIAN_POINT('',(1.124359710585,0.6,4.481266284657));
#4407 = CARTESIAN_POINT('',(1.124359710585,0.601,4.481266284657));
#4408 = CARTESIAN_POINT('',(1.108456575221,0.6,4.498439594034));
#4409 = CARTESIAN_POINT('',(1.108456575221,0.601,4.498439594034));
#4410 = ADVANCED_FACE('',(#4411),#4440,.T.);
#4411 = FACE_BOUND('',#4412,.T.);
#4412 = EDGE_LOOP('',(#4413,#4423,#4424,#4434));
#4413 = ORIENTED_EDGE('',*,*,#4414,.F.);
#4414 = EDGE_CURVE('',#4374,#4415,#4417,.T.);
#4415 = VERTEX_POINT('',#4416);
#4416 = CARTESIAN_POINT('',(1.381161608643,0.6,4.238429828409));
#4417 = B_SPLINE_CURVE_WITH_KNOTS('',3,(#4418,#4419,#4420,#4421,#4422),
  .UNSPECIFIED.,.F.,.F.,(4,1,4),(0.E+000,1.300554123307E-002,
    2.191032698813E-002),.UNSPECIFIED.);
#4418 = CARTESIAN_POINT('',(1.223446824497,0.6,4.390041171435));
#4419 = CARTESIAN_POINT('',(1.257052667291,0.6,4.362488256481));
#4420 = CARTESIAN_POINT('',(1.313668150731,0.6,4.316070090155));
#4421 = CARTESIAN_POINT('',(1.361657711721,0.6,4.260865894199));
#4422 = CARTESIAN_POINT('',(1.381161608643,0.6,4.238429828409));
#4423 = ORIENTED_EDGE('',*,*,#4394,.T.);
#4424 = ORIENTED_EDGE('',*,*,#4425,.F.);
#4425 = EDGE_CURVE('',#4426,#4385,#4428,.T.);
#4426 = VERTEX_POINT('',#4427);
#4427 = CARTESIAN_POINT('',(1.381161608643,0.601,4.238429828409));
#4428 = B_SPLINE_CURVE_WITH_KNOTS('',3,(#4429,#4430,#4431,#4432,#4433),
  .UNSPECIFIED.,.F.,.F.,(4,1,4),(-2.191032698813E-002,
    -1.300554123307E-002,0.E+000),.UNSPECIFIED.);
#4429 = CARTESIAN_POINT('',(1.381161608643,0.601,4.238429828409));
#4430 = CARTESIAN_POINT('',(1.361657711721,0.601,4.260865894199));
#4431 = CARTESIAN_POINT('',(1.313668150731,0.601,4.316070090155));
#4432 = CARTESIAN_POINT('',(1.257052667291,0.601,4.362488256481));
#4433 = CARTESIAN_POINT('',(1.223446824497,0.601,4.390041171435));
#4434 = ORIENTED_EDGE('',*,*,#4435,.F.);
#4435 = EDGE_CURVE('',#4415,#4426,#4436,.T.);
#4436 = LINE('',#4437,#4438);
#4437 = CARTESIAN_POINT('',(1.381161608643,0.6,4.238429828409));
#4438 = VECTOR('',#4439,1.);
#4439 = DIRECTION('',(0.E+000,1.,0.E+000));
#4440 = B_SPLINE_SURFACE_WITH_KNOTS('',3,1,(
    (#4441,#4442)
    ,(#4443,#4444)
    ,(#4445,#4446)
    ,(#4447,#4448)
    ,(#4449,#4450
    )),.UNSPECIFIED.,.F.,.F.,.F.,(4,1,4),(2,2),(-2.191032698813E-002,
    -1.300554123307E-002,0.E+000),(0.E+000,1.E-004),.UNSPECIFIED.);
#4441 = CARTESIAN_POINT('',(1.381161608643,0.6,4.238429828409));
#4442 = CARTESIAN_POINT('',(1.381161608643,0.601,4.238429828409));
#4443 = CARTESIAN_POINT('',(1.361657711721,0.6,4.260865894199));
#4444 = CARTESIAN_POINT('',(1.361657711721,0.601,4.260865894199));
#4445 = CARTESIAN_POINT('',(1.313668150731,0.6,4.316070090155));
#4446 = CARTESIAN_POINT('',(1.313668150731,0.601,4.316070090155));
#4447 = CARTESIAN_POINT('',(1.257052667291,0.6,4.362488256481));
#4448 = CARTESIAN_POINT('',(1.257052667291,0.601,4.362488256481));
#4449 = CARTESIAN_POINT('',(1.223446824497,0.6,4.390041171435));
#4450 = CARTESIAN_POINT('',(1.223446824497,0.601,4.390041171435));
#4451 = ADVANCED_FACE('',(#4452),#4481,.T.);
#4452 = FACE_BOUND('',#4453,.T.);
#4453 = EDGE_LOOP('',(#4454,#4464,#4465,#4475));
#4454 = ORIENTED_EDGE('',*,*,#4455,.F.);
#4455 = EDGE_CURVE('',#4415,#4456,#4458,.T.);
#4456 = VERTEX_POINT('',#4457);
#4457 = CARTESIAN_POINT('',(1.422177278346,0.6,4.132716930334));
#4458 = B_SPLINE_CURVE_WITH_KNOTS('',3,(#4459,#4460,#4461,#4462,#4463),
  .UNSPECIFIED.,.F.,.F.,(4,1,4),(0.E+000,6.247978773762E-003,
    1.148244982859E-002),.UNSPECIFIED.);
#4459 = CARTESIAN_POINT('',(1.381161608643,0.6,4.238429828409));
#4460 = CARTESIAN_POINT('',(1.393095295501,0.6,4.220926946076));
#4461 = CARTESIAN_POINT('',(1.415026861786,0.6,4.188760388614));
#4462 = CARTESIAN_POINT('',(1.41993831049,0.6,4.150265488601));
#4463 = CARTESIAN_POINT('',(1.422177278346,0.6,4.132716930334));
#4464 = ORIENTED_EDGE('',*,*,#4435,.T.);
#4465 = ORIENTED_EDGE('',*,*,#4466,.F.);
#4466 = EDGE_CURVE('',#4467,#4426,#4469,.T.);
#4467 = VERTEX_POINT('',#4468);
#4468 = CARTESIAN_POINT('',(1.422177278346,0.601,4.132716930334));
#4469 = B_SPLINE_CURVE_WITH_KNOTS('',3,(#4470,#4471,#4472,#4473,#4474),
  .UNSPECIFIED.,.F.,.F.,(4,1,4),(-1.148244982859E-002,
    -6.247978773762E-003,0.E+000),.UNSPECIFIED.);
#4470 = CARTESIAN_POINT('',(1.422177278346,0.601,4.132716930334));
#4471 = CARTESIAN_POINT('',(1.41993831049,0.601,4.150265488601));
#4472 = CARTESIAN_POINT('',(1.415026861786,0.601,4.188760388614));
#4473 = CARTESIAN_POINT('',(1.393095295501,0.601,4.220926946076));
#4474 = CARTESIAN_POINT('',(1.381161608643,0.601,4.238429828409));
#4475 = ORIENTED_EDGE('',*,*,#4476,.F.);
#4476 = EDGE_CURVE('',#4456,#4467,#4477,.T.);
#4477 = LINE('',#4478,#4479);
#4478 = CARTESIAN_POINT('',(1.422177278346,0.6,4.132716930334));
#4479 = VECTOR('',#4480,1.);
#4480 = DIRECTION('',(0.E+000,1.,0.E+000));
#4481 = B_SPLINE_SURFACE_WITH_KNOTS('',3,1,(
    (#4482,#4483)
    ,(#4484,#4485)
    ,(#4486,#4487)
    ,(#4488,#4489)
    ,(#4490,#4491
    )),.UNSPECIFIED.,.F.,.F.,.F.,(4,1,4),(2,2),(-1.148244982859E-002,
    -6.247978773762E-003,0.E+000),(0.E+000,1.E-004),.UNSPECIFIED.);
#4482 = CARTESIAN_POINT('',(1.422177278346,0.6,4.132716930334));
#4483 = CARTESIAN_POINT('',(1.422177278346,0.601,4.132716930334));
#4484 = CARTESIAN_POINT('',(1.41993831049,0.6,4.150265488601));
#4485 = CARTESIAN_POINT('',(1.41993831049,0.601,4.150265488601));
#4486 = CARTESIAN_POINT('',(1.415026861786,0.6,4.188760388614));
#4487 = CARTESIAN_POINT('',(1.415026861786,0.601,4.188760388614));
#4488 = CARTESIAN_POINT('',(1.393095295501,0.6,4.220926946076));
#4489 = CARTESIAN_POINT('',(1.393095295501,0.601,4.220926946076));
#4490 = CARTESIAN_POINT('',(1.381161608643,0.6,4.238429828409));
#4491 = CARTESIAN_POINT('',(1.381161608643,0.601,4.238429828409));
#4492 = ADVANCED_FACE('',(#4493),#4522,.T.);
#4493 = FACE_BOUND('',#4494,.T.);
#4494 = EDGE_LOOP('',(#4495,#4505,#4506,#4516));
#4495 = ORIENTED_EDGE('',*,*,#4496,.F.);
#4496 = EDGE_CURVE('',#4456,#4497,#4499,.T.);
#4497 = VERTEX_POINT('',#4498);
#4498 = CARTESIAN_POINT('',(1.384823718018,0.6,4.044582149807));
#4499 = B_SPLINE_CURVE_WITH_KNOTS('',3,(#4500,#4501,#4502,#4503,#4504),
  .UNSPECIFIED.,.F.,.F.,(4,1,4),(0.E+000,4.905378451045E-003,
    9.787077482908E-003),.UNSPECIFIED.);
#4500 = CARTESIAN_POINT('',(1.422177278346,0.6,4.132716930334));
#4501 = CARTESIAN_POINT('',(1.420636025341,0.6,4.11599768749));
#4502 = CARTESIAN_POINT('',(1.417560959322,0.6,4.082639909533));
#4503 = CARTESIAN_POINT('',(1.395718516164,0.6,4.05724759117));
#4504 = CARTESIAN_POINT('',(1.384823718018,0.6,4.044582149807));
#4505 = ORIENTED_EDGE('',*,*,#4476,.T.);
#4506 = ORIENTED_EDGE('',*,*,#4507,.F.);
#4507 = EDGE_CURVE('',#4508,#4467,#4510,.T.);
#4508 = VERTEX_POINT('',#4509);
#4509 = CARTESIAN_POINT('',(1.384823718018,0.601,4.044582149807));
#4510 = B_SPLINE_CURVE_WITH_KNOTS('',3,(#4511,#4512,#4513,#4514,#4515),
  .UNSPECIFIED.,.F.,.F.,(4,1,4),(-9.787077482908E-003,
    -4.905378451045E-003,0.E+000),.UNSPECIFIED.);
#4511 = CARTESIAN_POINT('',(1.384823718018,0.601,4.044582149807));
#4512 = CARTESIAN_POINT('',(1.395718516164,0.601,4.05724759117));
#4513 = CARTESIAN_POINT('',(1.417560959322,0.601,4.082639909533));
#4514 = CARTESIAN_POINT('',(1.420636025341,0.601,4.11599768749));
#4515 = CARTESIAN_POINT('',(1.422177278346,0.601,4.132716930334));
#4516 = ORIENTED_EDGE('',*,*,#4517,.F.);
#4517 = EDGE_CURVE('',#4497,#4508,#4518,.T.);
#4518 = LINE('',#4519,#4520);
#4519 = CARTESIAN_POINT('',(1.384823718018,0.6,4.044582149807));
#4520 = VECTOR('',#4521,1.);
#4521 = DIRECTION('',(0.E+000,1.,0.E+000));
#4522 = B_SPLINE_SURFACE_WITH_KNOTS('',3,1,(
    (#4523,#4524)
    ,(#4525,#4526)
    ,(#4527,#4528)
    ,(#4529,#4530)
    ,(#4531,#4532
    )),.UNSPECIFIED.,.F.,.F.,.F.,(4,1,4),(2,2),(-9.787077482908E-003,
    -4.905378451045E-003,0.E+000),(0.E+000,1.E-004),.UNSPECIFIED.);
#4523 = CARTESIAN_POINT('',(1.384823718018,0.6,4.044582149807));
#4524 = CARTESIAN_POINT('',(1.384823718018,0.601,4.044582149807));
#4525 = CARTESIAN_POINT('',(1.395718516164,0.6,4.05724759117));
#4526 = CARTESIAN_POINT('',(1.395718516164,0.601,4.05724759117));
#4527 = CARTESIAN_POINT('',(1.417560959322,0.6,4.082639909533));
#4528 = CARTESIAN_POINT('',(1.417560959322,0.601,4.082639909533));
#4529 = CARTESIAN_POINT('',(1.420636025341,0.6,4.11599768749));
#4530 = CARTESIAN_POINT('',(1.420636025341,0.601,4.11599768749));
#4531 = CARTESIAN_POINT('',(1.422177278346,0.6,4.132716930334));
#4532 = CARTESIAN_POINT('',(1.422177278346,0.601,4.132716930334));
#4533 = ADVANCED_FACE('',(#4534),#4563,.T.);
#4534 = FACE_BOUND('',#4535,.T.);
#4535 = EDGE_LOOP('',(#4536,#4546,#4547,#4557));
#4536 = ORIENTED_EDGE('',*,*,#4537,.F.);
#4537 = EDGE_CURVE('',#4497,#4538,#4540,.T.);
#4538 = VERTEX_POINT('',#4539);
#4539 = CARTESIAN_POINT('',(1.287411623544,0.6,4.008693485383));
#4540 = B_SPLINE_CURVE_WITH_KNOTS('',3,(#4541,#4542,#4543,#4544,#4545),
  .UNSPECIFIED.,.F.,.F.,(4,1,4),(0.E+000,5.075483601611E-003,
    1.058723795215E-002),.UNSPECIFIED.);
#4541 = CARTESIAN_POINT('',(1.384823718018,0.6,4.044582149807));
#4542 = CARTESIAN_POINT('',(1.371043624522,0.6,4.034119504588));
#4543 = CARTESIAN_POINT('',(1.34229894908,0.6,4.012294881902));
#4544 = CARTESIAN_POINT('',(1.306203200658,0.6,4.009926482614));
#4545 = CARTESIAN_POINT('',(1.287411623544,0.6,4.008693485383));
#4546 = ORIENTED_EDGE('',*,*,#4517,.T.);
#4547 = ORIENTED_EDGE('',*,*,#4548,.F.);
#4548 = EDGE_CURVE('',#4549,#4508,#4551,.T.);
#4549 = VERTEX_POINT('',#4550);
#4550 = CARTESIAN_POINT('',(1.287411623544,0.601,4.008693485383));
#4551 = B_SPLINE_CURVE_WITH_KNOTS('',3,(#4552,#4553,#4554,#4555,#4556),
  .UNSPECIFIED.,.F.,.F.,(4,1,4),(-1.058723795215E-002,
    -5.075483601611E-003,0.E+000),.UNSPECIFIED.);
#4552 = CARTESIAN_POINT('',(1.287411623544,0.601,4.008693485383));
#4553 = CARTESIAN_POINT('',(1.306203200658,0.601,4.009926482614));
#4554 = CARTESIAN_POINT('',(1.34229894908,0.601,4.012294881902));
#4555 = CARTESIAN_POINT('',(1.371043624522,0.601,4.034119504588));
#4556 = CARTESIAN_POINT('',(1.384823718018,0.601,4.044582149807));
#4557 = ORIENTED_EDGE('',*,*,#4558,.F.);
#4558 = EDGE_CURVE('',#4538,#4549,#4559,.T.);
#4559 = LINE('',#4560,#4561);
#4560 = CARTESIAN_POINT('',(1.287411623544,0.6,4.008693485383));
#4561 = VECTOR('',#4562,1.);
#4562 = DIRECTION('',(0.E+000,1.,0.E+000));
#4563 = B_SPLINE_SURFACE_WITH_KNOTS('',3,1,(
    (#4564,#4565)
    ,(#4566,#4567)
    ,(#4568,#4569)
    ,(#4570,#4571)
    ,(#4572,#4573
    )),.UNSPECIFIED.,.F.,.F.,.F.,(4,1,4),(2,2),(-1.058723795215E-002,
    -5.075483601611E-003,0.E+000),(0.E+000,1.E-004),.UNSPECIFIED.);
#4564 = CARTESIAN_POINT('',(1.287411623544,0.6,4.008693485383));
#4565 = CARTESIAN_POINT('',(1.287411623544,0.601,4.008693485383));
#4566 = CARTESIAN_POINT('',(1.306203200658,0.6,4.009926482614));
#4567 = CARTESIAN_POINT('',(1.306203200658,0.601,4.009926482614));
#4568 = CARTESIAN_POINT('',(1.34229894908,0.6,4.012294881902));
#4569 = CARTESIAN_POINT('',(1.34229894908,0.601,4.012294881902));
#4570 = CARTESIAN_POINT('',(1.371043624522,0.6,4.034119504588));
#4571 = CARTESIAN_POINT('',(1.371043624522,0.601,4.034119504588));
#4572 = CARTESIAN_POINT('',(1.384823718018,0.6,4.044582149807));
#4573 = CARTESIAN_POINT('',(1.384823718018,0.601,4.044582149807));
#4574 = ADVANCED_FACE('',(#4575),#4604,.T.);
#4575 = FACE_BOUND('',#4576,.T.);
#4576 = EDGE_LOOP('',(#4577,#4587,#4588,#4598));
#4577 = ORIENTED_EDGE('',*,*,#4578,.F.);
#4578 = EDGE_CURVE('',#4538,#4579,#4581,.T.);
#4579 = VERTEX_POINT('',#4580);
#4580 = CARTESIAN_POINT('',(1.185849108643,0.6,4.046779437784));
#4581 = B_SPLINE_CURVE_WITH_KNOTS('',3,(#4582,#4583,#4584,#4585,#4586),
  .UNSPECIFIED.,.F.,.F.,(4,1,4),(0.E+000,5.791691430309E-003,
    1.107399729308E-002),.UNSPECIFIED.);
#4582 = CARTESIAN_POINT('',(1.287411623544,0.6,4.008693485383));
#4583 = CARTESIAN_POINT('',(1.267635552147,0.6,4.009967300873));
#4584 = CARTESIAN_POINT('',(1.229822736364,0.6,4.012402898395));
#4585 = CARTESIAN_POINT('',(1.200050493229,0.6,4.03567745503));
#4586 = CARTESIAN_POINT('',(1.185849108643,0.6,4.046779437784));
#4587 = ORIENTED_EDGE('',*,*,#4558,.T.);
#4588 = ORIENTED_EDGE('',*,*,#4589,.F.);
#4589 = EDGE_CURVE('',#4590,#4549,#4592,.T.);
#4590 = VERTEX_POINT('',#4591);
#4591 = CARTESIAN_POINT('',(1.185849108643,0.601,4.046779437784));
#4592 = B_SPLINE_CURVE_WITH_KNOTS('',3,(#4593,#4594,#4595,#4596,#4597),
  .UNSPECIFIED.,.F.,.F.,(4,1,4),(-1.107399729308E-002,
    -5.791691430309E-003,0.E+000),.UNSPECIFIED.);
#4593 = CARTESIAN_POINT('',(1.185849108643,0.601,4.046779437784));
#4594 = CARTESIAN_POINT('',(1.200050493229,0.601,4.03567745503));
#4595 = CARTESIAN_POINT('',(1.229822736364,0.601,4.012402898395));
#4596 = CARTESIAN_POINT('',(1.267635552147,0.601,4.009967300873));
#4597 = CARTESIAN_POINT('',(1.287411623544,0.601,4.008693485383));
#4598 = ORIENTED_EDGE('',*,*,#4599,.F.);
#4599 = EDGE_CURVE('',#4579,#4590,#4600,.T.);
#4600 = LINE('',#4601,#4602);
#4601 = CARTESIAN_POINT('',(1.185849108643,0.6,4.046779437784));
#4602 = VECTOR('',#4603,1.);
#4603 = DIRECTION('',(0.E+000,1.,0.E+000));
#4604 = B_SPLINE_SURFACE_WITH_KNOTS('',3,1,(
    (#4605,#4606)
    ,(#4607,#4608)
    ,(#4609,#4610)
    ,(#4611,#4612)
    ,(#4613,#4614
    )),.UNSPECIFIED.,.F.,.F.,.F.,(4,1,4),(2,2),(-1.107399729308E-002,
    -5.791691430309E-003,0.E+000),(0.E+000,1.E-004),.UNSPECIFIED.);
#4605 = CARTESIAN_POINT('',(1.185849108643,0.6,4.046779437784));
#4606 = CARTESIAN_POINT('',(1.185849108643,0.601,4.046779437784));
#4607 = CARTESIAN_POINT('',(1.200050493229,0.6,4.03567745503));
#4608 = CARTESIAN_POINT('',(1.200050493229,0.601,4.03567745503));
#4609 = CARTESIAN_POINT('',(1.229822736364,0.6,4.012402898395));
#4610 = CARTESIAN_POINT('',(1.229822736364,0.601,4.012402898395));
#4611 = CARTESIAN_POINT('',(1.267635552147,0.6,4.009967300873));
#4612 = CARTESIAN_POINT('',(1.267635552147,0.601,4.009967300873));
#4613 = CARTESIAN_POINT('',(1.287411623544,0.6,4.008693485383));
#4614 = CARTESIAN_POINT('',(1.287411623544,0.601,4.008693485383));
#4615 = ADVANCED_FACE('',(#4616),#4645,.T.);
#4616 = FACE_BOUND('',#4617,.T.);
#4617 = EDGE_LOOP('',(#4618,#4628,#4629,#4639));
#4618 = ORIENTED_EDGE('',*,*,#4619,.F.);
#4619 = EDGE_CURVE('',#4579,#4620,#4622,.T.);
#4620 = VERTEX_POINT('',#4621);
#4621 = CARTESIAN_POINT('',(1.147274919695,0.6,4.152248180334));
#4622 = B_SPLINE_CURVE_WITH_KNOTS('',3,(#4623,#4624,#4625,#4626,#4627),
  .UNSPECIFIED.,.F.,.F.,(4,1,4),(0.E+000,5.371216703493E-003,
    1.145792550411E-002),.UNSPECIFIED.);
#4623 = CARTESIAN_POINT('',(1.185849108643,0.6,4.046779437784));
#4624 = CARTESIAN_POINT('',(1.174727377944,0.6,4.06132325578));
#4625 = CARTESIAN_POINT('',(1.151002406702,0.6,4.092348252971));
#4626 = CARTESIAN_POINT('',(1.148568085889,0.6,4.131467273265));
#4627 = CARTESIAN_POINT('',(1.147274919695,0.6,4.152248180334));
#4628 = ORIENTED_EDGE('',*,*,#4599,.T.);
#4629 = ORIENTED_EDGE('',*,*,#4630,.F.);
#4630 = EDGE_CURVE('',#4631,#4590,#4633,.T.);
#4631 = VERTEX_POINT('',#4632);
#4632 = CARTESIAN_POINT('',(1.147274919695,0.601,4.152248180334));
#4633 = B_SPLINE_CURVE_WITH_KNOTS('',3,(#4634,#4635,#4636,#4637,#4638),
  .UNSPECIFIED.,.F.,.F.,(4,1,4),(-1.145792550411E-002,
    -5.371216703493E-003,0.E+000),.UNSPECIFIED.);
#4634 = CARTESIAN_POINT('',(1.147274919695,0.601,4.152248180334));
#4635 = CARTESIAN_POINT('',(1.148568085889,0.601,4.131467273265));
#4636 = CARTESIAN_POINT('',(1.151002406702,0.601,4.092348252971));
#4637 = CARTESIAN_POINT('',(1.174727377944,0.601,4.06132325578));
#4638 = CARTESIAN_POINT('',(1.185849108643,0.601,4.046779437784));
#4639 = ORIENTED_EDGE('',*,*,#4640,.F.);
#4640 = EDGE_CURVE('',#4620,#4631,#4641,.T.);
#4641 = LINE('',#4642,#4643);
#4642 = CARTESIAN_POINT('',(1.147274919695,0.6,4.152248180334));
#4643 = VECTOR('',#4644,1.);
#4644 = DIRECTION('',(0.E+000,1.,0.E+000));
#4645 = B_SPLINE_SURFACE_WITH_KNOTS('',3,1,(
    (#4646,#4647)
    ,(#4648,#4649)
    ,(#4650,#4651)
    ,(#4652,#4653)
    ,(#4654,#4655
    )),.UNSPECIFIED.,.F.,.F.,.F.,(4,1,4),(2,2),(-1.145792550411E-002,
    -5.371216703493E-003,0.E+000),(0.E+000,1.E-004),.UNSPECIFIED.);
#4646 = CARTESIAN_POINT('',(1.147274919695,0.6,4.152248180334));
#4647 = CARTESIAN_POINT('',(1.147274919695,0.601,4.152248180334));
#4648 = CARTESIAN_POINT('',(1.148568085889,0.6,4.131467273265));
#4649 = CARTESIAN_POINT('',(1.148568085889,0.601,4.131467273265));
#4650 = CARTESIAN_POINT('',(1.151002406702,0.6,4.092348252971));
#4651 = CARTESIAN_POINT('',(1.151002406702,0.601,4.092348252971));
#4652 = CARTESIAN_POINT('',(1.174727377944,0.6,4.06132325578));
#4653 = CARTESIAN_POINT('',(1.174727377944,0.601,4.06132325578));
#4654 = CARTESIAN_POINT('',(1.185849108643,0.6,4.046779437784));
#4655 = CARTESIAN_POINT('',(1.185849108643,0.601,4.046779437784));
#4656 = ADVANCED_FACE('',(#4657),#4682,.T.);
#4657 = FACE_BOUND('',#4658,.T.);
#4658 = EDGE_LOOP('',(#4659,#4667,#4668,#4676));
#4659 = ORIENTED_EDGE('',*,*,#4660,.F.);
#4660 = EDGE_CURVE('',#4620,#4661,#4663,.T.);
#4661 = VERTEX_POINT('',#4662);
#4662 = CARTESIAN_POINT('',(1.056942888445,0.6,4.142970829133));
#4663 = LINE('',#4664,#4665);
#4664 = CARTESIAN_POINT('',(1.147274919695,0.6,4.152248180334));
#4665 = VECTOR('',#4666,1.);
#4666 = DIRECTION('',(-0.994767427106,0.E+000,-0.102165385373));
#4667 = ORIENTED_EDGE('',*,*,#4640,.T.);
#4668 = ORIENTED_EDGE('',*,*,#4669,.F.);
#4669 = EDGE_CURVE('',#4670,#4631,#4672,.T.);
#4670 = VERTEX_POINT('',#4671);
#4671 = CARTESIAN_POINT('',(1.056942888445,0.601,4.142970829133));
#4672 = LINE('',#4673,#4674);
#4673 = CARTESIAN_POINT('',(1.147274919695,0.601,4.152248180334));
#4674 = VECTOR('',#4675,1.);
#4675 = DIRECTION('',(0.994767427106,0.E+000,0.102165385373));
#4676 = ORIENTED_EDGE('',*,*,#4677,.F.);
#4677 = EDGE_CURVE('',#4661,#4670,#4678,.T.);
#4678 = LINE('',#4679,#4680);
#4679 = CARTESIAN_POINT('',(1.056942888445,0.6,4.142970829133));
#4680 = VECTOR('',#4681,1.);
#4681 = DIRECTION('',(0.E+000,1.,0.E+000));
#4682 = PLANE('',#4683);
#4683 = AXIS2_PLACEMENT_3D('',#4684,#4685,#4686);
#4684 = CARTESIAN_POINT('',(1.056942888445,0.6,4.142970829133));
#4685 = DIRECTION('',(-0.102165385373,0.E+000,0.994767427106));
#4686 = DIRECTION('',(0.994767427106,0.E+000,0.102165385373));
#4687 = ADVANCED_FACE('',(#4688),#4717,.T.);
#4688 = FACE_BOUND('',#4689,.T.);
#4689 = EDGE_LOOP('',(#4690,#4700,#4701,#4711));
#4690 = ORIENTED_EDGE('',*,*,#4691,.F.);
#4691 = EDGE_CURVE('',#4661,#4692,#4694,.T.);
#4692 = VERTEX_POINT('',#4693);
#4693 = CARTESIAN_POINT('',(1.126767122096,0.6,3.988918079857));
#4694 = B_SPLINE_CURVE_WITH_KNOTS('',3,(#4695,#4696,#4697,#4698,#4699),
  .UNSPECIFIED.,.F.,.F.,(4,1,4),(0.E+000,9.175036588084E-003,
    1.723942032283E-002),.UNSPECIFIED.);
#4695 = CARTESIAN_POINT('',(1.056942888445,0.6,4.142970829133));
#4696 = CARTESIAN_POINT('',(1.061450843078,0.6,4.111948398499));
#4697 = CARTESIAN_POINT('',(1.069921057226,0.6,4.053658852075));
#4698 = CARTESIAN_POINT('',(1.108650143326,0.6,4.00955112101));
#4699 = CARTESIAN_POINT('',(1.126767122096,0.6,3.988918079857));
#4700 = ORIENTED_EDGE('',*,*,#4677,.T.);
#4701 = ORIENTED_EDGE('',*,*,#4702,.F.);
#4702 = EDGE_CURVE('',#4703,#4670,#4705,.T.);
#4703 = VERTEX_POINT('',#4704);
#4704 = CARTESIAN_POINT('',(1.126767122096,0.601,3.988918079857));
#4705 = B_SPLINE_CURVE_WITH_KNOTS('',3,(#4706,#4707,#4708,#4709,#4710),
  .UNSPECIFIED.,.F.,.F.,(4,1,4),(-1.723942032283E-002,
    -9.175036588084E-003,0.E+000),.UNSPECIFIED.);
#4706 = CARTESIAN_POINT('',(1.126767122096,0.601,3.988918079857));
#4707 = CARTESIAN_POINT('',(1.108650143326,0.601,4.00955112101));
#4708 = CARTESIAN_POINT('',(1.069921057226,0.601,4.053658852075));
#4709 = CARTESIAN_POINT('',(1.061450843078,0.601,4.111948398499));
#4710 = CARTESIAN_POINT('',(1.056942888445,0.601,4.142970829133));
#4711 = ORIENTED_EDGE('',*,*,#4712,.F.);
#4712 = EDGE_CURVE('',#4692,#4703,#4713,.T.);
#4713 = LINE('',#4714,#4715);
#4714 = CARTESIAN_POINT('',(1.126767122096,0.6,3.988918079857));
#4715 = VECTOR('',#4716,1.);
#4716 = DIRECTION('',(0.E+000,1.,0.E+000));
#4717 = B_SPLINE_SURFACE_WITH_KNOTS('',3,1,(
    (#4718,#4719)
    ,(#4720,#4721)
    ,(#4722,#4723)
    ,(#4724,#4725)
    ,(#4726,#4727
    )),.UNSPECIFIED.,.F.,.F.,.F.,(4,1,4),(2,2),(-1.723942032283E-002,
    -9.175036588084E-003,0.E+000),(0.E+000,1.E-004),.UNSPECIFIED.);
#4718 = CARTESIAN_POINT('',(1.126767122096,0.6,3.988918079857));
#4719 = CARTESIAN_POINT('',(1.126767122096,0.601,3.988918079857));
#4720 = CARTESIAN_POINT('',(1.108650143326,0.6,4.00955112101));
#4721 = CARTESIAN_POINT('',(1.108650143326,0.601,4.00955112101));
#4722 = CARTESIAN_POINT('',(1.069921057226,0.6,4.053658852075));
#4723 = CARTESIAN_POINT('',(1.069921057226,0.601,4.053658852075));
#4724 = CARTESIAN_POINT('',(1.061450843078,0.6,4.111948398499));
#4725 = CARTESIAN_POINT('',(1.061450843078,0.601,4.111948398499));
#4726 = CARTESIAN_POINT('',(1.056942888445,0.6,4.142970829133));
#4727 = CARTESIAN_POINT('',(1.056942888445,0.601,4.142970829133));
#4728 = ADVANCED_FACE('',(#4729),#4758,.T.);
#4729 = FACE_BOUND('',#4730,.T.);
#4730 = EDGE_LOOP('',(#4731,#4741,#4742,#4752));
#4731 = ORIENTED_EDGE('',*,*,#4732,.F.);
#4732 = EDGE_CURVE('',#4692,#4733,#4735,.T.);
#4733 = VERTEX_POINT('',#4734);
#4734 = CARTESIAN_POINT('',(1.289364793247,0.6,3.935939608935));
#4735 = B_SPLINE_CURVE_WITH_KNOTS('',3,(#4736,#4737,#4738,#4739,#4740),
  .UNSPECIFIED.,.F.,.F.,(4,1,4),(0.E+000,8.12947495486E-003,
    1.739213345503E-002),.UNSPECIFIED.);
#4736 = CARTESIAN_POINT('',(1.126767122096,0.6,3.988918079857));
#4737 = CARTESIAN_POINT('',(1.14966515941,0.6,3.97348362128));
#4738 = CARTESIAN_POINT('',(1.198653036615,0.6,3.940463264509));
#4739 = CARTESIAN_POINT('',(1.257842055233,0.6,3.937511599324));
#4740 = CARTESIAN_POINT('',(1.289364793247,0.6,3.935939608935));
#4741 = ORIENTED_EDGE('',*,*,#4712,.T.);
#4742 = ORIENTED_EDGE('',*,*,#4743,.F.);
#4743 = EDGE_CURVE('',#4744,#4703,#4746,.T.);
#4744 = VERTEX_POINT('',#4745);
#4745 = CARTESIAN_POINT('',(1.289364793247,0.601,3.935939608935));
#4746 = B_SPLINE_CURVE_WITH_KNOTS('',3,(#4747,#4748,#4749,#4750,#4751),
  .UNSPECIFIED.,.F.,.F.,(4,1,4),(-1.739213345503E-002,
    -8.12947495486E-003,0.E+000),.UNSPECIFIED.);
#4747 = CARTESIAN_POINT('',(1.289364793247,0.601,3.935939608935));
#4748 = CARTESIAN_POINT('',(1.257842055233,0.601,3.937511599324));
#4749 = CARTESIAN_POINT('',(1.198653036615,0.601,3.940463264509));
#4750 = CARTESIAN_POINT('',(1.14966515941,0.601,3.97348362128));
#4751 = CARTESIAN_POINT('',(1.126767122096,0.601,3.988918079857));
#4752 = ORIENTED_EDGE('',*,*,#4753,.F.);
#4753 = EDGE_CURVE('',#4733,#4744,#4754,.T.);
#4754 = LINE('',#4755,#4756);
#4755 = CARTESIAN_POINT('',(1.289364793247,0.6,3.935939608935));
#4756 = VECTOR('',#4757,1.);
#4757 = DIRECTION('',(0.E+000,1.,0.E+000));
#4758 = B_SPLINE_SURFACE_WITH_KNOTS('',3,1,(
    (#4759,#4760)
    ,(#4761,#4762)
    ,(#4763,#4764)
    ,(#4765,#4766)
    ,(#4767,#4768
    )),.UNSPECIFIED.,.F.,.F.,.F.,(4,1,4),(2,2),(-1.739213345503E-002,
    -8.12947495486E-003,0.E+000),(0.E+000,1.E-004),.UNSPECIFIED.);
#4759 = CARTESIAN_POINT('',(1.289364793247,0.6,3.935939608935));
#4760 = CARTESIAN_POINT('',(1.289364793247,0.601,3.935939608935));
#4761 = CARTESIAN_POINT('',(1.257842055233,0.6,3.937511599324));
#4762 = CARTESIAN_POINT('',(1.257842055233,0.601,3.937511599324));
#4763 = CARTESIAN_POINT('',(1.198653036615,0.6,3.940463264509));
#4764 = CARTESIAN_POINT('',(1.198653036615,0.601,3.940463264509));
#4765 = CARTESIAN_POINT('',(1.14966515941,0.6,3.97348362128));
#4766 = CARTESIAN_POINT('',(1.14966515941,0.601,3.97348362128));
#4767 = CARTESIAN_POINT('',(1.126767122096,0.6,3.988918079857));
#4768 = CARTESIAN_POINT('',(1.126767122096,0.601,3.988918079857));
#4769 = ADVANCED_FACE('',(#4770),#4799,.T.);
#4770 = FACE_BOUND('',#4771,.T.);
#4771 = EDGE_LOOP('',(#4772,#4782,#4783,#4793));
#4772 = ORIENTED_EDGE('',*,*,#4773,.F.);
#4773 = EDGE_CURVE('',#4733,#4774,#4776,.T.);
#4774 = VERTEX_POINT('',#4775);
#4775 = CARTESIAN_POINT('',(1.452450700945,0.6,3.993068500284));
#4776 = B_SPLINE_CURVE_WITH_KNOTS('',3,(#4777,#4778,#4779,#4780,#4781),
  .UNSPECIFIED.,.F.,.F.,(4,1,4),(0.E+000,9.338375904104E-003,
    1.761399529371E-002),.UNSPECIFIED.);
#4777 = CARTESIAN_POINT('',(1.289364793247,0.6,3.935939608935));
#4778 = CARTESIAN_POINT('',(1.321221484124,0.6,3.937690160268));
#4779 = CARTESIAN_POINT('',(1.381309406151,0.6,3.940992040943));
#4780 = CARTESIAN_POINT('',(1.429710374919,0.6,3.976422251897));
#4781 = CARTESIAN_POINT('',(1.452450700945,0.6,3.993068500284));
#4782 = ORIENTED_EDGE('',*,*,#4753,.T.);
#4783 = ORIENTED_EDGE('',*,*,#4784,.F.);
#4784 = EDGE_CURVE('',#4785,#4744,#4787,.T.);
#4785 = VERTEX_POINT('',#4786);
#4786 = CARTESIAN_POINT('',(1.452450700945,0.601,3.993068500284));
#4787 = B_SPLINE_CURVE_WITH_KNOTS('',3,(#4788,#4789,#4790,#4791,#4792),
  .UNSPECIFIED.,.F.,.F.,(4,1,4),(-1.761399529371E-002,
    -9.338375904104E-003,0.E+000),.UNSPECIFIED.);
#4788 = CARTESIAN_POINT('',(1.452450700945,0.601,3.993068500284));
#4789 = CARTESIAN_POINT('',(1.429710374919,0.601,3.976422251897));
#4790 = CARTESIAN_POINT('',(1.381309406151,0.601,3.940992040943));
#4791 = CARTESIAN_POINT('',(1.321221484124,0.601,3.937690160268));
#4792 = CARTESIAN_POINT('',(1.289364793247,0.601,3.935939608935));
#4793 = ORIENTED_EDGE('',*,*,#4794,.F.);
#4794 = EDGE_CURVE('',#4774,#4785,#4795,.T.);
#4795 = LINE('',#4796,#4797);
#4796 = CARTESIAN_POINT('',(1.452450700945,0.6,3.993068500284));
#4797 = VECTOR('',#4798,1.);
#4798 = DIRECTION('',(0.E+000,1.,0.E+000));
#4799 = B_SPLINE_SURFACE_WITH_KNOTS('',3,1,(
    (#4800,#4801)
    ,(#4802,#4803)
    ,(#4804,#4805)
    ,(#4806,#4807)
    ,(#4808,#4809
    )),.UNSPECIFIED.,.F.,.F.,.F.,(4,1,4),(2,2),(-1.761399529371E-002,
    -9.338375904104E-003,0.E+000),(0.E+000,1.E-004),.UNSPECIFIED.);
#4800 = CARTESIAN_POINT('',(1.452450700945,0.6,3.993068500284));
#4801 = CARTESIAN_POINT('',(1.452450700945,0.601,3.993068500284));
#4802 = CARTESIAN_POINT('',(1.429710374919,0.6,3.976422251897));
#4803 = CARTESIAN_POINT('',(1.429710374919,0.601,3.976422251897));
#4804 = CARTESIAN_POINT('',(1.381309406151,0.6,3.940992040943));
#4805 = CARTESIAN_POINT('',(1.381309406151,0.601,3.940992040943));
#4806 = CARTESIAN_POINT('',(1.321221484124,0.6,3.937690160268));
#4807 = CARTESIAN_POINT('',(1.321221484124,0.601,3.937690160268));
#4808 = CARTESIAN_POINT('',(1.289364793247,0.6,3.935939608935));
#4809 = CARTESIAN_POINT('',(1.289364793247,0.601,3.935939608935));
#4810 = ADVANCED_FACE('',(#4811),#4840,.T.);
#4811 = FACE_BOUND('',#4812,.T.);
#4812 = EDGE_LOOP('',(#4813,#4823,#4824,#4834));
#4813 = ORIENTED_EDGE('',*,*,#4814,.F.);
#4814 = EDGE_CURVE('',#4774,#4815,#4817,.T.);
#4815 = VERTEX_POINT('',#4816);
#4816 = CARTESIAN_POINT('',(1.512509309596,0.6,4.134670062784));
#4817 = B_SPLINE_CURVE_WITH_KNOTS('',3,(#4818,#4819,#4820,#4821,#4822),
  .UNSPECIFIED.,.F.,.F.,(4,1,4),(0.E+000,7.823332579462E-003,
    1.57308623535E-002),.UNSPECIFIED.);
#4818 = CARTESIAN_POINT('',(1.452450700945,0.6,3.993068500284));
#4819 = CARTESIAN_POINT('',(1.469967624679,0.6,4.013325405452));
#4820 = CARTESIAN_POINT('',(1.505189994855,0.6,4.054057227048));
#4821 = CARTESIAN_POINT('',(1.510060847834,0.6,4.107703406367));
#4822 = CARTESIAN_POINT('',(1.512509309596,0.6,4.134670062784));
#4823 = ORIENTED_EDGE('',*,*,#4794,.T.);
#4824 = ORIENTED_EDGE('',*,*,#4825,.F.);
#4825 = EDGE_CURVE('',#4826,#4785,#4828,.T.);
#4826 = VERTEX_POINT('',#4827);
#4827 = CARTESIAN_POINT('',(1.512509309596,0.601,4.134670062784));
#4828 = B_SPLINE_CURVE_WITH_KNOTS('',3,(#4829,#4830,#4831,#4832,#4833),
  .UNSPECIFIED.,.F.,.F.,(4,1,4),(-1.57308623535E-002,
    -7.823332579462E-003,0.E+000),.UNSPECIFIED.);
#4829 = CARTESIAN_POINT('',(1.512509309596,0.601,4.134670062784));
#4830 = CARTESIAN_POINT('',(1.510060847834,0.601,4.107703406367));
#4831 = CARTESIAN_POINT('',(1.505189994855,0.601,4.054057227048));
#4832 = CARTESIAN_POINT('',(1.469967624679,0.601,4.013325405452));
#4833 = CARTESIAN_POINT('',(1.452450700945,0.601,3.993068500284));
#4834 = ORIENTED_EDGE('',*,*,#4835,.F.);
#4835 = EDGE_CURVE('',#4815,#4826,#4836,.T.);
#4836 = LINE('',#4837,#4838);
#4837 = CARTESIAN_POINT('',(1.512509309596,0.6,4.134670062784));
#4838 = VECTOR('',#4839,1.);
#4839 = DIRECTION('',(0.E+000,1.,0.E+000));
#4840 = B_SPLINE_SURFACE_WITH_KNOTS('',3,1,(
    (#4841,#4842)
    ,(#4843,#4844)
    ,(#4845,#4846)
    ,(#4847,#4848)
    ,(#4849,#4850
    )),.UNSPECIFIED.,.F.,.F.,.F.,(4,1,4),(2,2),(-1.57308623535E-002,
    -7.823332579462E-003,0.E+000),(0.E+000,1.E-004),.UNSPECIFIED.);
#4841 = CARTESIAN_POINT('',(1.512509309596,0.6,4.134670062784));
#4842 = CARTESIAN_POINT('',(1.512509309596,0.601,4.134670062784));
#4843 = CARTESIAN_POINT('',(1.510060847834,0.6,4.107703406367));
#4844 = CARTESIAN_POINT('',(1.510060847834,0.601,4.107703406367));
#4845 = CARTESIAN_POINT('',(1.505189994855,0.6,4.054057227048));
#4846 = CARTESIAN_POINT('',(1.505189994855,0.601,4.054057227048));
#4847 = CARTESIAN_POINT('',(1.469967624679,0.6,4.013325405452));
#4848 = CARTESIAN_POINT('',(1.469967624679,0.601,4.013325405452));
#4849 = CARTESIAN_POINT('',(1.452450700945,0.6,3.993068500284));
#4850 = CARTESIAN_POINT('',(1.452450700945,0.601,3.993068500284));
#4851 = ADVANCED_FACE('',(#4852),#4881,.T.);
#4852 = FACE_BOUND('',#4853,.T.);
#4853 = EDGE_LOOP('',(#4854,#4864,#4865,#4875));
#4854 = ORIENTED_EDGE('',*,*,#4855,.F.);
#4855 = EDGE_CURVE('',#4815,#4856,#4858,.T.);
#4856 = VERTEX_POINT('',#4857);
#4857 = CARTESIAN_POINT('',(1.4949312293,0.6,4.219142696682));
#4858 = B_SPLINE_CURVE_WITH_KNOTS('',3,(#4859,#4860,#4861,#4862,#4863),
  .UNSPECIFIED.,.F.,.F.,(4,1,4),(0.E+000,4.282858090946E-003,
    8.672518916946E-003),.UNSPECIFIED.);
#4859 = CARTESIAN_POINT('',(1.512509309596,0.6,4.134670062784));
#4860 = CARTESIAN_POINT('',(1.511741477957,0.6,4.149015038753));
#4861 = CARTESIAN_POINT('',(1.510186667064,0.6,4.178062715049));
#4862 = CARTESIAN_POINT('',(1.500057953848,0.6,4.205337406168));
#4863 = CARTESIAN_POINT('',(1.4949312293,0.6,4.219142696682));
#4864 = ORIENTED_EDGE('',*,*,#4835,.T.);
#4865 = ORIENTED_EDGE('',*,*,#4866,.F.);
#4866 = EDGE_CURVE('',#4867,#4826,#4869,.T.);
#4867 = VERTEX_POINT('',#4868);
#4868 = CARTESIAN_POINT('',(1.4949312293,0.601,4.219142696682));
#4869 = B_SPLINE_CURVE_WITH_KNOTS('',3,(#4870,#4871,#4872,#4873,#4874),
  .UNSPECIFIED.,.F.,.F.,(4,1,4),(-8.672518916946E-003,
    -4.282858090946E-003,0.E+000),.UNSPECIFIED.);
#4870 = CARTESIAN_POINT('',(1.4949312293,0.601,4.219142696682));
#4871 = CARTESIAN_POINT('',(1.500057953848,0.601,4.205337406168));
#4872 = CARTESIAN_POINT('',(1.510186667064,0.601,4.178062715049));
#4873 = CARTESIAN_POINT('',(1.511741477957,0.601,4.149015038753));
#4874 = CARTESIAN_POINT('',(1.512509309596,0.601,4.134670062784));
#4875 = ORIENTED_EDGE('',*,*,#4876,.F.);
#4876 = EDGE_CURVE('',#4856,#4867,#4877,.T.);
#4877 = LINE('',#4878,#4879);
#4878 = CARTESIAN_POINT('',(1.4949312293,0.6,4.219142696682));
#4879 = VECTOR('',#4880,1.);
#4880 = DIRECTION('',(0.E+000,1.,0.E+000));
#4881 = B_SPLINE_SURFACE_WITH_KNOTS('',3,1,(
    (#4882,#4883)
    ,(#4884,#4885)
    ,(#4886,#4887)
    ,(#4888,#4889)
    ,(#4890,#4891
    )),.UNSPECIFIED.,.F.,.F.,.F.,(4,1,4),(2,2),(-8.672518916946E-003,
    -4.282858090946E-003,0.E+000),(0.E+000,1.E-004),.UNSPECIFIED.);
#4882 = CARTESIAN_POINT('',(1.4949312293,0.6,4.219142696682));
#4883 = CARTESIAN_POINT('',(1.4949312293,0.601,4.219142696682));
#4884 = CARTESIAN_POINT('',(1.500057953848,0.6,4.205337406168));
#4885 = CARTESIAN_POINT('',(1.500057953848,0.601,4.205337406168));
#4886 = CARTESIAN_POINT('',(1.510186667064,0.6,4.178062715049));
#4887 = CARTESIAN_POINT('',(1.510186667064,0.601,4.178062715049));
#4888 = CARTESIAN_POINT('',(1.511741477957,0.6,4.149015038753));
#4889 = CARTESIAN_POINT('',(1.511741477957,0.601,4.149015038753));
#4890 = CARTESIAN_POINT('',(1.512509309596,0.6,4.134670062784));
#4891 = CARTESIAN_POINT('',(1.512509309596,0.601,4.134670062784));
#4892 = ADVANCED_FACE('',(#4893),#4922,.T.);
#4893 = FACE_BOUND('',#4894,.T.);
#4894 = EDGE_LOOP('',(#4895,#4905,#4906,#4916));
#4895 = ORIENTED_EDGE('',*,*,#4896,.F.);
#4896 = EDGE_CURVE('',#4856,#4897,#4899,.T.);
#4897 = VERTEX_POINT('',#4898);
#4898 = CARTESIAN_POINT('',(1.43658156032,0.6,4.306545047883));
#4899 = B_SPLINE_CURVE_WITH_KNOTS('',3,(#4900,#4901,#4902,#4903,#4904),
  .UNSPECIFIED.,.F.,.F.,(4,1,4),(0.E+000,4.859461082962E-003,
    1.054289909014E-002),.UNSPECIFIED.);
#4900 = CARTESIAN_POINT('',(1.4949312293,0.6,4.219142696682));
#4901 = CARTESIAN_POINT('',(1.487640419028,0.6,4.233673693881));
#4902 = CARTESIAN_POINT('',(1.471822558638,0.6,4.265199584206));
#4903 = CARTESIAN_POINT('',(1.448925074944,0.6,4.29206338278));
#4904 = CARTESIAN_POINT('',(1.43658156032,0.6,4.306545047883));
#4905 = ORIENTED_EDGE('',*,*,#4876,.T.);
#4906 = ORIENTED_EDGE('',*,*,#4907,.F.);
#4907 = EDGE_CURVE('',#4908,#4867,#4910,.T.);
#4908 = VERTEX_POINT('',#4909);
#4909 = CARTESIAN_POINT('',(1.43658156032,0.601,4.306545047883));
#4910 = B_SPLINE_CURVE_WITH_KNOTS('',3,(#4911,#4912,#4913,#4914,#4915),
  .UNSPECIFIED.,.F.,.F.,(4,1,4),(-1.054289909014E-002,
    -4.859461082962E-003,0.E+000),.UNSPECIFIED.);
#4911 = CARTESIAN_POINT('',(1.43658156032,0.601,4.306545047883));
#4912 = CARTESIAN_POINT('',(1.448925074944,0.601,4.29206338278));
#4913 = CARTESIAN_POINT('',(1.471822558638,0.601,4.265199584206));
#4914 = CARTESIAN_POINT('',(1.487640419028,0.601,4.233673693881));
#4915 = CARTESIAN_POINT('',(1.4949312293,0.601,4.219142696682));
#4916 = ORIENTED_EDGE('',*,*,#4917,.F.);
#4917 = EDGE_CURVE('',#4897,#4908,#4918,.T.);
#4918 = LINE('',#4919,#4920);
#4919 = CARTESIAN_POINT('',(1.43658156032,0.6,4.306545047883));
#4920 = VECTOR('',#4921,1.);
#4921 = DIRECTION('',(0.E+000,1.,0.E+000));
#4922 = B_SPLINE_SURFACE_WITH_KNOTS('',3,1,(
    (#4923,#4924)
    ,(#4925,#4926)
    ,(#4927,#4928)
    ,(#4929,#4930)
    ,(#4931,#4932
    )),.UNSPECIFIED.,.F.,.F.,.F.,(4,1,4),(2,2),(-1.054289909014E-002,
    -4.859461082962E-003,0.E+000),(0.E+000,1.E-004),.UNSPECIFIED.);
#4923 = CARTESIAN_POINT('',(1.43658156032,0.6,4.306545047883));
#4924 = CARTESIAN_POINT('',(1.43658156032,0.601,4.306545047883));
#4925 = CARTESIAN_POINT('',(1.448925074944,0.6,4.29206338278));
#4926 = CARTESIAN_POINT('',(1.448925074944,0.601,4.29206338278));
#4927 = CARTESIAN_POINT('',(1.471822558638,0.6,4.265199584206));
#4928 = CARTESIAN_POINT('',(1.471822558638,0.601,4.265199584206));
#4929 = CARTESIAN_POINT('',(1.487640419028,0.6,4.233673693881));
#4930 = CARTESIAN_POINT('',(1.487640419028,0.601,4.233673693881));
#4931 = CARTESIAN_POINT('',(1.4949312293,0.6,4.219142696682));
#4932 = CARTESIAN_POINT('',(1.4949312293,0.601,4.219142696682));
#4933 = ADVANCED_FACE('',(#4934),#4963,.T.);
#4934 = FACE_BOUND('',#4935,.T.);
#4935 = EDGE_LOOP('',(#4936,#4946,#4947,#4957));
#4936 = ORIENTED_EDGE('',*,*,#4937,.F.);
#4937 = EDGE_CURVE('',#4897,#4938,#4940,.T.);
#4938 = VERTEX_POINT('',#4939);
#4939 = CARTESIAN_POINT('',(1.301083513445,0.6,4.432521625284));
#4940 = B_SPLINE_CURVE_WITH_KNOTS('',3,(#4941,#4942,#4943,#4944,#4945),
  .UNSPECIFIED.,.F.,.F.,(4,1,4),(0.E+000,7.686521331985E-003,
    1.851083261306E-002),.UNSPECIFIED.);
#4941 = CARTESIAN_POINT('',(1.43658156032,0.6,4.306545047883));
#4942 = CARTESIAN_POINT('',(1.418732047937,0.6,4.324945215613));
#4943 = CARTESIAN_POINT('',(1.37574649938,0.6,4.369256863262));
#4944 = CARTESIAN_POINT('',(1.328633247097,0.6,4.409177697614));
#4945 = CARTESIAN_POINT('',(1.301083513445,0.6,4.432521625284));
#4946 = ORIENTED_EDGE('',*,*,#4917,.T.);
#4947 = ORIENTED_EDGE('',*,*,#4948,.F.);
#4948 = EDGE_CURVE('',#4949,#4908,#4951,.T.);
#4949 = VERTEX_POINT('',#4950);
#4950 = CARTESIAN_POINT('',(1.301083513445,0.601,4.432521625284));
#4951 = B_SPLINE_CURVE_WITH_KNOTS('',3,(#4952,#4953,#4954,#4955,#4956),
  .UNSPECIFIED.,.F.,.F.,(4,1,4),(-1.851083261306E-002,
    -7.686521331985E-003,0.E+000),.UNSPECIFIED.);
#4952 = CARTESIAN_POINT('',(1.301083513445,0.601,4.432521625284));
#4953 = CARTESIAN_POINT('',(1.328633247097,0.601,4.409177697614));
#4954 = CARTESIAN_POINT('',(1.37574649938,0.601,4.369256863262));
#4955 = CARTESIAN_POINT('',(1.418732047937,0.601,4.324945215613));
#4956 = CARTESIAN_POINT('',(1.43658156032,0.601,4.306545047883));
#4957 = ORIENTED_EDGE('',*,*,#4958,.F.);
#4958 = EDGE_CURVE('',#4938,#4949,#4959,.T.);
#4959 = LINE('',#4960,#4961);
#4960 = CARTESIAN_POINT('',(1.301083513445,0.6,4.432521625284));
#4961 = VECTOR('',#4962,1.);
#4962 = DIRECTION('',(0.E+000,1.,0.E+000));
#4963 = B_SPLINE_SURFACE_WITH_KNOTS('',3,1,(
    (#4964,#4965)
    ,(#4966,#4967)
    ,(#4968,#4969)
    ,(#4970,#4971)
    ,(#4972,#4973
    )),.UNSPECIFIED.,.F.,.F.,.F.,(4,1,4),(2,2),(-1.851083261306E-002,
    -7.686521331985E-003,0.E+000),(0.E+000,1.E-004),.UNSPECIFIED.);
#4964 = CARTESIAN_POINT('',(1.301083513445,0.6,4.432521625284));
#4965 = CARTESIAN_POINT('',(1.301083513445,0.601,4.432521625284));
#4966 = CARTESIAN_POINT('',(1.328633247097,0.6,4.409177697614));
#4967 = CARTESIAN_POINT('',(1.328633247097,0.601,4.409177697614));
#4968 = CARTESIAN_POINT('',(1.37574649938,0.6,4.369256863262));
#4969 = CARTESIAN_POINT('',(1.37574649938,0.601,4.369256863262));
#4970 = CARTESIAN_POINT('',(1.418732047937,0.6,4.324945215613));
#4971 = CARTESIAN_POINT('',(1.418732047937,0.601,4.324945215613));
#4972 = CARTESIAN_POINT('',(1.43658156032,0.6,4.306545047883));
#4973 = CARTESIAN_POINT('',(1.43658156032,0.601,4.306545047883));
#4974 = ADVANCED_FACE('',(#4975),#5004,.T.);
#4975 = FACE_BOUND('',#4976,.T.);
#4976 = EDGE_LOOP('',(#4977,#4987,#4988,#4998));
#4977 = ORIENTED_EDGE('',*,*,#4978,.F.);
#4978 = EDGE_CURVE('',#4938,#4979,#4981,.T.);
#4979 = VERTEX_POINT('',#4980);
#4980 = CARTESIAN_POINT('',(1.199520998544,0.6,4.522609501008));
#4981 = B_SPLINE_CURVE_WITH_KNOTS('',3,(#4982,#4983,#4984,#4985,#4986),
  .UNSPECIFIED.,.F.,.F.,(4,1,4),(0.E+000,8.557259904737E-003,
    1.357912021367E-002),.UNSPECIFIED.);
#4982 = CARTESIAN_POINT('',(1.301083513445,0.6,4.432521625284));
#4983 = CARTESIAN_POINT('',(1.279169702311,0.6,4.450799486271));
#4984 = CARTESIAN_POINT('',(1.244395688311,0.6,4.479803779041));
#4985 = CARTESIAN_POINT('',(1.211636189092,0.6,4.511052886781));
#4986 = CARTESIAN_POINT('',(1.199520998544,0.6,4.522609501008));
#4987 = ORIENTED_EDGE('',*,*,#4958,.T.);
#4988 = ORIENTED_EDGE('',*,*,#4989,.F.);
#4989 = EDGE_CURVE('',#4990,#4949,#4992,.T.);
#4990 = VERTEX_POINT('',#4991);
#4991 = CARTESIAN_POINT('',(1.199520998544,0.601,4.522609501008));
#4992 = B_SPLINE_CURVE_WITH_KNOTS('',3,(#4993,#4994,#4995,#4996,#4997),
  .UNSPECIFIED.,.F.,.F.,(4,1,4),(-1.357912021367E-002,
    -8.557259904737E-003,0.E+000),.UNSPECIFIED.);
#4993 = CARTESIAN_POINT('',(1.199520998544,0.601,4.522609501008));
#4994 = CARTESIAN_POINT('',(1.211636189092,0.601,4.511052886781));
#4995 = CARTESIAN_POINT('',(1.244395688311,0.601,4.479803779041));
#4996 = CARTESIAN_POINT('',(1.279169702311,0.601,4.450799486271));
#4997 = CARTESIAN_POINT('',(1.301083513445,0.601,4.432521625284));
#4998 = ORIENTED_EDGE('',*,*,#4999,.F.);
#4999 = EDGE_CURVE('',#4979,#4990,#5000,.T.);
#5000 = LINE('',#5001,#5002);
#5001 = CARTESIAN_POINT('',(1.199520998544,0.6,4.522609501008));
#5002 = VECTOR('',#5003,1.);
#5003 = DIRECTION('',(0.E+000,1.,0.E+000));
#5004 = B_SPLINE_SURFACE_WITH_KNOTS('',3,1,(
    (#5005,#5006)
    ,(#5007,#5008)
    ,(#5009,#5010)
    ,(#5011,#5012)
    ,(#5013,#5014
    )),.UNSPECIFIED.,.F.,.F.,.F.,(4,1,4),(2,2),(-1.357912021367E-002,
    -8.557259904737E-003,0.E+000),(0.E+000,1.E-004),.UNSPECIFIED.);
#5005 = CARTESIAN_POINT('',(1.199520998544,0.6,4.522609501008));
#5006 = CARTESIAN_POINT('',(1.199520998544,0.601,4.522609501008));
#5007 = CARTESIAN_POINT('',(1.211636189092,0.6,4.511052886781));
#5008 = CARTESIAN_POINT('',(1.211636189092,0.601,4.511052886781));
#5009 = CARTESIAN_POINT('',(1.244395688311,0.6,4.479803779041));
#5010 = CARTESIAN_POINT('',(1.244395688311,0.601,4.479803779041));
#5011 = CARTESIAN_POINT('',(1.279169702311,0.6,4.450799486271));
#5012 = CARTESIAN_POINT('',(1.279169702311,0.601,4.450799486271));
#5013 = CARTESIAN_POINT('',(1.301083513445,0.6,4.432521625284));
#5014 = CARTESIAN_POINT('',(1.301083513445,0.601,4.432521625284));
#5015 = ADVANCED_FACE('',(#5016),#5045,.T.);
#5016 = FACE_BOUND('',#5017,.T.);
#5017 = EDGE_LOOP('',(#5018,#5028,#5029,#5039));
#5018 = ORIENTED_EDGE('',*,*,#5019,.F.);
#5019 = EDGE_CURVE('',#4979,#5020,#5022,.T.);
#5020 = VERTEX_POINT('',#5021);
#5021 = CARTESIAN_POINT('',(1.162411668247,0.6,4.570216922883));
#5022 = B_SPLINE_CURVE_WITH_KNOTS('',3,(#5023,#5024,#5025,#5026,#5027),
  .UNSPECIFIED.,.F.,.F.,(4,1,4),(0.E+000,3.137331865129E-003,
    6.044454639982E-003),.UNSPECIFIED.);
#5023 = CARTESIAN_POINT('',(1.199520998544,0.6,4.522609501008));
#5024 = CARTESIAN_POINT('',(1.192460871999,0.6,4.53034969269));
#5025 = CARTESIAN_POINT('',(1.178858672267,0.6,4.545262121319));
#5026 = CARTESIAN_POINT('',(1.167753012878,0.6,4.562112577849));
#5027 = CARTESIAN_POINT('',(1.162411668247,0.6,4.570216922883));
#5028 = ORIENTED_EDGE('',*,*,#4999,.T.);
#5029 = ORIENTED_EDGE('',*,*,#5030,.F.);
#5030 = EDGE_CURVE('',#5031,#4990,#5033,.T.);
#5031 = VERTEX_POINT('',#5032);
#5032 = CARTESIAN_POINT('',(1.162411668247,0.601,4.570216922883));
#5033 = B_SPLINE_CURVE_WITH_KNOTS('',3,(#5034,#5035,#5036,#5037,#5038),
  .UNSPECIFIED.,.F.,.F.,(4,1,4),(-6.044454639982E-003,
    -3.137331865129E-003,0.E+000),.UNSPECIFIED.);
#5034 = CARTESIAN_POINT('',(1.162411668247,0.601,4.570216922883));
#5035 = CARTESIAN_POINT('',(1.167753012878,0.601,4.562112577849));
#5036 = CARTESIAN_POINT('',(1.178858672267,0.601,4.545262121319));
#5037 = CARTESIAN_POINT('',(1.192460871999,0.601,4.53034969269));
#5038 = CARTESIAN_POINT('',(1.199520998544,0.601,4.522609501008));
#5039 = ORIENTED_EDGE('',*,*,#5040,.F.);
#5040 = EDGE_CURVE('',#5020,#5031,#5041,.T.);
#5041 = LINE('',#5042,#5043);
#5042 = CARTESIAN_POINT('',(1.162411668247,0.6,4.570216922883));
#5043 = VECTOR('',#5044,1.);
#5044 = DIRECTION('',(0.E+000,1.,0.E+000));
#5045 = B_SPLINE_SURFACE_WITH_KNOTS('',3,1,(
    (#5046,#5047)
    ,(#5048,#5049)
    ,(#5050,#5051)
    ,(#5052,#5053)
    ,(#5054,#5055
    )),.UNSPECIFIED.,.F.,.F.,.F.,(4,1,4),(2,2),(-6.044454639982E-003,
    -3.137331865129E-003,0.E+000),(0.E+000,1.E-004),.UNSPECIFIED.);
#5046 = CARTESIAN_POINT('',(1.162411668247,0.6,4.570216922883));
#5047 = CARTESIAN_POINT('',(1.162411668247,0.601,4.570216922883));
#5048 = CARTESIAN_POINT('',(1.167753012878,0.6,4.562112577849));
#5049 = CARTESIAN_POINT('',(1.167753012878,0.601,4.562112577849));
#5050 = CARTESIAN_POINT('',(1.178858672267,0.6,4.545262121319));
#5051 = CARTESIAN_POINT('',(1.178858672267,0.601,4.545262121319));
#5052 = CARTESIAN_POINT('',(1.192460871999,0.6,4.53034969269));
#5053 = CARTESIAN_POINT('',(1.192460871999,0.601,4.53034969269));
#5054 = CARTESIAN_POINT('',(1.199520998544,0.6,4.522609501008));
#5055 = CARTESIAN_POINT('',(1.199520998544,0.601,4.522609501008));
#5056 = ADVANCED_FACE('',(#5057),#5073,.T.);
#5057 = FACE_BOUND('',#5058,.T.);
#5058 = EDGE_LOOP('',(#5059,#5065,#5066,#5072));
#5059 = ORIENTED_EDGE('',*,*,#5060,.F.);
#5060 = EDGE_CURVE('',#5020,#4221,#5061,.T.);
#5061 = LINE('',#5062,#5063);
#5062 = CARTESIAN_POINT('',(1.162411668247,0.6,4.570216922883));
#5063 = VECTOR('',#5064,1.);
#5064 = DIRECTION('',(1.,0.E+000,0.E+000));
#5065 = ORIENTED_EDGE('',*,*,#5040,.T.);
#5066 = ORIENTED_EDGE('',*,*,#5067,.F.);
#5067 = EDGE_CURVE('',#4231,#5031,#5068,.T.);
#5068 = LINE('',#5069,#5070);
#5069 = CARTESIAN_POINT('',(1.162411668247,0.601,4.570216922883));
#5070 = VECTOR('',#5071,1.);
#5071 = DIRECTION('',(-1.,0.E+000,0.E+000));
#5072 = ORIENTED_EDGE('',*,*,#4230,.F.);
#5073 = PLANE('',#5074);
#5074 = AXIS2_PLACEMENT_3D('',#5075,#5076,#5077);
#5075 = CARTESIAN_POINT('',(1.513485857195,0.6,4.570216922883));
#5076 = DIRECTION('',(0.E+000,0.E+000,-1.));
#5077 = DIRECTION('',(-1.,0.E+000,0.E+000));
#5078 = ADVANCED_FACE('',(#5079),#5103,.T.);
#5079 = FACE_BOUND('',#5080,.T.);
#5080 = EDGE_LOOP('',(#5081,#5082,#5083,#5084,#5085,#5086,#5087,#5088,
    #5089,#5090,#5091,#5092,#5093,#5094,#5095,#5096,#5097,#5098,#5099,
    #5100,#5101,#5102));
#5081 = ORIENTED_EDGE('',*,*,#5067,.T.);
#5082 = ORIENTED_EDGE('',*,*,#5030,.T.);
#5083 = ORIENTED_EDGE('',*,*,#4989,.T.);
#5084 = ORIENTED_EDGE('',*,*,#4948,.T.);
#5085 = ORIENTED_EDGE('',*,*,#4907,.T.);
#5086 = ORIENTED_EDGE('',*,*,#4866,.T.);
#5087 = ORIENTED_EDGE('',*,*,#4825,.T.);
#5088 = ORIENTED_EDGE('',*,*,#4784,.T.);
#5089 = ORIENTED_EDGE('',*,*,#4743,.T.);
#5090 = ORIENTED_EDGE('',*,*,#4702,.T.);
#5091 = ORIENTED_EDGE('',*,*,#4669,.T.);
#5092 = ORIENTED_EDGE('',*,*,#4630,.T.);
#5093 = ORIENTED_EDGE('',*,*,#4589,.T.);
#5094 = ORIENTED_EDGE('',*,*,#4548,.T.);
#5095 = ORIENTED_EDGE('',*,*,#4507,.T.);
#5096 = ORIENTED_EDGE('',*,*,#4466,.T.);
#5097 = ORIENTED_EDGE('',*,*,#4425,.T.);
#5098 = ORIENTED_EDGE('',*,*,#4384,.T.);
#5099 = ORIENTED_EDGE('',*,*,#4343,.T.);
#5100 = ORIENTED_EDGE('',*,*,#4302,.T.);
#5101 = ORIENTED_EDGE('',*,*,#4269,.T.);
#5102 = ORIENTED_EDGE('',*,*,#4238,.T.);
#5103 = PLANE('',#5104);
#5104 = AXIS2_PLACEMENT_3D('',#5105,#5106,#5107);
#5105 = CARTESIAN_POINT('',(1.597714405416,0.601,4.30141811711));
#5106 = DIRECTION('',(0.E+000,1.,0.E+000));
#5107 = DIRECTION('',(-1.,0.E+000,0.E+000));
#5108 = ADVANCED_FACE('',(#5109),#5133,.F.);
#5109 = FACE_BOUND('',#5110,.T.);
#5110 = EDGE_LOOP('',(#5111,#5112,#5113,#5114,#5115,#5116,#5117,#5118,
    #5119,#5120,#5121,#5122,#5123,#5124,#5125,#5126,#5127,#5128,#5129,
    #5130,#5131,#5132));
#5111 = ORIENTED_EDGE('',*,*,#5060,.T.);
#5112 = ORIENTED_EDGE('',*,*,#4220,.T.);
#5113 = ORIENTED_EDGE('',*,*,#4260,.T.);
#5114 = ORIENTED_EDGE('',*,*,#4291,.T.);
#5115 = ORIENTED_EDGE('',*,*,#4332,.T.);
#5116 = ORIENTED_EDGE('',*,*,#4373,.T.);
#5117 = ORIENTED_EDGE('',*,*,#4414,.T.);
#5118 = ORIENTED_EDGE('',*,*,#4455,.T.);
#5119 = ORIENTED_EDGE('',*,*,#4496,.T.);
#5120 = ORIENTED_EDGE('',*,*,#4537,.T.);
#5121 = ORIENTED_EDGE('',*,*,#4578,.T.);
#5122 = ORIENTED_EDGE('',*,*,#4619,.T.);
#5123 = ORIENTED_EDGE('',*,*,#4660,.T.);
#5124 = ORIENTED_EDGE('',*,*,#4691,.T.);
#5125 = ORIENTED_EDGE('',*,*,#4732,.T.);
#5126 = ORIENTED_EDGE('',*,*,#4773,.T.);
#5127 = ORIENTED_EDGE('',*,*,#4814,.T.);
#5128 = ORIENTED_EDGE('',*,*,#4855,.T.);
#5129 = ORIENTED_EDGE('',*,*,#4896,.T.);
#5130 = ORIENTED_EDGE('',*,*,#4937,.T.);
#5131 = ORIENTED_EDGE('',*,*,#4978,.T.);
#5132 = ORIENTED_EDGE('',*,*,#5019,.T.);
#5133 = PLANE('',#5134);
#5134 = AXIS2_PLACEMENT_3D('',#5135,#5136,#5137);
#5135 = CARTESIAN_POINT('',(1.597714405416,0.6,4.30141811711));
#5136 = DIRECTION('',(0.E+000,1.,0.E+000));
#5137 = DIRECTION('',(-1.,0.E+000,0.E+000));
#5138 = MANIFOLD_SOLID_BREP('',#5139);
#5139 = CLOSED_SHELL('',(#5140,#5190,#5231,#5272,#5313,#5354,#5395,#5436
    ,#5468,#5518,#5559,#5600,#5641,#5682,#5723,#5764,#5805,#5846,#5887,
    #5928,#5960,#5990));
#5140 = ADVANCED_FACE('',(#5141),#5179,.T.);
#5141 = FACE_BOUND('',#5142,.T.);
#5142 = EDGE_LOOP('',(#5143,#5155,#5163,#5173));
#5143 = ORIENTED_EDGE('',*,*,#5144,.F.);
#5144 = EDGE_CURVE('',#5145,#5147,#5149,.T.);
#5145 = VERTEX_POINT('',#5146);
#5146 = CARTESIAN_POINT('',(1.698056184596,0.6,4.301662235383));
#5147 = VERTEX_POINT('',#5148);
#5148 = CARTESIAN_POINT('',(1.73931593532,0.6,4.536281390909));
#5149 = B_SPLINE_CURVE_WITH_KNOTS('',3,(#5150,#5151,#5152,#5153,#5154),
  .UNSPECIFIED.,.F.,.F.,(4,1,4),(0.E+000,1.471515223917E-002,
    2.402730546553E-002),.UNSPECIFIED.);
#5150 = CARTESIAN_POINT('',(1.698056184596,0.6,4.301662235383));
#5151 = CARTESIAN_POINT('',(1.697556110308,0.6,4.351408704058));
#5152 = CARTESIAN_POINT('',(1.69673957525,0.6,4.432636106891));
#5153 = CARTESIAN_POINT('',(1.727423792966,0.6,4.507331887713));
#5154 = CARTESIAN_POINT('',(1.73931593532,0.6,4.536281390909));
#5155 = ORIENTED_EDGE('',*,*,#5156,.T.);
#5156 = EDGE_CURVE('',#5145,#5157,#5159,.T.);
#5157 = VERTEX_POINT('',#5158);
#5158 = CARTESIAN_POINT('',(1.698056184596,0.601,4.301662235383));
#5159 = LINE('',#5160,#5161);
#5160 = CARTESIAN_POINT('',(1.698056184596,0.6,4.301662235383));
#5161 = VECTOR('',#5162,1.);
#5162 = DIRECTION('',(0.E+000,1.,0.E+000));
#5163 = ORIENTED_EDGE('',*,*,#5164,.F.);
#5164 = EDGE_CURVE('',#5165,#5157,#5167,.T.);
#5165 = VERTEX_POINT('',#5166);
#5166 = CARTESIAN_POINT('',(1.73931593532,0.601,4.536281390909));
#5167 = B_SPLINE_CURVE_WITH_KNOTS('',3,(#5168,#5169,#5170,#5171,#5172),
  .UNSPECIFIED.,.F.,.F.,(4,1,4),(-2.402730546553E-002,
    -1.471515223917E-002,0.E+000),.UNSPECIFIED.);
#5168 = CARTESIAN_POINT('',(1.73931593532,0.601,4.536281390909));
#5169 = CARTESIAN_POINT('',(1.727423792966,0.601,4.507331887713));
#5170 = CARTESIAN_POINT('',(1.69673957525,0.601,4.432636106891));
#5171 = CARTESIAN_POINT('',(1.697556110308,0.601,4.351408704058));
#5172 = CARTESIAN_POINT('',(1.698056184596,0.601,4.301662235383));
#5173 = ORIENTED_EDGE('',*,*,#5174,.F.);
#5174 = EDGE_CURVE('',#5147,#5165,#5175,.T.);
#5175 = LINE('',#5176,#5177);
#5176 = CARTESIAN_POINT('',(1.73931593532,0.6,4.536281390909));
#5177 = VECTOR('',#5178,1.);
#5178 = DIRECTION('',(0.E+000,1.,0.E+000));
#5179 = B_SPLINE_SURFACE_WITH_KNOTS('',3,1,(
    (#5180,#5181)
    ,(#5182,#5183)
    ,(#5184,#5185)
    ,(#5186,#5187)
    ,(#5188,#5189
    )),.UNSPECIFIED.,.F.,.F.,.F.,(4,1,4),(2,2),(-2.402730546553E-002,
    -1.471515223917E-002,0.E+000),(0.E+000,1.E-004),.UNSPECIFIED.);
#5180 = CARTESIAN_POINT('',(1.73931593532,0.6,4.536281390909));
#5181 = CARTESIAN_POINT('',(1.73931593532,0.601,4.536281390909));
#5182 = CARTESIAN_POINT('',(1.727423792966,0.6,4.507331887713));
#5183 = CARTESIAN_POINT('',(1.727423792966,0.601,4.507331887713));
#5184 = CARTESIAN_POINT('',(1.69673957525,0.6,4.432636106891));
#5185 = CARTESIAN_POINT('',(1.69673957525,0.601,4.432636106891));
#5186 = CARTESIAN_POINT('',(1.697556110308,0.6,4.351408704058));
#5187 = CARTESIAN_POINT('',(1.697556110308,0.601,4.351408704058));
#5188 = CARTESIAN_POINT('',(1.698056184596,0.6,4.301662235383));
#5189 = CARTESIAN_POINT('',(1.698056184596,0.601,4.301662235383));
#5190 = ADVANCED_FACE('',(#5191),#5220,.T.);
#5191 = FACE_BOUND('',#5192,.T.);
#5192 = EDGE_LOOP('',(#5193,#5203,#5204,#5214));
#5193 = ORIENTED_EDGE('',*,*,#5194,.F.);
#5194 = EDGE_CURVE('',#5147,#5195,#5197,.T.);
#5195 = VERTEX_POINT('',#5196);
#5196 = CARTESIAN_POINT('',(1.841122605747,0.6,4.594630985383));
#5197 = B_SPLINE_CURVE_WITH_KNOTS('',3,(#5198,#5199,#5200,#5201,#5202),
  .UNSPECIFIED.,.F.,.F.,(4,1,4),(0.E+000,6.355032084321E-003,
    1.211531020127E-002),.UNSPECIFIED.);
#5198 = CARTESIAN_POINT('',(1.73931593532,0.6,4.536281390909));
#5199 = CARTESIAN_POINT('',(1.753330356063,0.6,4.553287728337));
#5200 = CARTESIAN_POINT('',(1.780047617651,0.6,4.585708816162));
#5201 = CARTESIAN_POINT('',(1.821441635747,0.6,4.591755881347));
#5202 = CARTESIAN_POINT('',(1.841122605747,0.6,4.594630985383));
#5203 = ORIENTED_EDGE('',*,*,#5174,.T.);
#5204 = ORIENTED_EDGE('',*,*,#5205,.F.);
#5205 = EDGE_CURVE('',#5206,#5165,#5208,.T.);
#5206 = VERTEX_POINT('',#5207);
#5207 = CARTESIAN_POINT('',(1.841122605747,0.601,4.594630985383));
#5208 = B_SPLINE_CURVE_WITH_KNOTS('',3,(#5209,#5210,#5211,#5212,#5213),
  .UNSPECIFIED.,.F.,.F.,(4,1,4),(-1.211531020127E-002,
    -6.355032084321E-003,0.E+000),.UNSPECIFIED.);
#5209 = CARTESIAN_POINT('',(1.841122605747,0.601,4.594630985383));
#5210 = CARTESIAN_POINT('',(1.821441635747,0.601,4.591755881347));
#5211 = CARTESIAN_POINT('',(1.780047617651,0.601,4.585708816162));
#5212 = CARTESIAN_POINT('',(1.753330356063,0.601,4.553287728337));
#5213 = CARTESIAN_POINT('',(1.73931593532,0.601,4.536281390909));
#5214 = ORIENTED_EDGE('',*,*,#5215,.F.);
#5215 = EDGE_CURVE('',#5195,#5206,#5216,.T.);
#5216 = LINE('',#5217,#5218);
#5217 = CARTESIAN_POINT('',(1.841122605747,0.6,4.594630985383));
#5218 = VECTOR('',#5219,1.);
#5219 = DIRECTION('',(0.E+000,1.,0.E+000));
#5220 = B_SPLINE_SURFACE_WITH_KNOTS('',3,1,(
    (#5221,#5222)
    ,(#5223,#5224)
    ,(#5225,#5226)
    ,(#5227,#5228)
    ,(#5229,#5230
    )),.UNSPECIFIED.,.F.,.F.,.F.,(4,1,4),(2,2),(-1.211531020127E-002,
    -6.355032084321E-003,0.E+000),(0.E+000,1.E-004),.UNSPECIFIED.);
#5221 = CARTESIAN_POINT('',(1.841122605747,0.6,4.594630985383));
#5222 = CARTESIAN_POINT('',(1.841122605747,0.601,4.594630985383));
#5223 = CARTESIAN_POINT('',(1.821441635747,0.6,4.591755881347));
#5224 = CARTESIAN_POINT('',(1.821441635747,0.601,4.591755881347));
#5225 = CARTESIAN_POINT('',(1.780047617651,0.6,4.585708816162));
#5226 = CARTESIAN_POINT('',(1.780047617651,0.601,4.585708816162));
#5227 = CARTESIAN_POINT('',(1.753330356063,0.6,4.553287728337));
#5228 = CARTESIAN_POINT('',(1.753330356063,0.601,4.553287728337));
#5229 = CARTESIAN_POINT('',(1.73931593532,0.6,4.536281390909));
#5230 = CARTESIAN_POINT('',(1.73931593532,0.601,4.536281390909));
#5231 = ADVANCED_FACE('',(#5232),#5261,.T.);
#5232 = FACE_BOUND('',#5233,.T.);
#5233 = EDGE_LOOP('',(#5234,#5244,#5245,#5255));
#5234 = ORIENTED_EDGE('',*,*,#5235,.F.);
#5235 = EDGE_CURVE('',#5195,#5236,#5238,.T.);
#5236 = VERTEX_POINT('',#5237);
#5237 = CARTESIAN_POINT('',(1.942929276175,0.6,4.536037235383));
#5238 = B_SPLINE_CURVE_WITH_KNOTS('',3,(#5239,#5240,#5241,#5242,#5243),
  .UNSPECIFIED.,.F.,.F.,(4,1,4),(0.E+000,5.761828313535E-003,
    1.212948023014E-002),.UNSPECIFIED.);
#5239 = CARTESIAN_POINT('',(1.841122605747,0.6,4.594630985383));
#5240 = CARTESIAN_POINT('',(1.860808246676,0.6,4.591736625779));
#5241 = CARTESIAN_POINT('',(1.902249362147,0.6,4.585643581055));
#5242 = CARTESIAN_POINT('',(1.928925184596,0.6,4.553114257896));
#5243 = CARTESIAN_POINT('',(1.942929276175,0.6,4.536037235383));
#5244 = ORIENTED_EDGE('',*,*,#5215,.T.);
#5245 = ORIENTED_EDGE('',*,*,#5246,.F.);
#5246 = EDGE_CURVE('',#5247,#5206,#5249,.T.);
#5247 = VERTEX_POINT('',#5248);
#5248 = CARTESIAN_POINT('',(1.942929276175,0.601,4.536037235383));
#5249 = B_SPLINE_CURVE_WITH_KNOTS('',3,(#5250,#5251,#5252,#5253,#5254),
  .UNSPECIFIED.,.F.,.F.,(4,1,4),(-1.212948023014E-002,
    -5.761828313535E-003,0.E+000),.UNSPECIFIED.);
#5250 = CARTESIAN_POINT('',(1.942929276175,0.601,4.536037235383));
#5251 = CARTESIAN_POINT('',(1.928925184596,0.601,4.553114257896));
#5252 = CARTESIAN_POINT('',(1.902249362147,0.601,4.585643581055));
#5253 = CARTESIAN_POINT('',(1.860808246676,0.601,4.591736625779));
#5254 = CARTESIAN_POINT('',(1.841122605747,0.601,4.594630985383));
#5255 = ORIENTED_EDGE('',*,*,#5256,.F.);
#5256 = EDGE_CURVE('',#5236,#5247,#5257,.T.);
#5257 = LINE('',#5258,#5259);
#5258 = CARTESIAN_POINT('',(1.942929276175,0.6,4.536037235383));
#5259 = VECTOR('',#5260,1.);
#5260 = DIRECTION('',(0.E+000,1.,0.E+000));
#5261 = B_SPLINE_SURFACE_WITH_KNOTS('',3,1,(
    (#5262,#5263)
    ,(#5264,#5265)
    ,(#5266,#5267)
    ,(#5268,#5269)
    ,(#5270,#5271
    )),.UNSPECIFIED.,.F.,.F.,.F.,(4,1,4),(2,2),(-1.212948023014E-002,
    -5.761828313535E-003,0.E+000),(0.E+000,1.E-004),.UNSPECIFIED.);
#5262 = CARTESIAN_POINT('',(1.942929276175,0.6,4.536037235383));
#5263 = CARTESIAN_POINT('',(1.942929276175,0.601,4.536037235383));
#5264 = CARTESIAN_POINT('',(1.928925184596,0.6,4.553114257896));
#5265 = CARTESIAN_POINT('',(1.928925184596,0.601,4.553114257896));
#5266 = CARTESIAN_POINT('',(1.902249362147,0.6,4.585643581055));
#5267 = CARTESIAN_POINT('',(1.902249362147,0.601,4.585643581055));
#5268 = CARTESIAN_POINT('',(1.860808246676,0.6,4.591736625779));
#5269 = CARTESIAN_POINT('',(1.860808246676,0.601,4.591736625779));
#5270 = CARTESIAN_POINT('',(1.841122605747,0.6,4.594630985383));
#5271 = CARTESIAN_POINT('',(1.841122605747,0.601,4.594630985383));
#5272 = ADVANCED_FACE('',(#5273),#5302,.T.);
#5273 = FACE_BOUND('',#5274,.T.);
#5274 = EDGE_LOOP('',(#5275,#5285,#5286,#5296));
#5275 = ORIENTED_EDGE('',*,*,#5276,.F.);
#5276 = EDGE_CURVE('',#5236,#5277,#5279,.T.);
#5277 = VERTEX_POINT('',#5278);
#5278 = CARTESIAN_POINT('',(1.984188952393,0.6,4.301662235383));
#5279 = B_SPLINE_CURVE_WITH_KNOTS('',3,(#5280,#5281,#5282,#5283,#5284),
  .UNSPECIFIED.,.F.,.F.,(4,1,4),(0.E+000,9.31790870548E-003,
    2.400261806785E-002),.UNSPECIFIED.);
#5280 = CARTESIAN_POINT('',(1.942929276175,0.6,4.536037235383));
#5281 = CARTESIAN_POINT('',(1.954822882487,0.6,4.507067636007));
#5282 = CARTESIAN_POINT('',(1.985460410584,0.6,4.432442926602));
#5283 = CARTESIAN_POINT('',(1.984671565053,0.6,4.351303204877));
#5284 = CARTESIAN_POINT('',(1.984188952393,0.6,4.301662235383));
#5285 = ORIENTED_EDGE('',*,*,#5256,.T.);
#5286 = ORIENTED_EDGE('',*,*,#5287,.F.);
#5287 = EDGE_CURVE('',#5288,#5247,#5290,.T.);
#5288 = VERTEX_POINT('',#5289);
#5289 = CARTESIAN_POINT('',(1.984188952393,0.601,4.301662235383));
#5290 = B_SPLINE_CURVE_WITH_KNOTS('',3,(#5291,#5292,#5293,#5294,#5295),
  .UNSPECIFIED.,.F.,.F.,(4,1,4),(-2.400261806785E-002,
    -9.31790870548E-003,0.E+000),.UNSPECIFIED.);
#5291 = CARTESIAN_POINT('',(1.984188952393,0.601,4.301662235383));
#5292 = CARTESIAN_POINT('',(1.984671565053,0.601,4.351303204877));
#5293 = CARTESIAN_POINT('',(1.985460410584,0.601,4.432442926602));
#5294 = CARTESIAN_POINT('',(1.954822882487,0.601,4.507067636007));
#5295 = CARTESIAN_POINT('',(1.942929276175,0.601,4.536037235383));
#5296 = ORIENTED_EDGE('',*,*,#5297,.F.);
#5297 = EDGE_CURVE('',#5277,#5288,#5298,.T.);
#5298 = LINE('',#5299,#5300);
#5299 = CARTESIAN_POINT('',(1.984188952393,0.6,4.301662235383));
#5300 = VECTOR('',#5301,1.);
#5301 = DIRECTION('',(0.E+000,1.,0.E+000));
#5302 = B_SPLINE_SURFACE_WITH_KNOTS('',3,1,(
    (#5303,#5304)
    ,(#5305,#5306)
    ,(#5307,#5308)
    ,(#5309,#5310)
    ,(#5311,#5312
    )),.UNSPECIFIED.,.F.,.F.,.F.,(4,1,4),(2,2),(-2.400261806785E-002,
    -9.31790870548E-003,0.E+000),(0.E+000,1.E-004),.UNSPECIFIED.);
#5303 = CARTESIAN_POINT('',(1.984188952393,0.6,4.301662235383));
#5304 = CARTESIAN_POINT('',(1.984188952393,0.601,4.301662235383));
#5305 = CARTESIAN_POINT('',(1.984671565053,0.6,4.351303204877));
#5306 = CARTESIAN_POINT('',(1.984671565053,0.601,4.351303204877));
#5307 = CARTESIAN_POINT('',(1.985460410584,0.6,4.432442926602));
#5308 = CARTESIAN_POINT('',(1.985460410584,0.601,4.432442926602));
#5309 = CARTESIAN_POINT('',(1.954822882487,0.6,4.507067636007));
#5310 = CARTESIAN_POINT('',(1.954822882487,0.601,4.507067636007));
#5311 = CARTESIAN_POINT('',(1.942929276175,0.6,4.536037235383));
#5312 = CARTESIAN_POINT('',(1.942929276175,0.601,4.536037235383));
#5313 = ADVANCED_FACE('',(#5314),#5343,.T.);
#5314 = FACE_BOUND('',#5315,.T.);
#5315 = EDGE_LOOP('',(#5316,#5326,#5327,#5337));
#5316 = ORIENTED_EDGE('',*,*,#5317,.F.);
#5317 = EDGE_CURVE('',#5277,#5318,#5320,.T.);
#5318 = VERTEX_POINT('',#5319);
#5319 = CARTESIAN_POINT('',(1.942929276175,0.6,4.066798961584));
#5320 = B_SPLINE_CURVE_WITH_KNOTS('',3,(#5321,#5322,#5323,#5324,#5325),
  .UNSPECIFIED.,.F.,.F.,(4,1,4),(0.E+000,1.47455954248E-002,
    2.405198514547E-002),.UNSPECIFIED.);
#5321 = CARTESIAN_POINT('',(1.984188952393,0.6,4.301662235383));
#5322 = CARTESIAN_POINT('',(1.984706506027,0.6,4.251810263578));
#5323 = CARTESIAN_POINT('',(1.98555070336,0.6,4.170495209775));
#5324 = CARTESIAN_POINT('',(1.954819891753,0.6,4.095728359437));
#5325 = CARTESIAN_POINT('',(1.942929276175,0.6,4.066798961584));
#5326 = ORIENTED_EDGE('',*,*,#5297,.T.);
#5327 = ORIENTED_EDGE('',*,*,#5328,.F.);
#5328 = EDGE_CURVE('',#5329,#5288,#5331,.T.);
#5329 = VERTEX_POINT('',#5330);
#5330 = CARTESIAN_POINT('',(1.942929276175,0.601,4.066798961584));
#5331 = B_SPLINE_CURVE_WITH_KNOTS('',3,(#5332,#5333,#5334,#5335,#5336),
  .UNSPECIFIED.,.F.,.F.,(4,1,4),(-2.405198514547E-002,
    -1.47455954248E-002,0.E+000),.UNSPECIFIED.);
#5332 = CARTESIAN_POINT('',(1.942929276175,0.601,4.066798961584));
#5333 = CARTESIAN_POINT('',(1.954819891753,0.601,4.095728359437));
#5334 = CARTESIAN_POINT('',(1.98555070336,0.601,4.170495209775));
#5335 = CARTESIAN_POINT('',(1.984706506027,0.601,4.251810263578));
#5336 = CARTESIAN_POINT('',(1.984188952393,0.601,4.301662235383));
#5337 = ORIENTED_EDGE('',*,*,#5338,.F.);
#5338 = EDGE_CURVE('',#5318,#5329,#5339,.T.);
#5339 = LINE('',#5340,#5341);
#5340 = CARTESIAN_POINT('',(1.942929276175,0.6,4.066798961584));
#5341 = VECTOR('',#5342,1.);
#5342 = DIRECTION('',(0.E+000,1.,0.E+000));
#5343 = B_SPLINE_SURFACE_WITH_KNOTS('',3,1,(
    (#5344,#5345)
    ,(#5346,#5347)
    ,(#5348,#5349)
    ,(#5350,#5351)
    ,(#5352,#5353
    )),.UNSPECIFIED.,.F.,.F.,.F.,(4,1,4),(2,2),(-2.405198514547E-002,
    -1.47455954248E-002,0.E+000),(0.E+000,1.E-004),.UNSPECIFIED.);
#5344 = CARTESIAN_POINT('',(1.942929276175,0.6,4.066798961584));
#5345 = CARTESIAN_POINT('',(1.942929276175,0.601,4.066798961584));
#5346 = CARTESIAN_POINT('',(1.954819891753,0.6,4.095728359437));
#5347 = CARTESIAN_POINT('',(1.954819891753,0.601,4.095728359437));
#5348 = CARTESIAN_POINT('',(1.98555070336,0.6,4.170495209775));
#5349 = CARTESIAN_POINT('',(1.98555070336,0.601,4.170495209775));
#5350 = CARTESIAN_POINT('',(1.984706506027,0.6,4.251810263578));
#5351 = CARTESIAN_POINT('',(1.984706506027,0.601,4.251810263578));
#5352 = CARTESIAN_POINT('',(1.984188952393,0.6,4.301662235383));
#5353 = CARTESIAN_POINT('',(1.984188952393,0.601,4.301662235383));
#5354 = ADVANCED_FACE('',(#5355),#5384,.T.);
#5355 = FACE_BOUND('',#5356,.T.);
#5356 = EDGE_LOOP('',(#5357,#5367,#5368,#5378));
#5357 = ORIENTED_EDGE('',*,*,#5358,.F.);
#5358 = EDGE_CURVE('',#5318,#5359,#5361,.T.);
#5359 = VERTEX_POINT('',#5360);
#5360 = CARTESIAN_POINT('',(1.840145983643,0.6,4.008693485383));
#5361 = B_SPLINE_CURVE_WITH_KNOTS('',3,(#5362,#5363,#5364,#5365,#5366),
  .UNSPECIFIED.,.F.,.F.,(4,1,4),(0.E+000,6.360201754557E-003,
    1.218983865477E-002),.UNSPECIFIED.);
#5362 = CARTESIAN_POINT('',(1.942929276175,0.6,4.066798961584));
#5363 = CARTESIAN_POINT('',(1.928815240961,0.6,4.049861116773));
#5364 = CARTESIAN_POINT('',(1.901764556303,0.6,4.017398373707));
#5365 = CARTESIAN_POINT('',(1.860080742777,0.6,4.011509679341));
#5366 = CARTESIAN_POINT('',(1.840145983643,0.6,4.008693485383));
#5367 = ORIENTED_EDGE('',*,*,#5338,.T.);
#5368 = ORIENTED_EDGE('',*,*,#5369,.F.);
#5369 = EDGE_CURVE('',#5370,#5329,#5372,.T.);
#5370 = VERTEX_POINT('',#5371);
#5371 = CARTESIAN_POINT('',(1.840145983643,0.601,4.008693485383));
#5372 = B_SPLINE_CURVE_WITH_KNOTS('',3,(#5373,#5374,#5375,#5376,#5377),
  .UNSPECIFIED.,.F.,.F.,(4,1,4),(-1.218983865477E-002,
    -6.360201754557E-003,0.E+000),.UNSPECIFIED.);
#5373 = CARTESIAN_POINT('',(1.840145983643,0.601,4.008693485383));
#5374 = CARTESIAN_POINT('',(1.860080742777,0.601,4.011509679341));
#5375 = CARTESIAN_POINT('',(1.901764556303,0.601,4.017398373707));
#5376 = CARTESIAN_POINT('',(1.928815240961,0.601,4.049861116773));
#5377 = CARTESIAN_POINT('',(1.942929276175,0.601,4.066798961584));
#5378 = ORIENTED_EDGE('',*,*,#5379,.F.);
#5379 = EDGE_CURVE('',#5359,#5370,#5380,.T.);
#5380 = LINE('',#5381,#5382);
#5381 = CARTESIAN_POINT('',(1.840145983643,0.6,4.008693485383));
#5382 = VECTOR('',#5383,1.);
#5383 = DIRECTION('',(0.E+000,1.,0.E+000));
#5384 = B_SPLINE_SURFACE_WITH_KNOTS('',3,1,(
    (#5385,#5386)
    ,(#5387,#5388)
    ,(#5389,#5390)
    ,(#5391,#5392)
    ,(#5393,#5394
    )),.UNSPECIFIED.,.F.,.F.,.F.,(4,1,4),(2,2),(-1.218983865477E-002,
    -6.360201754557E-003,0.E+000),(0.E+000,1.E-004),.UNSPECIFIED.);
#5385 = CARTESIAN_POINT('',(1.840145983643,0.6,4.008693485383));
#5386 = CARTESIAN_POINT('',(1.840145983643,0.601,4.008693485383));
#5387 = CARTESIAN_POINT('',(1.860080742777,0.6,4.011509679341));
#5388 = CARTESIAN_POINT('',(1.860080742777,0.601,4.011509679341));
#5389 = CARTESIAN_POINT('',(1.901764556303,0.6,4.017398373707));
#5390 = CARTESIAN_POINT('',(1.901764556303,0.601,4.017398373707));
#5391 = CARTESIAN_POINT('',(1.928815240961,0.6,4.049861116773));
#5392 = CARTESIAN_POINT('',(1.928815240961,0.601,4.049861116773));
#5393 = CARTESIAN_POINT('',(1.942929276175,0.6,4.066798961584));
#5394 = CARTESIAN_POINT('',(1.942929276175,0.601,4.066798961584));
#5395 = ADVANCED_FACE('',(#5396),#5425,.T.);
#5396 = FACE_BOUND('',#5397,.T.);
#5397 = EDGE_LOOP('',(#5398,#5408,#5409,#5419));
#5398 = ORIENTED_EDGE('',*,*,#5399,.F.);
#5399 = EDGE_CURVE('',#5359,#5400,#5402,.T.);
#5400 = VERTEX_POINT('',#5401);
#5401 = CARTESIAN_POINT('',(1.743466355747,0.6,4.059963016633));
#5402 = B_SPLINE_CURVE_WITH_KNOTS('',3,(#5403,#5404,#5405,#5406,#5407),
  .UNSPECIFIED.,.F.,.F.,(4,1,4),(0.E+000,5.593175696437E-003,
    1.130498155401E-002),.UNSPECIFIED.);
#5403 = CARTESIAN_POINT('',(1.840145983643,0.6,4.008693485383));
#5404 = CARTESIAN_POINT('',(1.820919294775,0.6,4.010917986258));
#5405 = CARTESIAN_POINT('',(1.782058122733,0.6,4.015414169235));
#5406 = CARTESIAN_POINT('',(1.756419957117,0.6,4.045009878807));
#5407 = CARTESIAN_POINT('',(1.743466355747,0.6,4.059963016633));
#5408 = ORIENTED_EDGE('',*,*,#5379,.T.);
#5409 = ORIENTED_EDGE('',*,*,#5410,.F.);
#5410 = EDGE_CURVE('',#5411,#5370,#5413,.T.);
#5411 = VERTEX_POINT('',#5412);
#5412 = CARTESIAN_POINT('',(1.743466355747,0.601,4.059963016633));
#5413 = B_SPLINE_CURVE_WITH_KNOTS('',3,(#5414,#5415,#5416,#5417,#5418),
  .UNSPECIFIED.,.F.,.F.,(4,1,4),(-1.130498155401E-002,
    -5.593175696437E-003,0.E+000),.UNSPECIFIED.);
#5414 = CARTESIAN_POINT('',(1.743466355747,0.601,4.059963016633));
#5415 = CARTESIAN_POINT('',(1.756419957117,0.601,4.045009878807));
#5416 = CARTESIAN_POINT('',(1.782058122733,0.601,4.015414169235));
#5417 = CARTESIAN_POINT('',(1.820919294775,0.601,4.010917986258));
#5418 = CARTESIAN_POINT('',(1.840145983643,0.601,4.008693485383));
#5419 = ORIENTED_EDGE('',*,*,#5420,.F.);
#5420 = EDGE_CURVE('',#5400,#5411,#5421,.T.);
#5421 = LINE('',#5422,#5423);
#5422 = CARTESIAN_POINT('',(1.743466355747,0.6,4.059963016633));
#5423 = VECTOR('',#5424,1.);
#5424 = DIRECTION('',(0.E+000,1.,0.E+000));
#5425 = B_SPLINE_SURFACE_WITH_KNOTS('',3,1,(
    (#5426,#5427)
    ,(#5428,#5429)
    ,(#5430,#5431)
    ,(#5432,#5433)
    ,(#5434,#5435
    )),.UNSPECIFIED.,.F.,.F.,.F.,(4,1,4),(2,2),(-1.130498155401E-002,
    -5.593175696437E-003,0.E+000),(0.E+000,1.E-004),.UNSPECIFIED.);
#5426 = CARTESIAN_POINT('',(1.743466355747,0.6,4.059963016633));
#5427 = CARTESIAN_POINT('',(1.743466355747,0.601,4.059963016633));
#5428 = CARTESIAN_POINT('',(1.756419957117,0.6,4.045009878807));
#5429 = CARTESIAN_POINT('',(1.756419957117,0.601,4.045009878807));
#5430 = CARTESIAN_POINT('',(1.782058122733,0.6,4.015414169235));
#5431 = CARTESIAN_POINT('',(1.782058122733,0.601,4.015414169235));
#5432 = CARTESIAN_POINT('',(1.820919294775,0.6,4.010917986258));
#5433 = CARTESIAN_POINT('',(1.820919294775,0.601,4.010917986258));
#5434 = CARTESIAN_POINT('',(1.840145983643,0.6,4.008693485383));
#5435 = CARTESIAN_POINT('',(1.840145983643,0.601,4.008693485383));
#5436 = ADVANCED_FACE('',(#5437),#5457,.T.);
#5437 = FACE_BOUND('',#5438,.T.);
#5438 = EDGE_LOOP('',(#5439,#5447,#5448,#5456));
#5439 = ORIENTED_EDGE('',*,*,#5440,.F.);
#5440 = EDGE_CURVE('',#5400,#5145,#5441,.T.);
#5441 = B_SPLINE_CURVE_WITH_KNOTS('',3,(#5442,#5443,#5444,#5445,#5446),
  .UNSPECIFIED.,.F.,.F.,(4,1,4),(0.E+000,9.91711382095E-003,
    2.481638567017E-002),.UNSPECIFIED.);
#5442 = CARTESIAN_POINT('',(1.743466355747,0.6,4.059963016633));
#5443 = CARTESIAN_POINT('',(1.730348734574,0.6,4.090627044839));
#5444 = CARTESIAN_POINT('',(1.697523463837,0.6,4.167360090752));
#5445 = CARTESIAN_POINT('',(1.697856335169,0.6,4.25127897881));
#5446 = CARTESIAN_POINT('',(1.698056184596,0.6,4.301662235383));
#5447 = ORIENTED_EDGE('',*,*,#5420,.T.);
#5448 = ORIENTED_EDGE('',*,*,#5449,.F.);
#5449 = EDGE_CURVE('',#5157,#5411,#5450,.T.);
#5450 = B_SPLINE_CURVE_WITH_KNOTS('',3,(#5451,#5452,#5453,#5454,#5455),
  .UNSPECIFIED.,.F.,.F.,(4,1,4),(-2.481638567017E-002,
    -9.91711382095E-003,0.E+000),.UNSPECIFIED.);
#5451 = CARTESIAN_POINT('',(1.698056184596,0.601,4.301662235383));
#5452 = CARTESIAN_POINT('',(1.697856335169,0.601,4.25127897881));
#5453 = CARTESIAN_POINT('',(1.697523463837,0.601,4.167360090752));
#5454 = CARTESIAN_POINT('',(1.730348734574,0.601,4.090627044839));
#5455 = CARTESIAN_POINT('',(1.743466355747,0.601,4.059963016633));
#5456 = ORIENTED_EDGE('',*,*,#5156,.F.);
#5457 = B_SPLINE_SURFACE_WITH_KNOTS('',3,1,(
    (#5458,#5459)
    ,(#5460,#5461)
    ,(#5462,#5463)
    ,(#5464,#5465)
    ,(#5466,#5467
    )),.UNSPECIFIED.,.F.,.F.,.F.,(4,1,4),(2,2),(-2.481638567017E-002,
    -9.91711382095E-003,0.E+000),(0.E+000,1.E-004),.UNSPECIFIED.);
#5458 = CARTESIAN_POINT('',(1.698056184596,0.6,4.301662235383));
#5459 = CARTESIAN_POINT('',(1.698056184596,0.601,4.301662235383));
#5460 = CARTESIAN_POINT('',(1.697856335169,0.6,4.25127897881));
#5461 = CARTESIAN_POINT('',(1.697856335169,0.601,4.25127897881));
#5462 = CARTESIAN_POINT('',(1.697523463837,0.6,4.167360090752));
#5463 = CARTESIAN_POINT('',(1.697523463837,0.601,4.167360090752));
#5464 = CARTESIAN_POINT('',(1.730348734574,0.6,4.090627044839));
#5465 = CARTESIAN_POINT('',(1.730348734574,0.601,4.090627044839));
#5466 = CARTESIAN_POINT('',(1.743466355747,0.6,4.059963016633));
#5467 = CARTESIAN_POINT('',(1.743466355747,0.601,4.059963016633));
#5468 = ADVANCED_FACE('',(#5469),#5507,.T.);
#5469 = FACE_BOUND('',#5470,.T.);
#5470 = EDGE_LOOP('',(#5471,#5483,#5491,#5501));
#5471 = ORIENTED_EDGE('',*,*,#5472,.F.);
#5472 = EDGE_CURVE('',#5473,#5475,#5477,.T.);
#5473 = VERTEX_POINT('',#5474);
#5474 = CARTESIAN_POINT('',(1.607724153346,0.6,4.301662235383));
#5475 = VERTEX_POINT('',#5476);
#5476 = CARTESIAN_POINT('',(1.633847230024,0.6,4.097316539709));
#5477 = B_SPLINE_CURVE_WITH_KNOTS('',3,(#5478,#5479,#5480,#5481,#5482),
  .UNSPECIFIED.,.F.,.F.,(4,1,4),(0.E+000,1.147489931266E-002,
    2.066445330768E-002),.UNSPECIFIED.);
#5478 = CARTESIAN_POINT('',(1.607724153346,0.6,4.301662235383));
#5479 = CARTESIAN_POINT('',(1.608241320884,0.6,4.263247612701));
#5480 = CARTESIAN_POINT('',(1.609172656676,0.6,4.194069038222));
#5481 = CARTESIAN_POINT('',(1.626251990906,0.6,4.127098548543));
#5482 = CARTESIAN_POINT('',(1.633847230024,0.6,4.097316539709));
#5483 = ORIENTED_EDGE('',*,*,#5484,.T.);
#5484 = EDGE_CURVE('',#5473,#5485,#5487,.T.);
#5485 = VERTEX_POINT('',#5486);
#5486 = CARTESIAN_POINT('',(1.607724153346,0.601,4.301662235383));
#5487 = LINE('',#5488,#5489);
#5488 = CARTESIAN_POINT('',(1.607724153346,0.6,4.301662235383));
#5489 = VECTOR('',#5490,1.);
#5490 = DIRECTION('',(0.E+000,1.,0.E+000));
#5491 = ORIENTED_EDGE('',*,*,#5492,.F.);
#5492 = EDGE_CURVE('',#5493,#5485,#5495,.T.);
#5493 = VERTEX_POINT('',#5494);
#5494 = CARTESIAN_POINT('',(1.633847230024,0.601,4.097316539709));
#5495 = B_SPLINE_CURVE_WITH_KNOTS('',3,(#5496,#5497,#5498,#5499,#5500),
  .UNSPECIFIED.,.F.,.F.,(4,1,4),(-2.066445330768E-002,
    -1.147489931266E-002,0.E+000),.UNSPECIFIED.);
#5496 = CARTESIAN_POINT('',(1.633847230024,0.601,4.097316539709));
#5497 = CARTESIAN_POINT('',(1.626251990906,0.601,4.127098548543));
#5498 = CARTESIAN_POINT('',(1.609172656676,0.601,4.194069038222));
#5499 = CARTESIAN_POINT('',(1.608241320884,0.601,4.263247612701));
#5500 = CARTESIAN_POINT('',(1.607724153346,0.601,4.301662235383));
#5501 = ORIENTED_EDGE('',*,*,#5502,.F.);
#5502 = EDGE_CURVE('',#5475,#5493,#5503,.T.);
#5503 = LINE('',#5504,#5505);
#5504 = CARTESIAN_POINT('',(1.633847230024,0.6,4.097316539709));
#5505 = VECTOR('',#5506,1.);
#5506 = DIRECTION('',(0.E+000,1.,0.E+000));
#5507 = B_SPLINE_SURFACE_WITH_KNOTS('',3,1,(
    (#5508,#5509)
    ,(#5510,#5511)
    ,(#5512,#5513)
    ,(#5514,#5515)
    ,(#5516,#5517
    )),.UNSPECIFIED.,.F.,.F.,.F.,(4,1,4),(2,2),(-2.066445330768E-002,
    -1.147489931266E-002,0.E+000),(0.E+000,1.E-004),.UNSPECIFIED.);
#5508 = CARTESIAN_POINT('',(1.633847230024,0.6,4.097316539709));
#5509 = CARTESIAN_POINT('',(1.633847230024,0.601,4.097316539709));
#5510 = CARTESIAN_POINT('',(1.626251990906,0.6,4.127098548543));
#5511 = CARTESIAN_POINT('',(1.626251990906,0.601,4.127098548543));
#5512 = CARTESIAN_POINT('',(1.609172656676,0.6,4.194069038222));
#5513 = CARTESIAN_POINT('',(1.609172656676,0.601,4.194069038222));
#5514 = CARTESIAN_POINT('',(1.608241320884,0.6,4.263247612701));
#5515 = CARTESIAN_POINT('',(1.608241320884,0.601,4.263247612701));
#5516 = CARTESIAN_POINT('',(1.607724153346,0.6,4.301662235383));
#5517 = CARTESIAN_POINT('',(1.607724153346,0.601,4.301662235383));
#5518 = ADVANCED_FACE('',(#5519),#5548,.T.);
#5519 = FACE_BOUND('',#5520,.T.);
#5520 = EDGE_LOOP('',(#5521,#5531,#5532,#5542));
#5521 = ORIENTED_EDGE('',*,*,#5522,.F.);
#5522 = EDGE_CURVE('',#5475,#5523,#5525,.T.);
#5523 = VERTEX_POINT('',#5524);
#5524 = CARTESIAN_POINT('',(1.711483844465,0.6,3.977931751732));
#5525 = B_SPLINE_CURVE_WITH_KNOTS('',3,(#5526,#5527,#5528,#5529,#5530),
  .UNSPECIFIED.,.F.,.F.,(4,1,4),(0.E+000,7.584469517956E-003,
    1.438513223089E-002),.UNSPECIFIED.);
#5526 = CARTESIAN_POINT('',(1.633847230024,0.6,4.097316539709));
#5527 = CARTESIAN_POINT('',(1.643097770046,0.6,4.073428580488));
#5528 = CARTESIAN_POINT('',(1.66064286547,0.6,4.028121331076));
#5529 = CARTESIAN_POINT('',(1.695163836127,0.6,3.99404266009));
#5530 = CARTESIAN_POINT('',(1.711483844465,0.6,3.977931751732));
#5531 = ORIENTED_EDGE('',*,*,#5502,.T.);
#5532 = ORIENTED_EDGE('',*,*,#5533,.F.);
#5533 = EDGE_CURVE('',#5534,#5493,#5536,.T.);
#5534 = VERTEX_POINT('',#5535);
#5535 = CARTESIAN_POINT('',(1.711483844465,0.601,3.977931751732));
#5536 = B_SPLINE_CURVE_WITH_KNOTS('',3,(#5537,#5538,#5539,#5540,#5541),
  .UNSPECIFIED.,.F.,.F.,(4,1,4),(-1.438513223089E-002,
    -7.584469517956E-003,0.E+000),.UNSPECIFIED.);
#5537 = CARTESIAN_POINT('',(1.711483844465,0.601,3.977931751732));
#5538 = CARTESIAN_POINT('',(1.695163836127,0.601,3.99404266009));
#5539 = CARTESIAN_POINT('',(1.66064286547,0.601,4.028121331076));
#5540 = CARTESIAN_POINT('',(1.643097770046,0.601,4.073428580488));
#5541 = CARTESIAN_POINT('',(1.633847230024,0.601,4.097316539709));
#5542 = ORIENTED_EDGE('',*,*,#5543,.F.);
#5543 = EDGE_CURVE('',#5523,#5534,#5544,.T.);
#5544 = LINE('',#5545,#5546);
#5545 = CARTESIAN_POINT('',(1.711483844465,0.6,3.977931751732));
#5546 = VECTOR('',#5547,1.);
#5547 = DIRECTION('',(0.E+000,1.,0.E+000));
#5548 = B_SPLINE_SURFACE_WITH_KNOTS('',3,1,(
    (#5549,#5550)
    ,(#5551,#5552)
    ,(#5553,#5554)
    ,(#5555,#5556)
    ,(#5557,#5558
    )),.UNSPECIFIED.,.F.,.F.,.F.,(4,1,4),(2,2),(-1.438513223089E-002,
    -7.584469517956E-003,0.E+000),(0.E+000,1.E-004),.UNSPECIFIED.);
#5549 = CARTESIAN_POINT('',(1.711483844465,0.6,3.977931751732));
#5550 = CARTESIAN_POINT('',(1.711483844465,0.601,3.977931751732));
#5551 = CARTESIAN_POINT('',(1.695163836127,0.6,3.99404266009));
#5552 = CARTESIAN_POINT('',(1.695163836127,0.601,3.99404266009));
#5553 = CARTESIAN_POINT('',(1.66064286547,0.6,4.028121331076));
#5554 = CARTESIAN_POINT('',(1.66064286547,0.601,4.028121331076));
#5555 = CARTESIAN_POINT('',(1.643097770046,0.6,4.073428580488));
#5556 = CARTESIAN_POINT('',(1.643097770046,0.601,4.073428580488));
#5557 = CARTESIAN_POINT('',(1.633847230024,0.6,4.097316539709));
#5558 = CARTESIAN_POINT('',(1.633847230024,0.601,4.097316539709));
#5559 = ADVANCED_FACE('',(#5560),#5589,.T.);
#5560 = FACE_BOUND('',#5561,.T.);
#5561 = EDGE_LOOP('',(#5562,#5572,#5573,#5583));
#5562 = ORIENTED_EDGE('',*,*,#5563,.F.);
#5563 = EDGE_CURVE('',#5523,#5564,#5566,.T.);
#5564 = VERTEX_POINT('',#5565);
#5565 = CARTESIAN_POINT('',(1.841122605747,0.6,3.935939608935));
#5566 = B_SPLINE_CURVE_WITH_KNOTS('',3,(#5567,#5568,#5569,#5570,#5571),
  .UNSPECIFIED.,.F.,.F.,(4,1,4),(0.E+000,6.614547925242E-003,
    1.383845827065E-002),.UNSPECIFIED.);
#5567 = CARTESIAN_POINT('',(1.711483844465,0.6,3.977931751732));
#5568 = CARTESIAN_POINT('',(1.730292994559,0.6,3.965690542439));
#5569 = CARTESIAN_POINT('',(1.769644079715,0.6,3.940080407643));
#5570 = CARTESIAN_POINT('',(1.816607107368,0.6,3.937359808115));
#5571 = CARTESIAN_POINT('',(1.841122605747,0.6,3.935939608935));
#5572 = ORIENTED_EDGE('',*,*,#5543,.T.);
#5573 = ORIENTED_EDGE('',*,*,#5574,.F.);
#5574 = EDGE_CURVE('',#5575,#5534,#5577,.T.);
#5575 = VERTEX_POINT('',#5576);
#5576 = CARTESIAN_POINT('',(1.841122605747,0.601,3.935939608935));
#5577 = B_SPLINE_CURVE_WITH_KNOTS('',3,(#5578,#5579,#5580,#5581,#5582),
  .UNSPECIFIED.,.F.,.F.,(4,1,4),(-1.383845827065E-002,
    -6.614547925242E-003,0.E+000),.UNSPECIFIED.);
#5578 = CARTESIAN_POINT('',(1.841122605747,0.601,3.935939608935));
#5579 = CARTESIAN_POINT('',(1.816607107368,0.601,3.937359808115));
#5580 = CARTESIAN_POINT('',(1.769644079715,0.601,3.940080407643));
#5581 = CARTESIAN_POINT('',(1.730292994559,0.601,3.965690542439));
#5582 = CARTESIAN_POINT('',(1.711483844465,0.601,3.977931751732));
#5583 = ORIENTED_EDGE('',*,*,#5584,.F.);
#5584 = EDGE_CURVE('',#5564,#5575,#5585,.T.);
#5585 = LINE('',#5586,#5587);
#5586 = CARTESIAN_POINT('',(1.841122605747,0.6,3.935939608935));
#5587 = VECTOR('',#5588,1.);
#5588 = DIRECTION('',(0.E+000,1.,0.E+000));
#5589 = B_SPLINE_SURFACE_WITH_KNOTS('',3,1,(
    (#5590,#5591)
    ,(#5592,#5593)
    ,(#5594,#5595)
    ,(#5596,#5597)
    ,(#5598,#5599
    )),.UNSPECIFIED.,.F.,.F.,.F.,(4,1,4),(2,2),(-1.383845827065E-002,
    -6.614547925242E-003,0.E+000),(0.E+000,1.E-004),.UNSPECIFIED.);
#5590 = CARTESIAN_POINT('',(1.841122605747,0.6,3.935939608935));
#5591 = CARTESIAN_POINT('',(1.841122605747,0.601,3.935939608935));
#5592 = CARTESIAN_POINT('',(1.816607107368,0.6,3.937359808115));
#5593 = CARTESIAN_POINT('',(1.816607107368,0.601,3.937359808115));
#5594 = CARTESIAN_POINT('',(1.769644079715,0.6,3.940080407643));
#5595 = CARTESIAN_POINT('',(1.769644079715,0.601,3.940080407643));
#5596 = CARTESIAN_POINT('',(1.730292994559,0.6,3.965690542439));
#5597 = CARTESIAN_POINT('',(1.730292994559,0.601,3.965690542439));
#5598 = CARTESIAN_POINT('',(1.711483844465,0.6,3.977931751732));
#5599 = CARTESIAN_POINT('',(1.711483844465,0.601,3.977931751732));
#5600 = ADVANCED_FACE('',(#5601),#5630,.T.);
#5601 = FACE_BOUND('',#5602,.T.);
#5602 = EDGE_LOOP('',(#5603,#5613,#5614,#5624));
#5603 = ORIENTED_EDGE('',*,*,#5604,.F.);
#5604 = EDGE_CURVE('',#5564,#5605,#5607,.T.);
#5605 = VERTEX_POINT('',#5606);
#5606 = CARTESIAN_POINT('',(1.94219673509,0.6,3.95913296831));
#5607 = B_SPLINE_CURVE_WITH_KNOTS('',3,(#5608,#5609,#5610,#5611,#5612),
  .UNSPECIFIED.,.F.,.F.,(4,1,4),(0.E+000,5.438703024008E-003,
    1.045000158072E-002),.UNSPECIFIED.);
#5608 = CARTESIAN_POINT('',(1.841122605747,0.6,3.935939608935));
#5609 = CARTESIAN_POINT('',(1.859414735998,0.6,3.936737784611));
#5610 = CARTESIAN_POINT('',(1.894561496023,0.6,3.938271410741));
#5611 = CARTESIAN_POINT('',(1.926757256996,0.6,3.952371344617));
#5612 = CARTESIAN_POINT('',(1.94219673509,0.6,3.95913296831));
#5613 = ORIENTED_EDGE('',*,*,#5584,.T.);
#5614 = ORIENTED_EDGE('',*,*,#5615,.F.);
#5615 = EDGE_CURVE('',#5616,#5575,#5618,.T.);
#5616 = VERTEX_POINT('',#5617);
#5617 = CARTESIAN_POINT('',(1.94219673509,0.601,3.95913296831));
#5618 = B_SPLINE_CURVE_WITH_KNOTS('',3,(#5619,#5620,#5621,#5622,#5623),
  .UNSPECIFIED.,.F.,.F.,(4,1,4),(-1.045000158072E-002,
    -5.438703024008E-003,0.E+000),.UNSPECIFIED.);
#5619 = CARTESIAN_POINT('',(1.94219673509,0.601,3.95913296831));
#5620 = CARTESIAN_POINT('',(1.926757256996,0.601,3.952371344617));
#5621 = CARTESIAN_POINT('',(1.894561496023,0.601,3.938271410741));
#5622 = CARTESIAN_POINT('',(1.859414735998,0.601,3.936737784611));
#5623 = CARTESIAN_POINT('',(1.841122605747,0.601,3.935939608935));
#5624 = ORIENTED_EDGE('',*,*,#5625,.F.);
#5625 = EDGE_CURVE('',#5605,#5616,#5626,.T.);
#5626 = LINE('',#5627,#5628);
#5627 = CARTESIAN_POINT('',(1.94219673509,0.6,3.95913296831));
#5628 = VECTOR('',#5629,1.);
#5629 = DIRECTION('',(0.E+000,1.,0.E+000));
#5630 = B_SPLINE_SURFACE_WITH_KNOTS('',3,1,(
    (#5631,#5632)
    ,(#5633,#5634)
    ,(#5635,#5636)
    ,(#5637,#5638)
    ,(#5639,#5640
    )),.UNSPECIFIED.,.F.,.F.,.F.,(4,1,4),(2,2),(-1.045000158072E-002,
    -5.438703024008E-003,0.E+000),(0.E+000,1.E-004),.UNSPECIFIED.);
#5631 = CARTESIAN_POINT('',(1.94219673509,0.6,3.95913296831));
#5632 = CARTESIAN_POINT('',(1.94219673509,0.601,3.95913296831));
#5633 = CARTESIAN_POINT('',(1.926757256996,0.6,3.952371344617));
#5634 = CARTESIAN_POINT('',(1.926757256996,0.601,3.952371344617));
#5635 = CARTESIAN_POINT('',(1.894561496023,0.6,3.938271410741));
#5636 = CARTESIAN_POINT('',(1.894561496023,0.601,3.938271410741));
#5637 = CARTESIAN_POINT('',(1.859414735998,0.6,3.936737784611));
#5638 = CARTESIAN_POINT('',(1.859414735998,0.601,3.936737784611));
#5639 = CARTESIAN_POINT('',(1.841122605747,0.6,3.935939608935));
#5640 = CARTESIAN_POINT('',(1.841122605747,0.601,3.935939608935));
#5641 = ADVANCED_FACE('',(#5642),#5671,.T.);
#5642 = FACE_BOUND('',#5643,.T.);
#5643 = EDGE_LOOP('',(#5644,#5654,#5655,#5665));
#5644 = ORIENTED_EDGE('',*,*,#5645,.F.);
#5645 = EDGE_CURVE('',#5605,#5646,#5648,.T.);
#5646 = VERTEX_POINT('',#5647);
#5647 = CARTESIAN_POINT('',(2.013974138445,0.6,4.026027484659));
#5648 = B_SPLINE_CURVE_WITH_KNOTS('',3,(#5649,#5650,#5651,#5652,#5653),
  .UNSPECIFIED.,.F.,.F.,(4,1,4),(0.E+000,4.874397439884E-003,
    9.893034441847E-003),.UNSPECIFIED.);
#5649 = CARTESIAN_POINT('',(1.94219673509,0.6,3.95913296831));
#5650 = CARTESIAN_POINT('',(1.956118286577,0.6,3.967822078822));
#5651 = CARTESIAN_POINT('',(1.984373345801,0.6,3.985457421573));
#5652 = CARTESIAN_POINT('',(2.004011765427,0.6,4.01237331983));
#5653 = CARTESIAN_POINT('',(2.013974138445,0.6,4.026027484659));
#5654 = ORIENTED_EDGE('',*,*,#5625,.T.);
#5655 = ORIENTED_EDGE('',*,*,#5656,.F.);
#5656 = EDGE_CURVE('',#5657,#5616,#5659,.T.);
#5657 = VERTEX_POINT('',#5658);
#5658 = CARTESIAN_POINT('',(2.013974138445,0.601,4.026027484659));
#5659 = B_SPLINE_CURVE_WITH_KNOTS('',3,(#5660,#5661,#5662,#5663,#5664),
  .UNSPECIFIED.,.F.,.F.,(4,1,4),(-9.893034441847E-003,
    -4.874397439884E-003,0.E+000),.UNSPECIFIED.);
#5660 = CARTESIAN_POINT('',(2.013974138445,0.601,4.026027484659));
#5661 = CARTESIAN_POINT('',(2.004011765427,0.601,4.01237331983));
#5662 = CARTESIAN_POINT('',(1.984373345801,0.601,3.985457421573));
#5663 = CARTESIAN_POINT('',(1.956118286577,0.601,3.967822078822));
#5664 = CARTESIAN_POINT('',(1.94219673509,0.601,3.95913296831));
#5665 = ORIENTED_EDGE('',*,*,#5666,.F.);
#5666 = EDGE_CURVE('',#5646,#5657,#5667,.T.);
#5667 = LINE('',#5668,#5669);
#5668 = CARTESIAN_POINT('',(2.013974138445,0.6,4.026027484659));
#5669 = VECTOR('',#5670,1.);
#5670 = DIRECTION('',(0.E+000,1.,0.E+000));
#5671 = B_SPLINE_SURFACE_WITH_KNOTS('',3,1,(
    (#5672,#5673)
    ,(#5674,#5675)
    ,(#5676,#5677)
    ,(#5678,#5679)
    ,(#5680,#5681
    )),.UNSPECIFIED.,.F.,.F.,.F.,(4,1,4),(2,2),(-9.893034441847E-003,
    -4.874397439884E-003,0.E+000),(0.E+000,1.E-004),.UNSPECIFIED.);
#5672 = CARTESIAN_POINT('',(2.013974138445,0.6,4.026027484659));
#5673 = CARTESIAN_POINT('',(2.013974138445,0.601,4.026027484659));
#5674 = CARTESIAN_POINT('',(2.004011765427,0.6,4.01237331983));
#5675 = CARTESIAN_POINT('',(2.004011765427,0.601,4.01237331983));
#5676 = CARTESIAN_POINT('',(1.984373345801,0.6,3.985457421573));
#5677 = CARTESIAN_POINT('',(1.984373345801,0.601,3.985457421573));
#5678 = CARTESIAN_POINT('',(1.956118286577,0.6,3.967822078822));
#5679 = CARTESIAN_POINT('',(1.956118286577,0.601,3.967822078822));
#5680 = CARTESIAN_POINT('',(1.94219673509,0.6,3.95913296831));
#5681 = CARTESIAN_POINT('',(1.94219673509,0.601,3.95913296831));
#5682 = ADVANCED_FACE('',(#5683),#5712,.T.);
#5683 = FACE_BOUND('',#5684,.T.);
#5684 = EDGE_LOOP('',(#5685,#5695,#5696,#5706));
#5685 = ORIENTED_EDGE('',*,*,#5686,.F.);
#5686 = EDGE_CURVE('',#5646,#5687,#5689,.T.);
#5687 = VERTEX_POINT('',#5688);
#5688 = CARTESIAN_POINT('',(2.058407761997,0.6,4.132472774807));
#5689 = B_SPLINE_CURVE_WITH_KNOTS('',3,(#5690,#5691,#5692,#5693,#5694),
  .UNSPECIFIED.,.F.,.F.,(4,1,4),(0.E+000,5.465392750697E-003,
    1.157225499215E-002),.UNSPECIFIED.);
#5690 = CARTESIAN_POINT('',(2.013974138445,0.6,4.026027484659));
#5691 = CARTESIAN_POINT('',(2.023035851469,0.6,4.041911389701));
#5692 = CARTESIAN_POINT('',(2.042222844711,0.6,4.075543483093));
#5693 = CARTESIAN_POINT('',(2.052817038267,0.6,4.112807802998));
#5694 = CARTESIAN_POINT('',(2.058407761997,0.6,4.132472774807));
#5695 = ORIENTED_EDGE('',*,*,#5666,.T.);
#5696 = ORIENTED_EDGE('',*,*,#5697,.F.);
#5697 = EDGE_CURVE('',#5698,#5657,#5700,.T.);
#5698 = VERTEX_POINT('',#5699);
#5699 = CARTESIAN_POINT('',(2.058407761997,0.601,4.132472774807));
#5700 = B_SPLINE_CURVE_WITH_KNOTS('',3,(#5701,#5702,#5703,#5704,#5705),
  .UNSPECIFIED.,.F.,.F.,(4,1,4),(-1.157225499215E-002,
    -5.465392750697E-003,0.E+000),.UNSPECIFIED.);
#5701 = CARTESIAN_POINT('',(2.058407761997,0.601,4.132472774807));
#5702 = CARTESIAN_POINT('',(2.052817038267,0.601,4.112807802998));
#5703 = CARTESIAN_POINT('',(2.042222844711,0.601,4.075543483093));
#5704 = CARTESIAN_POINT('',(2.023035851469,0.601,4.041911389701));
#5705 = CARTESIAN_POINT('',(2.013974138445,0.601,4.026027484659));
#5706 = ORIENTED_EDGE('',*,*,#5707,.F.);
#5707 = EDGE_CURVE('',#5687,#5698,#5708,.T.);
#5708 = LINE('',#5709,#5710);
#5709 = CARTESIAN_POINT('',(2.058407761997,0.6,4.132472774807));
#5710 = VECTOR('',#5711,1.);
#5711 = DIRECTION('',(0.E+000,1.,0.E+000));
#5712 = B_SPLINE_SURFACE_WITH_KNOTS('',3,1,(
    (#5713,#5714)
    ,(#5715,#5716)
    ,(#5717,#5718)
    ,(#5719,#5720)
    ,(#5721,#5722
    )),.UNSPECIFIED.,.F.,.F.,.F.,(4,1,4),(2,2),(-1.157225499215E-002,
    -5.465392750697E-003,0.E+000),(0.E+000,1.E-004),.UNSPECIFIED.);
#5713 = CARTESIAN_POINT('',(2.058407761997,0.6,4.132472774807));
#5714 = CARTESIAN_POINT('',(2.058407761997,0.601,4.132472774807));
#5715 = CARTESIAN_POINT('',(2.052817038267,0.6,4.112807802998));
#5716 = CARTESIAN_POINT('',(2.052817038267,0.601,4.112807802998));
#5717 = CARTESIAN_POINT('',(2.042222844711,0.6,4.075543483093));
#5718 = CARTESIAN_POINT('',(2.042222844711,0.601,4.075543483093));
#5719 = CARTESIAN_POINT('',(2.023035851469,0.6,4.041911389701));
#5720 = CARTESIAN_POINT('',(2.023035851469,0.601,4.041911389701));
#5721 = CARTESIAN_POINT('',(2.013974138445,0.6,4.026027484659));
#5722 = CARTESIAN_POINT('',(2.013974138445,0.601,4.026027484659));
#5723 = ADVANCED_FACE('',(#5724),#5753,.T.);
#5724 = FACE_BOUND('',#5725,.T.);
#5725 = EDGE_LOOP('',(#5726,#5736,#5737,#5747));
#5726 = ORIENTED_EDGE('',*,*,#5727,.F.);
#5727 = EDGE_CURVE('',#5687,#5728,#5730,.T.);
#5728 = VERTEX_POINT('',#5729);
#5729 = CARTESIAN_POINT('',(2.074520983643,0.6,4.301662235383));
#5730 = B_SPLINE_CURVE_WITH_KNOTS('',3,(#5731,#5732,#5733,#5734,#5735),
  .UNSPECIFIED.,.F.,.F.,(4,1,4),(0.E+000,7.465409262034E-003,
    1.702590128676E-002),.UNSPECIFIED.);
#5731 = CARTESIAN_POINT('',(2.058407761997,0.6,4.132472774807));
#5732 = CARTESIAN_POINT('',(2.063089381817,0.6,4.156962142671));
#5733 = CARTESIAN_POINT('',(2.073766465163,0.6,4.212813542801));
#5734 = CARTESIAN_POINT('',(2.074249658088,0.6,4.269712162017));
#5735 = CARTESIAN_POINT('',(2.074520983643,0.6,4.301662235383));
#5736 = ORIENTED_EDGE('',*,*,#5707,.T.);
#5737 = ORIENTED_EDGE('',*,*,#5738,.F.);
#5738 = EDGE_CURVE('',#5739,#5698,#5741,.T.);
#5739 = VERTEX_POINT('',#5740);
#5740 = CARTESIAN_POINT('',(2.074520983643,0.601,4.301662235383));
#5741 = B_SPLINE_CURVE_WITH_KNOTS('',3,(#5742,#5743,#5744,#5745,#5746),
  .UNSPECIFIED.,.F.,.F.,(4,1,4),(-1.702590128676E-002,
    -7.465409262034E-003,0.E+000),.UNSPECIFIED.);
#5742 = CARTESIAN_POINT('',(2.074520983643,0.601,4.301662235383));
#5743 = CARTESIAN_POINT('',(2.074249658088,0.601,4.269712162017));
#5744 = CARTESIAN_POINT('',(2.073766465163,0.601,4.212813542801));
#5745 = CARTESIAN_POINT('',(2.063089381817,0.601,4.156962142671));
#5746 = CARTESIAN_POINT('',(2.058407761997,0.601,4.132472774807));
#5747 = ORIENTED_EDGE('',*,*,#5748,.F.);
#5748 = EDGE_CURVE('',#5728,#5739,#5749,.T.);
#5749 = LINE('',#5750,#5751);
#5750 = CARTESIAN_POINT('',(2.074520983643,0.6,4.301662235383));
#5751 = VECTOR('',#5752,1.);
#5752 = DIRECTION('',(0.E+000,1.,0.E+000));
#5753 = B_SPLINE_SURFACE_WITH_KNOTS('',3,1,(
    (#5754,#5755)
    ,(#5756,#5757)
    ,(#5758,#5759)
    ,(#5760,#5761)
    ,(#5762,#5763
    )),.UNSPECIFIED.,.F.,.F.,.F.,(4,1,4),(2,2),(-1.702590128676E-002,
    -7.465409262034E-003,0.E+000),(0.E+000,1.E-004),.UNSPECIFIED.);
#5754 = CARTESIAN_POINT('',(2.074520983643,0.6,4.301662235383));
#5755 = CARTESIAN_POINT('',(2.074520983643,0.601,4.301662235383));
#5756 = CARTESIAN_POINT('',(2.074249658088,0.6,4.269712162017));
#5757 = CARTESIAN_POINT('',(2.074249658088,0.601,4.269712162017));
#5758 = CARTESIAN_POINT('',(2.073766465163,0.6,4.212813542801));
#5759 = CARTESIAN_POINT('',(2.073766465163,0.601,4.212813542801));
#5760 = CARTESIAN_POINT('',(2.063089381817,0.6,4.156962142671));
#5761 = CARTESIAN_POINT('',(2.063089381817,0.601,4.156962142671));
#5762 = CARTESIAN_POINT('',(2.058407761997,0.6,4.132472774807));
#5763 = CARTESIAN_POINT('',(2.058407761997,0.601,4.132472774807));
#5764 = ADVANCED_FACE('',(#5765),#5794,.T.);
#5765 = FACE_BOUND('',#5766,.T.);
#5766 = EDGE_LOOP('',(#5767,#5777,#5778,#5788));
#5767 = ORIENTED_EDGE('',*,*,#5768,.F.);
#5768 = EDGE_CURVE('',#5728,#5769,#5771,.T.);
#5769 = VERTEX_POINT('',#5770);
#5770 = CARTESIAN_POINT('',(2.048642136997,0.6,4.505031346206));
#5771 = B_SPLINE_CURVE_WITH_KNOTS('',3,(#5772,#5773,#5774,#5775,#5776),
  .UNSPECIFIED.,.F.,.F.,(4,1,4),(0.E+000,1.140142797259E-002,
    2.056323050531E-002),.UNSPECIFIED.);
#5772 = CARTESIAN_POINT('',(2.074520983643,0.6,4.301662235383));
#5773 = CARTESIAN_POINT('',(2.07399854573,0.6,4.339827919388));
#5774 = CARTESIAN_POINT('',(2.073056294352,0.6,4.408662258339));
#5775 = CARTESIAN_POINT('',(2.056167029851,0.6,4.475328618805));
#5776 = CARTESIAN_POINT('',(2.048642136997,0.6,4.505031346206));
#5777 = ORIENTED_EDGE('',*,*,#5748,.T.);
#5778 = ORIENTED_EDGE('',*,*,#5779,.F.);
#5779 = EDGE_CURVE('',#5780,#5739,#5782,.T.);
#5780 = VERTEX_POINT('',#5781);
#5781 = CARTESIAN_POINT('',(2.048642136997,0.601,4.505031346206));
#5782 = B_SPLINE_CURVE_WITH_KNOTS('',3,(#5783,#5784,#5785,#5786,#5787),
  .UNSPECIFIED.,.F.,.F.,(4,1,4),(-2.056323050531E-002,
    -1.140142797259E-002,0.E+000),.UNSPECIFIED.);
#5783 = CARTESIAN_POINT('',(2.048642136997,0.601,4.505031346206));
#5784 = CARTESIAN_POINT('',(2.056167029851,0.601,4.475328618805));
#5785 = CARTESIAN_POINT('',(2.073056294352,0.601,4.408662258339));
#5786 = CARTESIAN_POINT('',(2.07399854573,0.601,4.339827919388));
#5787 = CARTESIAN_POINT('',(2.074520983643,0.601,4.301662235383));
#5788 = ORIENTED_EDGE('',*,*,#5789,.F.);
#5789 = EDGE_CURVE('',#5769,#5780,#5790,.T.);
#5790 = LINE('',#5791,#5792);
#5791 = CARTESIAN_POINT('',(2.048642136997,0.6,4.505031346206));
#5792 = VECTOR('',#5793,1.);
#5793 = DIRECTION('',(0.E+000,1.,0.E+000));
#5794 = B_SPLINE_SURFACE_WITH_KNOTS('',3,1,(
    (#5795,#5796)
    ,(#5797,#5798)
    ,(#5799,#5800)
    ,(#5801,#5802)
    ,(#5803,#5804
    )),.UNSPECIFIED.,.F.,.F.,.F.,(4,1,4),(2,2),(-2.056323050531E-002,
    -1.140142797259E-002,0.E+000),(0.E+000,1.E-004),.UNSPECIFIED.);
#5795 = CARTESIAN_POINT('',(2.048642136997,0.6,4.505031346206));
#5796 = CARTESIAN_POINT('',(2.048642136997,0.601,4.505031346206));
#5797 = CARTESIAN_POINT('',(2.056167029851,0.6,4.475328618805));
#5798 = CARTESIAN_POINT('',(2.056167029851,0.601,4.475328618805));
#5799 = CARTESIAN_POINT('',(2.073056294352,0.6,4.408662258339));
#5800 = CARTESIAN_POINT('',(2.073056294352,0.601,4.408662258339));
#5801 = CARTESIAN_POINT('',(2.07399854573,0.6,4.339827919388));
#5802 = CARTESIAN_POINT('',(2.07399854573,0.601,4.339827919388));
#5803 = CARTESIAN_POINT('',(2.074520983643,0.6,4.301662235383));
#5804 = CARTESIAN_POINT('',(2.074520983643,0.601,4.301662235383));
#5805 = ADVANCED_FACE('',(#5806),#5835,.T.);
#5806 = FACE_BOUND('',#5807,.T.);
#5807 = EDGE_LOOP('',(#5808,#5818,#5819,#5829));
#5808 = ORIENTED_EDGE('',*,*,#5809,.F.);
#5809 = EDGE_CURVE('',#5769,#5810,#5812,.T.);
#5810 = VERTEX_POINT('',#5811);
#5811 = CARTESIAN_POINT('',(1.97124952907,0.6,4.624660326962));
#5812 = B_SPLINE_CURVE_WITH_KNOTS('',3,(#5813,#5814,#5815,#5816,#5817),
  .UNSPECIFIED.,.F.,.F.,(4,1,4),(0.E+000,7.582175899138E-003,
    1.439249928154E-002),.UNSPECIFIED.);
#5813 = CARTESIAN_POINT('',(2.048642136997,0.6,4.505031346206));
#5814 = CARTESIAN_POINT('',(2.039453804065,0.6,4.528934825792));
#5815 = CARTESIAN_POINT('',(2.022012494752,0.6,4.574308451694));
#5816 = CARTESIAN_POINT('',(1.987554537966,0.6,4.608487359856));
#5817 = CARTESIAN_POINT('',(1.97124952907,0.6,4.624660326962));
#5818 = ORIENTED_EDGE('',*,*,#5789,.T.);
#5819 = ORIENTED_EDGE('',*,*,#5820,.F.);
#5820 = EDGE_CURVE('',#5821,#5780,#5823,.T.);
#5821 = VERTEX_POINT('',#5822);
#5822 = CARTESIAN_POINT('',(1.97124952907,0.601,4.624660326962));
#5823 = B_SPLINE_CURVE_WITH_KNOTS('',3,(#5824,#5825,#5826,#5827,#5828),
  .UNSPECIFIED.,.F.,.F.,(4,1,4),(-1.439249928154E-002,
    -7.582175899138E-003,0.E+000),.UNSPECIFIED.);
#5824 = CARTESIAN_POINT('',(1.97124952907,0.601,4.624660326962));
#5825 = CARTESIAN_POINT('',(1.987554537966,0.601,4.608487359856));
#5826 = CARTESIAN_POINT('',(2.022012494752,0.601,4.574308451694));
#5827 = CARTESIAN_POINT('',(2.039453804065,0.601,4.528934825792));
#5828 = CARTESIAN_POINT('',(2.048642136997,0.601,4.505031346206));
#5829 = ORIENTED_EDGE('',*,*,#5830,.F.);
#5830 = EDGE_CURVE('',#5810,#5821,#5831,.T.);
#5831 = LINE('',#5832,#5833);
#5832 = CARTESIAN_POINT('',(1.97124952907,0.6,4.624660326962));
#5833 = VECTOR('',#5834,1.);
#5834 = DIRECTION('',(0.E+000,1.,0.E+000));
#5835 = B_SPLINE_SURFACE_WITH_KNOTS('',3,1,(
    (#5836,#5837)
    ,(#5838,#5839)
    ,(#5840,#5841)
    ,(#5842,#5843)
    ,(#5844,#5845
    )),.UNSPECIFIED.,.F.,.F.,.F.,(4,1,4),(2,2),(-1.439249928154E-002,
    -7.582175899138E-003,0.E+000),(0.E+000,1.E-004),.UNSPECIFIED.);
#5836 = CARTESIAN_POINT('',(1.97124952907,0.6,4.624660326962));
#5837 = CARTESIAN_POINT('',(1.97124952907,0.601,4.624660326962));
#5838 = CARTESIAN_POINT('',(1.987554537966,0.6,4.608487359856));
#5839 = CARTESIAN_POINT('',(1.987554537966,0.601,4.608487359856));
#5840 = CARTESIAN_POINT('',(2.022012494752,0.6,4.574308451694));
#5841 = CARTESIAN_POINT('',(2.022012494752,0.601,4.574308451694));
#5842 = CARTESIAN_POINT('',(2.039453804065,0.6,4.528934825792));
#5843 = CARTESIAN_POINT('',(2.039453804065,0.601,4.528934825792));
#5844 = CARTESIAN_POINT('',(2.048642136997,0.6,4.505031346206));
#5845 = CARTESIAN_POINT('',(2.048642136997,0.601,4.505031346206));
#5846 = ADVANCED_FACE('',(#5847),#5876,.T.);
#5847 = FACE_BOUND('',#5848,.T.);
#5848 = EDGE_LOOP('',(#5849,#5859,#5860,#5870));
#5849 = ORIENTED_EDGE('',*,*,#5850,.F.);
#5850 = EDGE_CURVE('',#5810,#5851,#5853,.T.);
#5851 = VERTEX_POINT('',#5852);
#5852 = CARTESIAN_POINT('',(1.841122605747,0.6,4.666896625284));
#5853 = B_SPLINE_CURVE_WITH_KNOTS('',3,(#5854,#5855,#5856,#5857,#5858),
  .UNSPECIFIED.,.F.,.F.,(4,1,4),(0.E+000,6.634008402613E-003,
    1.389502876567E-002),.UNSPECIFIED.);
#5854 = CARTESIAN_POINT('',(1.97124952907,0.6,4.624660326962));
#5855 = CARTESIAN_POINT('',(1.952404571486,0.6,4.636972407843));
#5856 = CARTESIAN_POINT('',(1.91293352897,0.6,4.662760243437));
#5857 = CARTESIAN_POINT('',(1.86576901173,0.6,4.665476967359));
#5858 = CARTESIAN_POINT('',(1.841122605747,0.6,4.666896625284));
#5859 = ORIENTED_EDGE('',*,*,#5830,.T.);
#5860 = ORIENTED_EDGE('',*,*,#5861,.F.);
#5861 = EDGE_CURVE('',#5862,#5821,#5864,.T.);
#5862 = VERTEX_POINT('',#5863);
#5863 = CARTESIAN_POINT('',(1.841122605747,0.601,4.666896625284));
#5864 = B_SPLINE_CURVE_WITH_KNOTS('',3,(#5865,#5866,#5867,#5868,#5869),
  .UNSPECIFIED.,.F.,.F.,(4,1,4),(-1.389502876567E-002,
    -6.634008402613E-003,0.E+000),.UNSPECIFIED.);
#5865 = CARTESIAN_POINT('',(1.841122605747,0.601,4.666896625284));
#5866 = CARTESIAN_POINT('',(1.86576901173,0.601,4.665476967359));
#5867 = CARTESIAN_POINT('',(1.91293352897,0.601,4.662760243437));
#5868 = CARTESIAN_POINT('',(1.952404571486,0.601,4.636972407843));
#5869 = CARTESIAN_POINT('',(1.97124952907,0.601,4.624660326962));
#5870 = ORIENTED_EDGE('',*,*,#5871,.F.);
#5871 = EDGE_CURVE('',#5851,#5862,#5872,.T.);
#5872 = LINE('',#5873,#5874);
#5873 = CARTESIAN_POINT('',(1.841122605747,0.6,4.666896625284));
#5874 = VECTOR('',#5875,1.);
#5875 = DIRECTION('',(0.E+000,1.,0.E+000));
#5876 = B_SPLINE_SURFACE_WITH_KNOTS('',3,1,(
    (#5877,#5878)
    ,(#5879,#5880)
    ,(#5881,#5882)
    ,(#5883,#5884)
    ,(#5885,#5886
    )),.UNSPECIFIED.,.F.,.F.,.F.,(4,1,4),(2,2),(-1.389502876567E-002,
    -6.634008402613E-003,0.E+000),(0.E+000,1.E-004),.UNSPECIFIED.);
#5877 = CARTESIAN_POINT('',(1.841122605747,0.6,4.666896625284));
#5878 = CARTESIAN_POINT('',(1.841122605747,0.601,4.666896625284));
#5879 = CARTESIAN_POINT('',(1.86576901173,0.6,4.665476967359));
#5880 = CARTESIAN_POINT('',(1.86576901173,0.601,4.665476967359));
#5881 = CARTESIAN_POINT('',(1.91293352897,0.6,4.662760243437));
#5882 = CARTESIAN_POINT('',(1.91293352897,0.601,4.662760243437));
#5883 = CARTESIAN_POINT('',(1.952404571486,0.6,4.636972407843));
#5884 = CARTESIAN_POINT('',(1.952404571486,0.601,4.636972407843));
#5885 = CARTESIAN_POINT('',(1.97124952907,0.6,4.624660326962));
#5886 = CARTESIAN_POINT('',(1.97124952907,0.601,4.624660326962));
#5887 = ADVANCED_FACE('',(#5888),#5917,.T.);
#5888 = FACE_BOUND('',#5889,.T.);
#5889 = EDGE_LOOP('',(#5890,#5900,#5901,#5911));
#5890 = ORIENTED_EDGE('',*,*,#5891,.F.);
#5891 = EDGE_CURVE('',#5851,#5892,#5894,.T.);
#5892 = VERTEX_POINT('',#5893);
#5893 = CARTESIAN_POINT('',(1.678524934596,0.6,4.592677890185));
#5894 = B_SPLINE_CURVE_WITH_KNOTS('',3,(#5895,#5896,#5897,#5898,#5899),
  .UNSPECIFIED.,.F.,.F.,(4,1,4),(0.E+000,9.425158612126E-003,
    1.838350188255E-002),.UNSPECIFIED.);
#5895 = CARTESIAN_POINT('',(1.841122605747,0.6,4.666896625284));
#5896 = CARTESIAN_POINT('',(1.808734355109,0.6,4.664130552669));
#5897 = CARTESIAN_POINT('',(1.745562000023,0.6,4.65873540727));
#5898 = CARTESIAN_POINT('',(1.700489108578,0.6,4.614321122759));
#5899 = CARTESIAN_POINT('',(1.678524934596,0.6,4.592677890185));
#5900 = ORIENTED_EDGE('',*,*,#5871,.T.);
#5901 = ORIENTED_EDGE('',*,*,#5902,.F.);
#5902 = EDGE_CURVE('',#5903,#5862,#5905,.T.);
#5903 = VERTEX_POINT('',#5904);
#5904 = CARTESIAN_POINT('',(1.678524934596,0.601,4.592677890185));
#5905 = B_SPLINE_CURVE_WITH_KNOTS('',3,(#5906,#5907,#5908,#5909,#5910),
  .UNSPECIFIED.,.F.,.F.,(4,1,4),(-1.838350188255E-002,
    -9.425158612126E-003,0.E+000),.UNSPECIFIED.);
#5906 = CARTESIAN_POINT('',(1.678524934596,0.601,4.592677890185));
#5907 = CARTESIAN_POINT('',(1.700489108578,0.601,4.614321122759));
#5908 = CARTESIAN_POINT('',(1.745562000023,0.601,4.65873540727));
#5909 = CARTESIAN_POINT('',(1.808734355109,0.601,4.664130552669));
#5910 = CARTESIAN_POINT('',(1.841122605747,0.601,4.666896625284));
#5911 = ORIENTED_EDGE('',*,*,#5912,.F.);
#5912 = EDGE_CURVE('',#5892,#5903,#5913,.T.);
#5913 = LINE('',#5914,#5915);
#5914 = CARTESIAN_POINT('',(1.678524934596,0.6,4.592677890185));
#5915 = VECTOR('',#5916,1.);
#5916 = DIRECTION('',(0.E+000,1.,0.E+000));
#5917 = B_SPLINE_SURFACE_WITH_KNOTS('',3,1,(
    (#5918,#5919)
    ,(#5920,#5921)
    ,(#5922,#5923)
    ,(#5924,#5925)
    ,(#5926,#5927
    )),.UNSPECIFIED.,.F.,.F.,.F.,(4,1,4),(2,2),(-1.838350188255E-002,
    -9.425158612126E-003,0.E+000),(0.E+000,1.E-004),.UNSPECIFIED.);
#5918 = CARTESIAN_POINT('',(1.678524934596,0.6,4.592677890185));
#5919 = CARTESIAN_POINT('',(1.678524934596,0.601,4.592677890185));
#5920 = CARTESIAN_POINT('',(1.700489108578,0.6,4.614321122759));
#5921 = CARTESIAN_POINT('',(1.700489108578,0.601,4.614321122759));
#5922 = CARTESIAN_POINT('',(1.745562000023,0.6,4.65873540727));
#5923 = CARTESIAN_POINT('',(1.745562000023,0.601,4.65873540727));
#5924 = CARTESIAN_POINT('',(1.808734355109,0.6,4.664130552669));
#5925 = CARTESIAN_POINT('',(1.808734355109,0.601,4.664130552669));
#5926 = CARTESIAN_POINT('',(1.841122605747,0.6,4.666896625284));
#5927 = CARTESIAN_POINT('',(1.841122605747,0.601,4.666896625284));
#5928 = ADVANCED_FACE('',(#5929),#5949,.T.);
#5929 = FACE_BOUND('',#5930,.T.);
#5930 = EDGE_LOOP('',(#5931,#5939,#5940,#5948));
#5931 = ORIENTED_EDGE('',*,*,#5932,.F.);
#5932 = EDGE_CURVE('',#5892,#5473,#5933,.T.);
#5933 = B_SPLINE_CURVE_WITH_KNOTS('',3,(#5934,#5935,#5936,#5937,#5938),
  .UNSPECIFIED.,.F.,.F.,(4,1,4),(0.E+000,1.28879268878E-002,
    3.033633704999E-002),.UNSPECIFIED.);
#5934 = CARTESIAN_POINT('',(1.678524934596,0.6,4.592677890185));
#5935 = CARTESIAN_POINT('',(1.657990619036,0.6,4.554297487407));
#5936 = CARTESIAN_POINT('',(1.609655776408,0.6,4.46395550728));
#5937 = CARTESIAN_POINT('',(1.608429477815,0.6,4.360922977352));
#5938 = CARTESIAN_POINT('',(1.607724153346,0.6,4.301662235383));
#5939 = ORIENTED_EDGE('',*,*,#5912,.T.);
#5940 = ORIENTED_EDGE('',*,*,#5941,.F.);
#5941 = EDGE_CURVE('',#5485,#5903,#5942,.T.);
#5942 = B_SPLINE_CURVE_WITH_KNOTS('',3,(#5943,#5944,#5945,#5946,#5947),
  .UNSPECIFIED.,.F.,.F.,(4,1,4),(-3.033633704999E-002,
    -1.28879268878E-002,0.E+000),.UNSPECIFIED.);
#5943 = CARTESIAN_POINT('',(1.607724153346,0.601,4.301662235383));
#5944 = CARTESIAN_POINT('',(1.608429477815,0.601,4.360922977352));
#5945 = CARTESIAN_POINT('',(1.609655776408,0.601,4.46395550728));
#5946 = CARTESIAN_POINT('',(1.657990619036,0.601,4.554297487407));
#5947 = CARTESIAN_POINT('',(1.678524934596,0.601,4.592677890185));
#5948 = ORIENTED_EDGE('',*,*,#5484,.F.);
#5949 = B_SPLINE_SURFACE_WITH_KNOTS('',3,1,(
    (#5950,#5951)
    ,(#5952,#5953)
    ,(#5954,#5955)
    ,(#5956,#5957)
    ,(#5958,#5959
    )),.UNSPECIFIED.,.F.,.F.,.F.,(4,1,4),(2,2),(-3.033633704999E-002,
    -1.28879268878E-002,0.E+000),(0.E+000,1.E-004),.UNSPECIFIED.);
#5950 = CARTESIAN_POINT('',(1.607724153346,0.6,4.301662235383));
#5951 = CARTESIAN_POINT('',(1.607724153346,0.601,4.301662235383));
#5952 = CARTESIAN_POINT('',(1.608429477815,0.6,4.360922977352));
#5953 = CARTESIAN_POINT('',(1.608429477815,0.601,4.360922977352));
#5954 = CARTESIAN_POINT('',(1.609655776408,0.6,4.46395550728));
#5955 = CARTESIAN_POINT('',(1.609655776408,0.601,4.46395550728));
#5956 = CARTESIAN_POINT('',(1.657990619036,0.6,4.554297487407));
#5957 = CARTESIAN_POINT('',(1.657990619036,0.601,4.554297487407));
#5958 = CARTESIAN_POINT('',(1.678524934596,0.6,4.592677890185));
#5959 = CARTESIAN_POINT('',(1.678524934596,0.601,4.592677890185));
#5960 = ADVANCED_FACE('',(#5961,#5975),#5985,.T.);
#5961 = FACE_BOUND('',#5962,.T.);
#5962 = EDGE_LOOP('',(#5963,#5964,#5965,#5966,#5967,#5968,#5969,#5970,
    #5971,#5972,#5973,#5974));
#5963 = ORIENTED_EDGE('',*,*,#5941,.T.);
#5964 = ORIENTED_EDGE('',*,*,#5902,.T.);
#5965 = ORIENTED_EDGE('',*,*,#5861,.T.);
#5966 = ORIENTED_EDGE('',*,*,#5820,.T.);
#5967 = ORIENTED_EDGE('',*,*,#5779,.T.);
#5968 = ORIENTED_EDGE('',*,*,#5738,.T.);
#5969 = ORIENTED_EDGE('',*,*,#5697,.T.);
#5970 = ORIENTED_EDGE('',*,*,#5656,.T.);
#5971 = ORIENTED_EDGE('',*,*,#5615,.T.);
#5972 = ORIENTED_EDGE('',*,*,#5574,.T.);
#5973 = ORIENTED_EDGE('',*,*,#5533,.T.);
#5974 = ORIENTED_EDGE('',*,*,#5492,.T.);
#5975 = FACE_BOUND('',#5976,.T.);
#5976 = EDGE_LOOP('',(#5977,#5978,#5979,#5980,#5981,#5982,#5983,#5984));
#5977 = ORIENTED_EDGE('',*,*,#5449,.T.);
#5978 = ORIENTED_EDGE('',*,*,#5410,.T.);
#5979 = ORIENTED_EDGE('',*,*,#5369,.T.);
#5980 = ORIENTED_EDGE('',*,*,#5328,.T.);
#5981 = ORIENTED_EDGE('',*,*,#5287,.T.);
#5982 = ORIENTED_EDGE('',*,*,#5246,.T.);
#5983 = ORIENTED_EDGE('',*,*,#5205,.T.);
#5984 = ORIENTED_EDGE('',*,*,#5164,.T.);
#5985 = PLANE('',#5986);
#5986 = AXIS2_PLACEMENT_3D('',#5987,#5988,#5989);
#5987 = CARTESIAN_POINT('',(1.597714405416,0.601,4.30141811711));
#5988 = DIRECTION('',(0.E+000,1.,0.E+000));
#5989 = DIRECTION('',(-1.,0.E+000,0.E+000));
#5990 = ADVANCED_FACE('',(#5991,#6005),#6015,.F.);
#5991 = FACE_BOUND('',#5992,.T.);
#5992 = EDGE_LOOP('',(#5993,#5994,#5995,#5996,#5997,#5998,#5999,#6000,
    #6001,#6002,#6003,#6004));
#5993 = ORIENTED_EDGE('',*,*,#5932,.T.);
#5994 = ORIENTED_EDGE('',*,*,#5472,.T.);
#5995 = ORIENTED_EDGE('',*,*,#5522,.T.);
#5996 = ORIENTED_EDGE('',*,*,#5563,.T.);
#5997 = ORIENTED_EDGE('',*,*,#5604,.T.);
#5998 = ORIENTED_EDGE('',*,*,#5645,.T.);
#5999 = ORIENTED_EDGE('',*,*,#5686,.T.);
#6000 = ORIENTED_EDGE('',*,*,#5727,.T.);
#6001 = ORIENTED_EDGE('',*,*,#5768,.T.);
#6002 = ORIENTED_EDGE('',*,*,#5809,.T.);
#6003 = ORIENTED_EDGE('',*,*,#5850,.T.);
#6004 = ORIENTED_EDGE('',*,*,#5891,.T.);
#6005 = FACE_BOUND('',#6006,.T.);
#6006 = EDGE_LOOP('',(#6007,#6008,#6009,#6010,#6011,#6012,#6013,#6014));
#6007 = ORIENTED_EDGE('',*,*,#5440,.T.);
#6008 = ORIENTED_EDGE('',*,*,#5144,.T.);
#6009 = ORIENTED_EDGE('',*,*,#5194,.T.);
#6010 = ORIENTED_EDGE('',*,*,#5235,.T.);
#6011 = ORIENTED_EDGE('',*,*,#5276,.T.);
#6012 = ORIENTED_EDGE('',*,*,#5317,.T.);
#6013 = ORIENTED_EDGE('',*,*,#5358,.T.);
#6014 = ORIENTED_EDGE('',*,*,#5399,.T.);
#6015 = PLANE('',#6016);
#6016 = AXIS2_PLACEMENT_3D('',#6017,#6018,#6019);
#6017 = CARTESIAN_POINT('',(1.597714405416,0.6,4.30141811711));
#6018 = DIRECTION('',(0.E+000,1.,0.E+000));
#6019 = DIRECTION('',(-1.,0.E+000,0.E+000));
#6020 = MANIFOLD_SOLID_BREP('',#6021);
#6021 = CLOSED_SHELL('',(#6022,#6072,#6113,#6154,#6195,#6236,#6277,#6318
    ,#6359,#6391,#6431,#6472,#6513,#6554,#6595,#6636,#6677,#6718,#6759,
    #6800,#6841,#6882,#6923,#6964,#7005,#7046,#7087,#7128,#7160,#7198));
#6022 = ADVANCED_FACE('',(#6023),#6061,.T.);
#6023 = FACE_BOUND('',#6024,.T.);
#6024 = EDGE_LOOP('',(#6025,#6037,#6045,#6055));
#6025 = ORIENTED_EDGE('',*,*,#6026,.F.);
#6026 = EDGE_CURVE('',#6027,#6029,#6031,.T.);
#6027 = VERTEX_POINT('',#6028);
#6028 = CARTESIAN_POINT('',(2.261044629759,0.6,4.422756000284));
#6029 = VERTEX_POINT('',#6030);
#6030 = CARTESIAN_POINT('',(2.280331649727,0.6,4.509670077685));
#6031 = B_SPLINE_CURVE_WITH_KNOTS('',3,(#6032,#6033,#6034,#6035,#6036),
  .UNSPECIFIED.,.F.,.F.,(4,1,4),(0.E+000,4.469447240929E-003,
    8.957023343657E-003),.UNSPECIFIED.);
#6032 = CARTESIAN_POINT('',(2.261044629759,0.6,4.422756000284));
#6033 = CARTESIAN_POINT('',(2.261854723377,0.6,4.437743914907));
#6034 = CARTESIAN_POINT('',(2.263478196494,0.6,4.467780537762));
#6035 = CARTESIAN_POINT('',(2.274706256849,0.6,4.495688069589));
#6036 = CARTESIAN_POINT('',(2.280331649727,0.6,4.509670077685));
#6037 = ORIENTED_EDGE('',*,*,#6038,.T.);
#6038 = EDGE_CURVE('',#6027,#6039,#6041,.T.);
#6039 = VERTEX_POINT('',#6040);
#6040 = CARTESIAN_POINT('',(2.261044629759,0.601,4.422756000284));
#6041 = LINE('',#6042,#6043);
#6042 = CARTESIAN_POINT('',(2.261044629759,0.6,4.422756000284));
#6043 = VECTOR('',#6044,1.);
#6044 = DIRECTION('',(0.E+000,1.,0.E+000));
#6045 = ORIENTED_EDGE('',*,*,#6046,.F.);
#6046 = EDGE_CURVE('',#6047,#6039,#6049,.T.);
#6047 = VERTEX_POINT('',#6048);
#6048 = CARTESIAN_POINT('',(2.280331649727,0.601,4.509670077685));
#6049 = B_SPLINE_CURVE_WITH_KNOTS('',3,(#6050,#6051,#6052,#6053,#6054),
  .UNSPECIFIED.,.F.,.F.,(4,1,4),(-8.957023343657E-003,
    -4.469447240929E-003,0.E+000),.UNSPECIFIED.);
#6050 = CARTESIAN_POINT('',(2.280331649727,0.601,4.509670077685));
#6051 = CARTESIAN_POINT('',(2.274706256849,0.601,4.495688069589));
#6052 = CARTESIAN_POINT('',(2.263478196494,0.601,4.467780537762));
#6053 = CARTESIAN_POINT('',(2.261854723377,0.601,4.437743914907));
#6054 = CARTESIAN_POINT('',(2.261044629759,0.601,4.422756000284));
#6055 = ORIENTED_EDGE('',*,*,#6056,.F.);
#6056 = EDGE_CURVE('',#6029,#6047,#6057,.T.);
#6057 = LINE('',#6058,#6059);
#6058 = CARTESIAN_POINT('',(2.280331649727,0.6,4.509670077685));
#6059 = VECTOR('',#6060,1.);
#6060 = DIRECTION('',(0.E+000,1.,0.E+000));
#6061 = B_SPLINE_SURFACE_WITH_KNOTS('',3,1,(
    (#6062,#6063)
    ,(#6064,#6065)
    ,(#6066,#6067)
    ,(#6068,#6069)
    ,(#6070,#6071
    )),.UNSPECIFIED.,.F.,.F.,.F.,(4,1,4),(2,2),(-8.957023343657E-003,
    -4.469447240929E-003,0.E+000),(0.E+000,1.E-004),.UNSPECIFIED.);
#6062 = CARTESIAN_POINT('',(2.280331649727,0.6,4.509670077685));
#6063 = CARTESIAN_POINT('',(2.280331649727,0.601,4.509670077685));
#6064 = CARTESIAN_POINT('',(2.274706256849,0.6,4.495688069589));
#6065 = CARTESIAN_POINT('',(2.274706256849,0.601,4.495688069589));
#6066 = CARTESIAN_POINT('',(2.263478196494,0.6,4.467780537762));
#6067 = CARTESIAN_POINT('',(2.263478196494,0.601,4.467780537762));
#6068 = CARTESIAN_POINT('',(2.261854723377,0.6,4.437743914907));
#6069 = CARTESIAN_POINT('',(2.261854723377,0.601,4.437743914907));
#6070 = CARTESIAN_POINT('',(2.261044629759,0.6,4.422756000284));
#6071 = CARTESIAN_POINT('',(2.261044629759,0.601,4.422756000284));
#6072 = ADVANCED_FACE('',(#6073),#6102,.T.);
#6073 = FACE_BOUND('',#6074,.T.);
#6074 = EDGE_LOOP('',(#6075,#6085,#6086,#6096));
#6075 = ORIENTED_EDGE('',*,*,#6076,.F.);
#6076 = EDGE_CURVE('',#6029,#6077,#6079,.T.);
#6077 = VERTEX_POINT('',#6078);
#6078 = CARTESIAN_POINT('',(2.334286817259,0.6,4.572902484659));
#6079 = B_SPLINE_CURVE_WITH_KNOTS('',3,(#6080,#6081,#6082,#6083,#6084),
  .UNSPECIFIED.,.F.,.F.,(4,1,4),(0.E+000,4.326369764716E-003,
    8.402465361701E-003),.UNSPECIFIED.);
#6080 = CARTESIAN_POINT('',(2.280331649727,0.6,4.509670077685));
#6081 = CARTESIAN_POINT('',(2.287220095499,0.6,4.522564750564));
#6082 = CARTESIAN_POINT('',(2.300598500522,0.6,4.547608158341));
#6083 = CARTESIAN_POINT('',(2.323282599707,0.6,4.56464014636));
#6084 = CARTESIAN_POINT('',(2.334286817259,0.6,4.572902484659));
#6085 = ORIENTED_EDGE('',*,*,#6056,.T.);
#6086 = ORIENTED_EDGE('',*,*,#6087,.F.);
#6087 = EDGE_CURVE('',#6088,#6047,#6090,.T.);
#6088 = VERTEX_POINT('',#6089);
#6089 = CARTESIAN_POINT('',(2.334286817259,0.601,4.572902484659));
#6090 = B_SPLINE_CURVE_WITH_KNOTS('',3,(#6091,#6092,#6093,#6094,#6095),
  .UNSPECIFIED.,.F.,.F.,(4,1,4),(-8.402465361701E-003,
    -4.326369764716E-003,0.E+000),.UNSPECIFIED.);
#6091 = CARTESIAN_POINT('',(2.334286817259,0.601,4.572902484659));
#6092 = CARTESIAN_POINT('',(2.323282599707,0.601,4.56464014636));
#6093 = CARTESIAN_POINT('',(2.300598500522,0.601,4.547608158341));
#6094 = CARTESIAN_POINT('',(2.287220095499,0.601,4.522564750564));
#6095 = CARTESIAN_POINT('',(2.280331649727,0.601,4.509670077685));
#6096 = ORIENTED_EDGE('',*,*,#6097,.F.);
#6097 = EDGE_CURVE('',#6077,#6088,#6098,.T.);
#6098 = LINE('',#6099,#6100);
#6099 = CARTESIAN_POINT('',(2.334286817259,0.6,4.572902484659));
#6100 = VECTOR('',#6101,1.);
#6101 = DIRECTION('',(0.E+000,1.,0.E+000));
#6102 = B_SPLINE_SURFACE_WITH_KNOTS('',3,1,(
    (#6103,#6104)
    ,(#6105,#6106)
    ,(#6107,#6108)
    ,(#6109,#6110)
    ,(#6111,#6112
    )),.UNSPECIFIED.,.F.,.F.,.F.,(4,1,4),(2,2),(-8.402465361701E-003,
    -4.326369764716E-003,0.E+000),(0.E+000,1.E-004),.UNSPECIFIED.);
#6103 = CARTESIAN_POINT('',(2.334286817259,0.6,4.572902484659));
#6104 = CARTESIAN_POINT('',(2.334286817259,0.601,4.572902484659));
#6105 = CARTESIAN_POINT('',(2.323282599707,0.6,4.56464014636));
#6106 = CARTESIAN_POINT('',(2.323282599707,0.601,4.56464014636));
#6107 = CARTESIAN_POINT('',(2.300598500522,0.6,4.547608158341));
#6108 = CARTESIAN_POINT('',(2.300598500522,0.601,4.547608158341));
#6109 = CARTESIAN_POINT('',(2.287220095499,0.6,4.522564750564));
#6110 = CARTESIAN_POINT('',(2.287220095499,0.601,4.522564750564));
#6111 = CARTESIAN_POINT('',(2.280331649727,0.6,4.509670077685));
#6112 = CARTESIAN_POINT('',(2.280331649727,0.601,4.509670077685));
#6113 = ADVANCED_FACE('',(#6114),#6143,.T.);
#6114 = FACE_BOUND('',#6115,.T.);
#6115 = EDGE_LOOP('',(#6116,#6126,#6127,#6137));
#6116 = ORIENTED_EDGE('',*,*,#6117,.F.);
#6117 = EDGE_CURVE('',#6077,#6118,#6120,.T.);
#6118 = VERTEX_POINT('',#6119);
#6119 = CARTESIAN_POINT('',(2.407040693707,0.6,4.594630985383));
#6120 = B_SPLINE_CURVE_WITH_KNOTS('',3,(#6121,#6122,#6123,#6124,#6125),
  .UNSPECIFIED.,.F.,.F.,(4,1,4),(0.E+000,3.908204452643E-003,
    7.670782017043E-003),.UNSPECIFIED.);
#6121 = CARTESIAN_POINT('',(2.334286817259,0.6,4.572902484659));
#6122 = CARTESIAN_POINT('',(2.345860066934,0.6,4.5792393271));
#6123 = CARTESIAN_POINT('',(2.368575325707,0.6,4.591676889573));
#6124 = CARTESIAN_POINT('',(2.394382215714,0.6,4.593658828902));
#6125 = CARTESIAN_POINT('',(2.407040693707,0.6,4.594630985383));
#6126 = ORIENTED_EDGE('',*,*,#6097,.T.);
#6127 = ORIENTED_EDGE('',*,*,#6128,.F.);
#6128 = EDGE_CURVE('',#6129,#6088,#6131,.T.);
#6129 = VERTEX_POINT('',#6130);
#6130 = CARTESIAN_POINT('',(2.407040693707,0.601,4.594630985383));
#6131 = B_SPLINE_CURVE_WITH_KNOTS('',3,(#6132,#6133,#6134,#6135,#6136),
  .UNSPECIFIED.,.F.,.F.,(4,1,4),(-7.670782017043E-003,
    -3.908204452643E-003,0.E+000),.UNSPECIFIED.);
#6132 = CARTESIAN_POINT('',(2.407040693707,0.601,4.594630985383));
#6133 = CARTESIAN_POINT('',(2.394382215714,0.601,4.593658828902));
#6134 = CARTESIAN_POINT('',(2.368575325707,0.601,4.591676889573));
#6135 = CARTESIAN_POINT('',(2.345860066934,0.601,4.5792393271));
#6136 = CARTESIAN_POINT('',(2.334286817259,0.601,4.572902484659));
#6137 = ORIENTED_EDGE('',*,*,#6138,.F.);
#6138 = EDGE_CURVE('',#6118,#6129,#6139,.T.);
#6139 = LINE('',#6140,#6141);
#6140 = CARTESIAN_POINT('',(2.407040693707,0.6,4.594630985383));
#6141 = VECTOR('',#6142,1.);
#6142 = DIRECTION('',(0.E+000,1.,0.E+000));
#6143 = B_SPLINE_SURFACE_WITH_KNOTS('',3,1,(
    (#6144,#6145)
    ,(#6146,#6147)
    ,(#6148,#6149)
    ,(#6150,#6151)
    ,(#6152,#6153
    )),.UNSPECIFIED.,.F.,.F.,.F.,(4,1,4),(2,2),(-7.670782017043E-003,
    -3.908204452643E-003,0.E+000),(0.E+000,1.E-004),.UNSPECIFIED.);
#6144 = CARTESIAN_POINT('',(2.407040693707,0.6,4.594630985383));
#6145 = CARTESIAN_POINT('',(2.407040693707,0.601,4.594630985383));
#6146 = CARTESIAN_POINT('',(2.394382215714,0.6,4.593658828902));
#6147 = CARTESIAN_POINT('',(2.394382215714,0.601,4.593658828902));
#6148 = CARTESIAN_POINT('',(2.368575325707,0.6,4.591676889573));
#6149 = CARTESIAN_POINT('',(2.368575325707,0.601,4.591676889573));
#6150 = CARTESIAN_POINT('',(2.345860066934,0.6,4.5792393271));
#6151 = CARTESIAN_POINT('',(2.345860066934,0.601,4.5792393271));
#6152 = CARTESIAN_POINT('',(2.334286817259,0.6,4.572902484659));
#6153 = CARTESIAN_POINT('',(2.334286817259,0.601,4.572902484659));
#6154 = ADVANCED_FACE('',(#6155),#6184,.T.);
#6155 = FACE_BOUND('',#6156,.T.);
#6156 = EDGE_LOOP('',(#6157,#6167,#6168,#6178));
#6157 = ORIENTED_EDGE('',*,*,#6158,.F.);
#6158 = EDGE_CURVE('',#6118,#6159,#6161,.T.);
#6159 = VERTEX_POINT('',#6160);
#6160 = CARTESIAN_POINT('',(2.502743848509,0.6,4.549709125284));
#6161 = B_SPLINE_CURVE_WITH_KNOTS('',3,(#6162,#6163,#6164,#6165,#6166),
  .UNSPECIFIED.,.F.,.F.,(4,1,4),(0.E+000,5.296221605413E-003,
    1.083364371148E-002),.UNSPECIFIED.);
#6162 = CARTESIAN_POINT('',(2.407040693707,0.6,4.594630985383));
#6163 = CARTESIAN_POINT('',(2.425085820778,0.6,4.592598024073));
#6164 = CARTESIAN_POINT('',(2.461997886017,0.6,4.588439516337));
#6165 = CARTESIAN_POINT('',(2.488961752954,0.6,4.562809464992));
#6166 = CARTESIAN_POINT('',(2.502743848509,0.6,4.549709125284));
#6167 = ORIENTED_EDGE('',*,*,#6138,.T.);
#6168 = ORIENTED_EDGE('',*,*,#6169,.F.);
#6169 = EDGE_CURVE('',#6170,#6129,#6172,.T.);
#6170 = VERTEX_POINT('',#6171);
#6171 = CARTESIAN_POINT('',(2.502743848509,0.601,4.549709125284));
#6172 = B_SPLINE_CURVE_WITH_KNOTS('',3,(#6173,#6174,#6175,#6176,#6177),
  .UNSPECIFIED.,.F.,.F.,(4,1,4),(-1.083364371148E-002,
    -5.296221605413E-003,0.E+000),.UNSPECIFIED.);
#6173 = CARTESIAN_POINT('',(2.502743848509,0.601,4.549709125284));
#6174 = CARTESIAN_POINT('',(2.488961752954,0.601,4.562809464992));
#6175 = CARTESIAN_POINT('',(2.461997886017,0.601,4.588439516337));
#6176 = CARTESIAN_POINT('',(2.425085820778,0.601,4.592598024073));
#6177 = CARTESIAN_POINT('',(2.407040693707,0.601,4.594630985383));
#6178 = ORIENTED_EDGE('',*,*,#6179,.F.);
#6179 = EDGE_CURVE('',#6159,#6170,#6180,.T.);
#6180 = LINE('',#6181,#6182);
#6181 = CARTESIAN_POINT('',(2.502743848509,0.6,4.549709125284));
#6182 = VECTOR('',#6183,1.);
#6183 = DIRECTION('',(0.E+000,1.,0.E+000));
#6184 = B_SPLINE_SURFACE_WITH_KNOTS('',3,1,(
    (#6185,#6186)
    ,(#6187,#6188)
    ,(#6189,#6190)
    ,(#6191,#6192)
    ,(#6193,#6194
    )),.UNSPECIFIED.,.F.,.F.,.F.,(4,1,4),(2,2),(-1.083364371148E-002,
    -5.296221605413E-003,0.E+000),(0.E+000,1.E-004),.UNSPECIFIED.);
#6185 = CARTESIAN_POINT('',(2.502743848509,0.6,4.549709125284));
#6186 = CARTESIAN_POINT('',(2.502743848509,0.601,4.549709125284));
#6187 = CARTESIAN_POINT('',(2.488961752954,0.6,4.562809464992));
#6188 = CARTESIAN_POINT('',(2.488961752954,0.601,4.562809464992));
#6189 = CARTESIAN_POINT('',(2.461997886017,0.6,4.588439516337));
#6190 = CARTESIAN_POINT('',(2.461997886017,0.601,4.588439516337));
#6191 = CARTESIAN_POINT('',(2.425085820778,0.6,4.592598024073));
#6192 = CARTESIAN_POINT('',(2.425085820778,0.601,4.592598024073));
#6193 = CARTESIAN_POINT('',(2.407040693707,0.6,4.594630985383));
#6194 = CARTESIAN_POINT('',(2.407040693707,0.601,4.594630985383));
#6195 = ADVANCED_FACE('',(#6196),#6225,.T.);
#6196 = FACE_BOUND('',#6197,.T.);
#6197 = EDGE_LOOP('',(#6198,#6208,#6209,#6219));
#6198 = ORIENTED_EDGE('',*,*,#6199,.F.);
#6199 = EDGE_CURVE('',#6159,#6200,#6202,.T.);
#6200 = VERTEX_POINT('',#6201);
#6201 = CARTESIAN_POINT('',(2.542782821602,0.6,4.427638812784));
#6202 = B_SPLINE_CURVE_WITH_KNOTS('',3,(#6203,#6204,#6205,#6206,#6207),
  .UNSPECIFIED.,.F.,.F.,(4,1,4),(0.E+000,6.08972516794E-003,
    1.307104079418E-002),.UNSPECIFIED.);
#6203 = CARTESIAN_POINT('',(2.502743848509,0.6,4.549709125284));
#6204 = CARTESIAN_POINT('',(2.514407367168,0.6,4.532615664558));
#6205 = CARTESIAN_POINT('',(2.539442048372,0.6,4.495926106934));
#6206 = CARTESIAN_POINT('',(2.541619716785,0.6,4.451413333031));
#6207 = CARTESIAN_POINT('',(2.542782821602,0.6,4.427638812784));
#6208 = ORIENTED_EDGE('',*,*,#6179,.T.);
#6209 = ORIENTED_EDGE('',*,*,#6210,.F.);
#6210 = EDGE_CURVE('',#6211,#6170,#6213,.T.);
#6211 = VERTEX_POINT('',#6212);
#6212 = CARTESIAN_POINT('',(2.542782821602,0.601,4.427638812784));
#6213 = B_SPLINE_CURVE_WITH_KNOTS('',3,(#6214,#6215,#6216,#6217,#6218),
  .UNSPECIFIED.,.F.,.F.,(4,1,4),(-1.307104079418E-002,
    -6.08972516794E-003,0.E+000),.UNSPECIFIED.);
#6214 = CARTESIAN_POINT('',(2.542782821602,0.601,4.427638812784));
#6215 = CARTESIAN_POINT('',(2.541619716785,0.601,4.451413333031));
#6216 = CARTESIAN_POINT('',(2.539442048372,0.601,4.495926106934));
#6217 = CARTESIAN_POINT('',(2.514407367168,0.601,4.532615664558));
#6218 = CARTESIAN_POINT('',(2.502743848509,0.601,4.549709125284));
#6219 = ORIENTED_EDGE('',*,*,#6220,.F.);
#6220 = EDGE_CURVE('',#6200,#6211,#6221,.T.);
#6221 = LINE('',#6222,#6223);
#6222 = CARTESIAN_POINT('',(2.542782821602,0.6,4.427638812784));
#6223 = VECTOR('',#6224,1.);
#6224 = DIRECTION('',(0.E+000,1.,0.E+000));
#6225 = B_SPLINE_SURFACE_WITH_KNOTS('',3,1,(
    (#6226,#6227)
    ,(#6228,#6229)
    ,(#6230,#6231)
    ,(#6232,#6233)
    ,(#6234,#6235
    )),.UNSPECIFIED.,.F.,.F.,.F.,(4,1,4),(2,2),(-1.307104079418E-002,
    -6.08972516794E-003,0.E+000),(0.E+000,1.E-004),.UNSPECIFIED.);
#6226 = CARTESIAN_POINT('',(2.542782821602,0.6,4.427638812784));
#6227 = CARTESIAN_POINT('',(2.542782821602,0.601,4.427638812784));
#6228 = CARTESIAN_POINT('',(2.541619716785,0.6,4.451413333031));
#6229 = CARTESIAN_POINT('',(2.541619716785,0.601,4.451413333031));
#6230 = CARTESIAN_POINT('',(2.539442048372,0.6,4.495926106934));
#6231 = CARTESIAN_POINT('',(2.539442048372,0.601,4.495926106934));
#6232 = CARTESIAN_POINT('',(2.514407367168,0.6,4.532615664558));
#6233 = CARTESIAN_POINT('',(2.514407367168,0.601,4.532615664558));
#6234 = CARTESIAN_POINT('',(2.502743848509,0.6,4.549709125284));
#6235 = CARTESIAN_POINT('',(2.502743848509,0.601,4.549709125284));
#6236 = ADVANCED_FACE('',(#6237),#6266,.T.);
#6237 = FACE_BOUND('',#6238,.T.);
#6238 = EDGE_LOOP('',(#6239,#6249,#6250,#6260));
#6239 = ORIENTED_EDGE('',*,*,#6240,.F.);
#6240 = EDGE_CURVE('',#6200,#6241,#6243,.T.);
#6241 = VERTEX_POINT('',#6242);
#6242 = CARTESIAN_POINT('',(2.50323201055,0.6,4.310695431057));
#6243 = B_SPLINE_CURVE_WITH_KNOTS('',3,(#6244,#6245,#6246,#6247,#6248),
  .UNSPECIFIED.,.F.,.F.,(4,1,4),(0.E+000,6.707797291604E-003,
    1.25730133502E-002),.UNSPECIFIED.);
#6244 = CARTESIAN_POINT('',(2.542782821602,0.6,4.427638812784));
#6245 = CARTESIAN_POINT('',(2.541624236116,0.6,4.404769868826));
#6246 = CARTESIAN_POINT('',(2.539452597625,0.6,4.36190459947));
#6247 = CARTESIAN_POINT('',(2.514753809322,0.6,4.326985109977));
#6248 = CARTESIAN_POINT('',(2.50323201055,0.6,4.310695431057));
#6249 = ORIENTED_EDGE('',*,*,#6220,.T.);
#6250 = ORIENTED_EDGE('',*,*,#6251,.F.);
#6251 = EDGE_CURVE('',#6252,#6211,#6254,.T.);
#6252 = VERTEX_POINT('',#6253);
#6253 = CARTESIAN_POINT('',(2.50323201055,0.601,4.310695431057));
#6254 = B_SPLINE_CURVE_WITH_KNOTS('',3,(#6255,#6256,#6257,#6258,#6259),
  .UNSPECIFIED.,.F.,.F.,(4,1,4),(-1.25730133502E-002,
    -6.707797291604E-003,0.E+000),.UNSPECIFIED.);
#6255 = CARTESIAN_POINT('',(2.50323201055,0.601,4.310695431057));
#6256 = CARTESIAN_POINT('',(2.514753809322,0.601,4.326985109977));
#6257 = CARTESIAN_POINT('',(2.539452597625,0.601,4.36190459947));
#6258 = CARTESIAN_POINT('',(2.541624236116,0.601,4.404769868826));
#6259 = CARTESIAN_POINT('',(2.542782821602,0.601,4.427638812784));
#6260 = ORIENTED_EDGE('',*,*,#6261,.F.);
#6261 = EDGE_CURVE('',#6241,#6252,#6262,.T.);
#6262 = LINE('',#6263,#6264);
#6263 = CARTESIAN_POINT('',(2.50323201055,0.6,4.310695431057));
#6264 = VECTOR('',#6265,1.);
#6265 = DIRECTION('',(0.E+000,1.,0.E+000));
#6266 = B_SPLINE_SURFACE_WITH_KNOTS('',3,1,(
    (#6267,#6268)
    ,(#6269,#6270)
    ,(#6271,#6272)
    ,(#6273,#6274)
    ,(#6275,#6276
    )),.UNSPECIFIED.,.F.,.F.,.F.,(4,1,4),(2,2),(-1.25730133502E-002,
    -6.707797291604E-003,0.E+000),(0.E+000,1.E-004),.UNSPECIFIED.);
#6267 = CARTESIAN_POINT('',(2.50323201055,0.6,4.310695431057));
#6268 = CARTESIAN_POINT('',(2.50323201055,0.601,4.310695431057));
#6269 = CARTESIAN_POINT('',(2.514753809322,0.6,4.326985109977));
#6270 = CARTESIAN_POINT('',(2.514753809322,0.601,4.326985109977));
#6271 = CARTESIAN_POINT('',(2.539452597625,0.6,4.36190459947));
#6272 = CARTESIAN_POINT('',(2.539452597625,0.601,4.36190459947));
#6273 = CARTESIAN_POINT('',(2.541624236116,0.6,4.404769868826));
#6274 = CARTESIAN_POINT('',(2.541624236116,0.601,4.404769868826));
#6275 = CARTESIAN_POINT('',(2.542782821602,0.6,4.427638812784));
#6276 = CARTESIAN_POINT('',(2.542782821602,0.601,4.427638812784));
#6277 = ADVANCED_FACE('',(#6278),#6307,.T.);
#6278 = FACE_BOUND('',#6279,.T.);
#6279 = EDGE_LOOP('',(#6280,#6290,#6291,#6301));
#6280 = ORIENTED_EDGE('',*,*,#6281,.F.);
#6281 = EDGE_CURVE('',#6241,#6282,#6284,.T.);
#6282 = VERTEX_POINT('',#6283);
#6283 = CARTESIAN_POINT('',(2.403622665352,0.6,4.267970821682));
#6284 = B_SPLINE_CURVE_WITH_KNOTS('',3,(#6285,#6286,#6287,#6288,#6289),
  .UNSPECIFIED.,.F.,.F.,(4,1,4),(0.E+000,5.498060666658E-003,
    1.109412046626E-002),.UNSPECIFIED.);
#6285 = CARTESIAN_POINT('',(2.50323201055,0.6,4.310695431057));
#6286 = CARTESIAN_POINT('',(2.48910700677,0.6,4.298234362039));
#6287 = CARTESIAN_POINT('',(2.460605230777,0.6,4.273090114055));
#6288 = CARTESIAN_POINT('',(2.422728381322,0.6,4.269687272062));
#6289 = CARTESIAN_POINT('',(2.403622665352,0.6,4.267970821682));
#6290 = ORIENTED_EDGE('',*,*,#6261,.T.);
#6291 = ORIENTED_EDGE('',*,*,#6292,.F.);
#6292 = EDGE_CURVE('',#6293,#6252,#6295,.T.);
#6293 = VERTEX_POINT('',#6294);
#6294 = CARTESIAN_POINT('',(2.403622665352,0.601,4.267970821682));
#6295 = B_SPLINE_CURVE_WITH_KNOTS('',3,(#6296,#6297,#6298,#6299,#6300),
  .UNSPECIFIED.,.F.,.F.,(4,1,4),(-1.109412046626E-002,
    -5.498060666658E-003,0.E+000),.UNSPECIFIED.);
#6296 = CARTESIAN_POINT('',(2.403622665352,0.601,4.267970821682));
#6297 = CARTESIAN_POINT('',(2.422728381322,0.601,4.269687272062));
#6298 = CARTESIAN_POINT('',(2.460605230777,0.601,4.273090114055));
#6299 = CARTESIAN_POINT('',(2.48910700677,0.601,4.298234362039));
#6300 = CARTESIAN_POINT('',(2.50323201055,0.601,4.310695431057));
#6301 = ORIENTED_EDGE('',*,*,#6302,.F.);
#6302 = EDGE_CURVE('',#6282,#6293,#6303,.T.);
#6303 = LINE('',#6304,#6305);
#6304 = CARTESIAN_POINT('',(2.403622665352,0.6,4.267970821682));
#6305 = VECTOR('',#6306,1.);
#6306 = DIRECTION('',(0.E+000,1.,0.E+000));
#6307 = B_SPLINE_SURFACE_WITH_KNOTS('',3,1,(
    (#6308,#6309)
    ,(#6310,#6311)
    ,(#6312,#6313)
    ,(#6314,#6315)
    ,(#6316,#6317
    )),.UNSPECIFIED.,.F.,.F.,.F.,(4,1,4),(2,2),(-1.109412046626E-002,
    -5.498060666658E-003,0.E+000),(0.E+000,1.E-004),.UNSPECIFIED.);
#6308 = CARTESIAN_POINT('',(2.403622665352,0.6,4.267970821682));
#6309 = CARTESIAN_POINT('',(2.403622665352,0.601,4.267970821682));
#6310 = CARTESIAN_POINT('',(2.422728381322,0.6,4.269687272062));
#6311 = CARTESIAN_POINT('',(2.422728381322,0.601,4.269687272062));
#6312 = CARTESIAN_POINT('',(2.460605230777,0.6,4.273090114055));
#6313 = CARTESIAN_POINT('',(2.460605230777,0.601,4.273090114055));
#6314 = CARTESIAN_POINT('',(2.48910700677,0.6,4.298234362039));
#6315 = CARTESIAN_POINT('',(2.48910700677,0.601,4.298234362039));
#6316 = CARTESIAN_POINT('',(2.50323201055,0.6,4.310695431057));
#6317 = CARTESIAN_POINT('',(2.50323201055,0.601,4.310695431057));
#6318 = ADVANCED_FACE('',(#6319),#6348,.T.);
#6319 = FACE_BOUND('',#6320,.T.);
#6320 = EDGE_LOOP('',(#6321,#6331,#6332,#6342));
#6321 = ORIENTED_EDGE('',*,*,#6322,.F.);
#6322 = EDGE_CURVE('',#6282,#6323,#6325,.T.);
#6323 = VERTEX_POINT('',#6324);
#6324 = CARTESIAN_POINT('',(2.302548536009,0.6,4.310695431057));
#6325 = B_SPLINE_CURVE_WITH_KNOTS('',3,(#6326,#6327,#6328,#6329,#6330),
  .UNSPECIFIED.,.F.,.F.,(4,1,4),(0.E+000,5.60802534046E-003,
    1.12157564251E-002),.UNSPECIFIED.);
#6326 = CARTESIAN_POINT('',(2.403622665352,0.6,4.267970821682));
#6327 = CARTESIAN_POINT('',(2.384518850389,0.6,4.269750826912));
#6328 = CARTESIAN_POINT('',(2.346312222849,0.6,4.273310743975));
#6329 = CARTESIAN_POINT('',(2.317136176469,0.6,4.298234086659));
#6330 = CARTESIAN_POINT('',(2.302548536009,0.6,4.310695431057));
#6331 = ORIENTED_EDGE('',*,*,#6302,.T.);
#6332 = ORIENTED_EDGE('',*,*,#6333,.F.);
#6333 = EDGE_CURVE('',#6334,#6293,#6336,.T.);
#6334 = VERTEX_POINT('',#6335);
#6335 = CARTESIAN_POINT('',(2.302548536009,0.601,4.310695431057));
#6336 = B_SPLINE_CURVE_WITH_KNOTS('',3,(#6337,#6338,#6339,#6340,#6341),
  .UNSPECIFIED.,.F.,.F.,(4,1,4),(-1.12157564251E-002,-5.60802534046E-003
    ,0.E+000),.UNSPECIFIED.);
#6337 = CARTESIAN_POINT('',(2.302548536009,0.601,4.310695431057));
#6338 = CARTESIAN_POINT('',(2.317136176469,0.601,4.298234086659));
#6339 = CARTESIAN_POINT('',(2.346312222849,0.601,4.273310743975));
#6340 = CARTESIAN_POINT('',(2.384518850389,0.601,4.269750826912));
#6341 = CARTESIAN_POINT('',(2.403622665352,0.601,4.267970821682));
#6342 = ORIENTED_EDGE('',*,*,#6343,.F.);
#6343 = EDGE_CURVE('',#6323,#6334,#6344,.T.);
#6344 = LINE('',#6345,#6346);
#6345 = CARTESIAN_POINT('',(2.302548536009,0.6,4.310695431057));
#6346 = VECTOR('',#6347,1.);
#6347 = DIRECTION('',(0.E+000,1.,0.E+000));
#6348 = B_SPLINE_SURFACE_WITH_KNOTS('',3,1,(
    (#6349,#6350)
    ,(#6351,#6352)
    ,(#6353,#6354)
    ,(#6355,#6356)
    ,(#6357,#6358
    )),.UNSPECIFIED.,.F.,.F.,.F.,(4,1,4),(2,2),(-1.12157564251E-002,
    -5.60802534046E-003,0.E+000),(0.E+000,1.E-004),.UNSPECIFIED.);
#6349 = CARTESIAN_POINT('',(2.302548536009,0.6,4.310695431057));
#6350 = CARTESIAN_POINT('',(2.302548536009,0.601,4.310695431057));
#6351 = CARTESIAN_POINT('',(2.317136176469,0.6,4.298234086659));
#6352 = CARTESIAN_POINT('',(2.317136176469,0.601,4.298234086659));
#6353 = CARTESIAN_POINT('',(2.346312222849,0.6,4.273310743975));
#6354 = CARTESIAN_POINT('',(2.346312222849,0.601,4.273310743975));
#6355 = CARTESIAN_POINT('',(2.384518850389,0.6,4.269750826912));
#6356 = CARTESIAN_POINT('',(2.384518850389,0.601,4.269750826912));
#6357 = CARTESIAN_POINT('',(2.403622665352,0.6,4.267970821682));
#6358 = CARTESIAN_POINT('',(2.403622665352,0.601,4.267970821682));
#6359 = ADVANCED_FACE('',(#6360),#6380,.T.);
#6360 = FACE_BOUND('',#6361,.T.);
#6361 = EDGE_LOOP('',(#6362,#6370,#6371,#6379));
#6362 = ORIENTED_EDGE('',*,*,#6363,.F.);
#6363 = EDGE_CURVE('',#6323,#6027,#6364,.T.);
#6364 = B_SPLINE_CURVE_WITH_KNOTS('',3,(#6365,#6366,#6367,#6368,#6369),
  .UNSPECIFIED.,.F.,.F.,(4,1,4),(0.E+000,5.837017662398E-003,
    1.219062939522E-002),.UNSPECIFIED.);
#6365 = CARTESIAN_POINT('',(2.302548536009,0.6,4.310695431057));
#6366 = CARTESIAN_POINT('',(2.290449188421,0.6,4.326499464955));
#6367 = CARTESIAN_POINT('',(2.265179663657,0.6,4.359506238507));
#6368 = CARTESIAN_POINT('',(2.262461371469,0.6,4.40108542203));
#6369 = CARTESIAN_POINT('',(2.261044629759,0.6,4.422756000284));
#6370 = ORIENTED_EDGE('',*,*,#6343,.T.);
#6371 = ORIENTED_EDGE('',*,*,#6372,.F.);
#6372 = EDGE_CURVE('',#6039,#6334,#6373,.T.);
#6373 = B_SPLINE_CURVE_WITH_KNOTS('',3,(#6374,#6375,#6376,#6377,#6378),
  .UNSPECIFIED.,.F.,.F.,(4,1,4),(-1.219062939522E-002,
    -5.837017662398E-003,0.E+000),.UNSPECIFIED.);
#6374 = CARTESIAN_POINT('',(2.261044629759,0.601,4.422756000284));
#6375 = CARTESIAN_POINT('',(2.262461371469,0.601,4.40108542203));
#6376 = CARTESIAN_POINT('',(2.265179663657,0.601,4.359506238507));
#6377 = CARTESIAN_POINT('',(2.290449188421,0.601,4.326499464955));
#6378 = CARTESIAN_POINT('',(2.302548536009,0.601,4.310695431057));
#6379 = ORIENTED_EDGE('',*,*,#6038,.F.);
#6380 = B_SPLINE_SURFACE_WITH_KNOTS('',3,1,(
    (#6381,#6382)
    ,(#6383,#6384)
    ,(#6385,#6386)
    ,(#6387,#6388)
    ,(#6389,#6390
    )),.UNSPECIFIED.,.F.,.F.,.F.,(4,1,4),(2,2),(-1.219062939522E-002,
    -5.837017662398E-003,0.E+000),(0.E+000,1.E-004),.UNSPECIFIED.);
#6381 = CARTESIAN_POINT('',(2.261044629759,0.6,4.422756000284));
#6382 = CARTESIAN_POINT('',(2.261044629759,0.601,4.422756000284));
#6383 = CARTESIAN_POINT('',(2.262461371469,0.6,4.40108542203));
#6384 = CARTESIAN_POINT('',(2.262461371469,0.601,4.40108542203));
#6385 = CARTESIAN_POINT('',(2.265179663657,0.6,4.359506238507));
#6386 = CARTESIAN_POINT('',(2.265179663657,0.601,4.359506238507));
#6387 = CARTESIAN_POINT('',(2.290449188421,0.6,4.326499464955));
#6388 = CARTESIAN_POINT('',(2.290449188421,0.601,4.326499464955));
#6389 = CARTESIAN_POINT('',(2.302548536009,0.6,4.310695431057));
#6390 = CARTESIAN_POINT('',(2.302548536009,0.601,4.310695431057));
#6391 = ADVANCED_FACE('',(#6392),#6426,.T.);
#6392 = FACE_BOUND('',#6393,.T.);
#6393 = EDGE_LOOP('',(#6394,#6404,#6412,#6420));
#6394 = ORIENTED_EDGE('',*,*,#6395,.F.);
#6395 = EDGE_CURVE('',#6396,#6398,#6400,.T.);
#6396 = VERTEX_POINT('',#6397);
#6397 = CARTESIAN_POINT('',(2.619931348509,0.6,4.114162227932));
#6398 = VERTEX_POINT('',#6399);
#6399 = CARTESIAN_POINT('',(2.53252888555,0.6,4.120998172883));
#6400 = LINE('',#6401,#6402);
#6401 = CARTESIAN_POINT('',(2.619931348509,0.6,4.114162227932));
#6402 = VECTOR('',#6403,1.);
#6403 = DIRECTION('',(-0.996955381695,0.E+000,7.797414256653E-002));
#6404 = ORIENTED_EDGE('',*,*,#6405,.T.);
#6405 = EDGE_CURVE('',#6396,#6406,#6408,.T.);
#6406 = VERTEX_POINT('',#6407);
#6407 = CARTESIAN_POINT('',(2.619931348509,0.601,4.114162227932));
#6408 = LINE('',#6409,#6410);
#6409 = CARTESIAN_POINT('',(2.619931348509,0.6,4.114162227932));
#6410 = VECTOR('',#6411,1.);
#6411 = DIRECTION('',(0.E+000,1.,0.E+000));
#6412 = ORIENTED_EDGE('',*,*,#6413,.F.);
#6413 = EDGE_CURVE('',#6414,#6406,#6416,.T.);
#6414 = VERTEX_POINT('',#6415);
#6415 = CARTESIAN_POINT('',(2.53252888555,0.601,4.120998172883));
#6416 = LINE('',#6417,#6418);
#6417 = CARTESIAN_POINT('',(2.619931348509,0.601,4.114162227932));
#6418 = VECTOR('',#6419,1.);
#6419 = DIRECTION('',(0.996955381695,0.E+000,-7.797414256653E-002));
#6420 = ORIENTED_EDGE('',*,*,#6421,.F.);
#6421 = EDGE_CURVE('',#6398,#6414,#6422,.T.);
#6422 = LINE('',#6423,#6424);
#6423 = CARTESIAN_POINT('',(2.53252888555,0.6,4.120998172883));
#6424 = VECTOR('',#6425,1.);
#6425 = DIRECTION('',(0.E+000,1.,0.E+000));
#6426 = PLANE('',#6427);
#6427 = AXIS2_PLACEMENT_3D('',#6428,#6429,#6430);
#6428 = CARTESIAN_POINT('',(2.53252888555,0.6,4.120998172883));
#6429 = DIRECTION('',(7.797414256653E-002,0.E+000,0.996955381695));
#6430 = DIRECTION('',(0.996955381695,0.E+000,-7.797414256653E-002));
#6431 = ADVANCED_FACE('',(#6432),#6461,.T.);
#6432 = FACE_BOUND('',#6433,.T.);
#6433 = EDGE_LOOP('',(#6434,#6444,#6445,#6455));
#6434 = ORIENTED_EDGE('',*,*,#6435,.F.);
#6435 = EDGE_CURVE('',#6398,#6436,#6438,.T.);
#6436 = VERTEX_POINT('',#6437);
#6437 = CARTESIAN_POINT('',(2.499325820154,0.6,4.045802852932));
#6438 = B_SPLINE_CURVE_WITH_KNOTS('',3,(#6439,#6440,#6441,#6442,#6443),
  .UNSPECIFIED.,.F.,.F.,(4,1,4),(0.E+000,4.686800396483E-003,
    8.283960524112E-003),.UNSPECIFIED.);
#6439 = CARTESIAN_POINT('',(2.53252888555,0.6,4.120998172883));
#6440 = CARTESIAN_POINT('',(2.528813198546,0.6,4.105642051296));
#6441 = CARTESIAN_POINT('',(2.522245689403,0.6,4.078499972635));
#6442 = CARTESIAN_POINT('',(2.506265101575,0.6,4.055702321066));
#6443 = CARTESIAN_POINT('',(2.499325820154,0.6,4.045802852932));
#6444 = ORIENTED_EDGE('',*,*,#6421,.T.);
#6445 = ORIENTED_EDGE('',*,*,#6446,.F.);
#6446 = EDGE_CURVE('',#6447,#6414,#6449,.T.);
#6447 = VERTEX_POINT('',#6448);
#6448 = CARTESIAN_POINT('',(2.499325820154,0.601,4.045802852932));
#6449 = B_SPLINE_CURVE_WITH_KNOTS('',3,(#6450,#6451,#6452,#6453,#6454),
  .UNSPECIFIED.,.F.,.F.,(4,1,4),(-8.283960524112E-003,
    -4.686800396483E-003,0.E+000),.UNSPECIFIED.);
#6450 = CARTESIAN_POINT('',(2.499325820154,0.601,4.045802852932));
#6451 = CARTESIAN_POINT('',(2.506265101575,0.601,4.055702321066));
#6452 = CARTESIAN_POINT('',(2.522245689403,0.601,4.078499972635));
#6453 = CARTESIAN_POINT('',(2.528813198546,0.601,4.105642051296));
#6454 = CARTESIAN_POINT('',(2.53252888555,0.601,4.120998172883));
#6455 = ORIENTED_EDGE('',*,*,#6456,.F.);
#6456 = EDGE_CURVE('',#6436,#6447,#6457,.T.);
#6457 = LINE('',#6458,#6459);
#6458 = CARTESIAN_POINT('',(2.499325820154,0.6,4.045802852932));
#6459 = VECTOR('',#6460,1.);
#6460 = DIRECTION('',(0.E+000,1.,0.E+000));
#6461 = B_SPLINE_SURFACE_WITH_KNOTS('',3,1,(
    (#6462,#6463)
    ,(#6464,#6465)
    ,(#6466,#6467)
    ,(#6468,#6469)
    ,(#6470,#6471
    )),.UNSPECIFIED.,.F.,.F.,.F.,(4,1,4),(2,2),(-8.283960524112E-003,
    -4.686800396483E-003,0.E+000),(0.E+000,1.E-004),.UNSPECIFIED.);
#6462 = CARTESIAN_POINT('',(2.499325820154,0.6,4.045802852932));
#6463 = CARTESIAN_POINT('',(2.499325820154,0.601,4.045802852932));
#6464 = CARTESIAN_POINT('',(2.506265101575,0.6,4.055702321066));
#6465 = CARTESIAN_POINT('',(2.506265101575,0.601,4.055702321066));
#6466 = CARTESIAN_POINT('',(2.522245689403,0.6,4.078499972635));
#6467 = CARTESIAN_POINT('',(2.522245689403,0.601,4.078499972635));
#6468 = CARTESIAN_POINT('',(2.528813198546,0.6,4.105642051296));
#6469 = CARTESIAN_POINT('',(2.528813198546,0.601,4.105642051296));
#6470 = CARTESIAN_POINT('',(2.53252888555,0.6,4.120998172883));
#6471 = CARTESIAN_POINT('',(2.53252888555,0.601,4.120998172883));
#6472 = ADVANCED_FACE('',(#6473),#6502,.T.);
#6473 = FACE_BOUND('',#6474,.T.);
#6474 = EDGE_LOOP('',(#6475,#6485,#6486,#6496));
#6475 = ORIENTED_EDGE('',*,*,#6476,.F.);
#6476 = EDGE_CURVE('',#6436,#6477,#6479,.T.);
#6477 = VERTEX_POINT('',#6478);
#6478 = CARTESIAN_POINT('',(2.411435195154,0.6,4.008205174331));
#6479 = B_SPLINE_CURVE_WITH_KNOTS('',3,(#6480,#6481,#6482,#6483,#6484),
  .UNSPECIFIED.,.F.,.F.,(4,1,4),(0.E+000,4.877268413495E-003,
    9.777828371968E-003),.UNSPECIFIED.);
#6480 = CARTESIAN_POINT('',(2.499325820154,0.6,4.045802852932));
#6481 = CARTESIAN_POINT('',(2.486731941224,0.6,4.034836885726));
#6482 = CARTESIAN_POINT('',(2.461484040908,0.6,4.012852582999));
#6483 = CARTESIAN_POINT('',(2.428144616103,0.6,4.00975676871));
#6484 = CARTESIAN_POINT('',(2.411435195154,0.6,4.008205174331));
#6485 = ORIENTED_EDGE('',*,*,#6456,.T.);
#6486 = ORIENTED_EDGE('',*,*,#6487,.F.);
#6487 = EDGE_CURVE('',#6488,#6447,#6490,.T.);
#6488 = VERTEX_POINT('',#6489);
#6489 = CARTESIAN_POINT('',(2.411435195154,0.601,4.008205174331));
#6490 = B_SPLINE_CURVE_WITH_KNOTS('',3,(#6491,#6492,#6493,#6494,#6495),
  .UNSPECIFIED.,.F.,.F.,(4,1,4),(-9.777828371968E-003,
    -4.877268413495E-003,0.E+000),.UNSPECIFIED.);
#6491 = CARTESIAN_POINT('',(2.411435195154,0.601,4.008205174331));
#6492 = CARTESIAN_POINT('',(2.428144616103,0.601,4.00975676871));
#6493 = CARTESIAN_POINT('',(2.461484040908,0.601,4.012852582999));
#6494 = CARTESIAN_POINT('',(2.486731941224,0.601,4.034836885726));
#6495 = CARTESIAN_POINT('',(2.499325820154,0.601,4.045802852932));
#6496 = ORIENTED_EDGE('',*,*,#6497,.F.);
#6497 = EDGE_CURVE('',#6477,#6488,#6498,.T.);
#6498 = LINE('',#6499,#6500);
#6499 = CARTESIAN_POINT('',(2.411435195154,0.6,4.008205174331));
#6500 = VECTOR('',#6501,1.);
#6501 = DIRECTION('',(0.E+000,1.,0.E+000));
#6502 = B_SPLINE_SURFACE_WITH_KNOTS('',3,1,(
    (#6503,#6504)
    ,(#6505,#6506)
    ,(#6507,#6508)
    ,(#6509,#6510)
    ,(#6511,#6512
    )),.UNSPECIFIED.,.F.,.F.,.F.,(4,1,4),(2,2),(-9.777828371968E-003,
    -4.877268413495E-003,0.E+000),(0.E+000,1.E-004),.UNSPECIFIED.);
#6503 = CARTESIAN_POINT('',(2.411435195154,0.6,4.008205174331));
#6504 = CARTESIAN_POINT('',(2.411435195154,0.601,4.008205174331));
#6505 = CARTESIAN_POINT('',(2.428144616103,0.6,4.00975676871));
#6506 = CARTESIAN_POINT('',(2.428144616103,0.601,4.00975676871));
#6507 = CARTESIAN_POINT('',(2.461484040908,0.6,4.012852582999));
#6508 = CARTESIAN_POINT('',(2.461484040908,0.601,4.012852582999));
#6509 = CARTESIAN_POINT('',(2.486731941224,0.6,4.034836885726));
#6510 = CARTESIAN_POINT('',(2.486731941224,0.601,4.034836885726));
#6511 = CARTESIAN_POINT('',(2.499325820154,0.6,4.045802852932));
#6512 = CARTESIAN_POINT('',(2.499325820154,0.601,4.045802852932));
#6513 = ADVANCED_FACE('',(#6514),#6543,.T.);
#6514 = FACE_BOUND('',#6515,.T.);
#6515 = EDGE_LOOP('',(#6516,#6526,#6527,#6537));
#6516 = ORIENTED_EDGE('',*,*,#6517,.F.);
#6517 = EDGE_CURVE('',#6477,#6518,#6520,.T.);
#6518 = VERTEX_POINT('',#6519);
#6519 = CARTESIAN_POINT('',(2.337704696602,0.6,4.031642689232));
#6520 = B_SPLINE_CURVE_WITH_KNOTS('',3,(#6521,#6522,#6523,#6524,#6525),
  .UNSPECIFIED.,.F.,.F.,(4,1,4),(0.E+000,3.986176445557E-003,
    7.840523881767E-003),.UNSPECIFIED.);
#6521 = CARTESIAN_POINT('',(2.411435195154,0.6,4.008205174331));
#6522 = CARTESIAN_POINT('',(2.397957245768,0.6,4.009114373702));
#6523 = CARTESIAN_POINT('',(2.371447083591,0.6,4.010902703818));
#6524 = CARTESIAN_POINT('',(2.348825373286,0.6,4.024807290412));
#6525 = CARTESIAN_POINT('',(2.337704696602,0.6,4.031642689232));
#6526 = ORIENTED_EDGE('',*,*,#6497,.T.);
#6527 = ORIENTED_EDGE('',*,*,#6528,.F.);
#6528 = EDGE_CURVE('',#6529,#6488,#6531,.T.);
#6529 = VERTEX_POINT('',#6530);
#6530 = CARTESIAN_POINT('',(2.337704696602,0.601,4.031642689232));
#6531 = B_SPLINE_CURVE_WITH_KNOTS('',3,(#6532,#6533,#6534,#6535,#6536),
  .UNSPECIFIED.,.F.,.F.,(4,1,4),(-7.840523881767E-003,
    -3.986176445557E-003,0.E+000),.UNSPECIFIED.);
#6532 = CARTESIAN_POINT('',(2.337704696602,0.601,4.031642689232));
#6533 = CARTESIAN_POINT('',(2.348825373286,0.601,4.024807290412));
#6534 = CARTESIAN_POINT('',(2.371447083591,0.601,4.010902703818));
#6535 = CARTESIAN_POINT('',(2.397957245768,0.601,4.009114373702));
#6536 = CARTESIAN_POINT('',(2.411435195154,0.601,4.008205174331));
#6537 = ORIENTED_EDGE('',*,*,#6538,.F.);
#6538 = EDGE_CURVE('',#6518,#6529,#6539,.T.);
#6539 = LINE('',#6540,#6541);
#6540 = CARTESIAN_POINT('',(2.337704696602,0.6,4.031642689232));
#6541 = VECTOR('',#6542,1.);
#6542 = DIRECTION('',(0.E+000,1.,0.E+000));
#6543 = B_SPLINE_SURFACE_WITH_KNOTS('',3,1,(
    (#6544,#6545)
    ,(#6546,#6547)
    ,(#6548,#6549)
    ,(#6550,#6551)
    ,(#6552,#6553
    )),.UNSPECIFIED.,.F.,.F.,.F.,(4,1,4),(2,2),(-7.840523881767E-003,
    -3.986176445557E-003,0.E+000),(0.E+000,1.E-004),.UNSPECIFIED.);
#6544 = CARTESIAN_POINT('',(2.337704696602,0.6,4.031642689232));
#6545 = CARTESIAN_POINT('',(2.337704696602,0.601,4.031642689232));
#6546 = CARTESIAN_POINT('',(2.348825373286,0.6,4.024807290412));
#6547 = CARTESIAN_POINT('',(2.348825373286,0.601,4.024807290412));
#6548 = CARTESIAN_POINT('',(2.371447083591,0.6,4.010902703818));
#6549 = CARTESIAN_POINT('',(2.371447083591,0.601,4.010902703818));
#6550 = CARTESIAN_POINT('',(2.397957245768,0.6,4.009114373702));
#6551 = CARTESIAN_POINT('',(2.397957245768,0.601,4.009114373702));
#6552 = CARTESIAN_POINT('',(2.411435195154,0.6,4.008205174331));
#6553 = CARTESIAN_POINT('',(2.411435195154,0.601,4.008205174331));
#6554 = ADVANCED_FACE('',(#6555),#6584,.T.);
#6555 = FACE_BOUND('',#6556,.T.);
#6556 = EDGE_LOOP('',(#6557,#6567,#6568,#6578));
#6557 = ORIENTED_EDGE('',*,*,#6558,.F.);
#6558 = EDGE_CURVE('',#6518,#6559,#6561,.T.);
#6559 = VERTEX_POINT('',#6560);
#6560 = CARTESIAN_POINT('',(2.272275038904,0.6,4.120021625284));
#6561 = B_SPLINE_CURVE_WITH_KNOTS('',3,(#6562,#6563,#6564,#6565,#6566),
  .UNSPECIFIED.,.F.,.F.,(4,1,4),(0.E+000,5.25669900683E-003,
    1.110315308861E-002),.UNSPECIFIED.);
#6562 = CARTESIAN_POINT('',(2.337704696602,0.6,4.031642689232));
#6563 = CARTESIAN_POINT('',(2.324415949725,0.6,4.043362214391));
#6564 = CARTESIAN_POINT('',(2.296347576257,0.6,4.068116091643));
#6565 = CARTESIAN_POINT('',(2.280578416254,0.6,4.102117769698));
#6566 = CARTESIAN_POINT('',(2.272275038904,0.6,4.120021625284));
#6567 = ORIENTED_EDGE('',*,*,#6538,.T.);
#6568 = ORIENTED_EDGE('',*,*,#6569,.F.);
#6569 = EDGE_CURVE('',#6570,#6529,#6572,.T.);
#6570 = VERTEX_POINT('',#6571);
#6571 = CARTESIAN_POINT('',(2.272275038904,0.601,4.120021625284));
#6572 = B_SPLINE_CURVE_WITH_KNOTS('',3,(#6573,#6574,#6575,#6576,#6577),
  .UNSPECIFIED.,.F.,.F.,(4,1,4),(-1.110315308861E-002,
    -5.25669900683E-003,0.E+000),.UNSPECIFIED.);
#6573 = CARTESIAN_POINT('',(2.272275038904,0.601,4.120021625284));
#6574 = CARTESIAN_POINT('',(2.280578416254,0.601,4.102117769698));
#6575 = CARTESIAN_POINT('',(2.296347576257,0.601,4.068116091643));
#6576 = CARTESIAN_POINT('',(2.324415949725,0.601,4.043362214391));
#6577 = CARTESIAN_POINT('',(2.337704696602,0.601,4.031642689232));
#6578 = ORIENTED_EDGE('',*,*,#6579,.F.);
#6579 = EDGE_CURVE('',#6559,#6570,#6580,.T.);
#6580 = LINE('',#6581,#6582);
#6581 = CARTESIAN_POINT('',(2.272275038904,0.6,4.120021625284));
#6582 = VECTOR('',#6583,1.);
#6583 = DIRECTION('',(0.E+000,1.,0.E+000));
#6584 = B_SPLINE_SURFACE_WITH_KNOTS('',3,1,(
    (#6585,#6586)
    ,(#6587,#6588)
    ,(#6589,#6590)
    ,(#6591,#6592)
    ,(#6593,#6594
    )),.UNSPECIFIED.,.F.,.F.,.F.,(4,1,4),(2,2),(-1.110315308861E-002,
    -5.25669900683E-003,0.E+000),(0.E+000,1.E-004),.UNSPECIFIED.);
#6585 = CARTESIAN_POINT('',(2.272275038904,0.6,4.120021625284));
#6586 = CARTESIAN_POINT('',(2.272275038904,0.601,4.120021625284));
#6587 = CARTESIAN_POINT('',(2.280578416254,0.6,4.102117769698));
#6588 = CARTESIAN_POINT('',(2.280578416254,0.601,4.102117769698));
#6589 = CARTESIAN_POINT('',(2.296347576257,0.6,4.068116091643));
#6590 = CARTESIAN_POINT('',(2.296347576257,0.601,4.068116091643));
#6591 = CARTESIAN_POINT('',(2.324415949725,0.6,4.043362214391));
#6592 = CARTESIAN_POINT('',(2.324415949725,0.601,4.043362214391));
#6593 = CARTESIAN_POINT('',(2.337704696602,0.6,4.031642689232));
#6594 = CARTESIAN_POINT('',(2.337704696602,0.601,4.031642689232));
#6595 = ADVANCED_FACE('',(#6596),#6625,.T.);
#6596 = FACE_BOUND('',#6597,.T.);
#6597 = EDGE_LOOP('',(#6598,#6608,#6609,#6619));
#6598 = ORIENTED_EDGE('',*,*,#6599,.F.);
#6599 = EDGE_CURVE('',#6559,#6600,#6602,.T.);
#6600 = VERTEX_POINT('',#6601);
#6601 = CARTESIAN_POINT('',(2.247372665352,0.6,4.285548976485));
#6602 = B_SPLINE_CURVE_WITH_KNOTS('',3,(#6603,#6604,#6605,#6606,#6607),
  .UNSPECIFIED.,.F.,.F.,(4,1,4),(0.E+000,7.274508325261E-003,
    1.680745758379E-002),.UNSPECIFIED.);
#6603 = CARTESIAN_POINT('',(2.272275038904,0.6,4.120021625284));
#6604 = CARTESIAN_POINT('',(2.265269803427,0.6,4.143346181797));
#6605 = CARTESIAN_POINT('',(2.249084489879,0.6,4.197236627271));
#6606 = CARTESIAN_POINT('',(2.247992197786,0.6,4.253587543657));
#6607 = CARTESIAN_POINT('',(2.247372665352,0.6,4.285548976485));
#6608 = ORIENTED_EDGE('',*,*,#6579,.T.);
#6609 = ORIENTED_EDGE('',*,*,#6610,.F.);
#6610 = EDGE_CURVE('',#6611,#6570,#6613,.T.);
#6611 = VERTEX_POINT('',#6612);
#6612 = CARTESIAN_POINT('',(2.247372665352,0.601,4.285548976485));
#6613 = B_SPLINE_CURVE_WITH_KNOTS('',3,(#6614,#6615,#6616,#6617,#6618),
  .UNSPECIFIED.,.F.,.F.,(4,1,4),(-1.680745758379E-002,
    -7.274508325261E-003,0.E+000),.UNSPECIFIED.);
#6614 = CARTESIAN_POINT('',(2.247372665352,0.601,4.285548976485));
#6615 = CARTESIAN_POINT('',(2.247992197786,0.601,4.253587543657));
#6616 = CARTESIAN_POINT('',(2.249084489879,0.601,4.197236627271));
#6617 = CARTESIAN_POINT('',(2.265269803427,0.601,4.143346181797));
#6618 = CARTESIAN_POINT('',(2.272275038904,0.601,4.120021625284));
#6619 = ORIENTED_EDGE('',*,*,#6620,.F.);
#6620 = EDGE_CURVE('',#6600,#6611,#6621,.T.);
#6621 = LINE('',#6622,#6623);
#6622 = CARTESIAN_POINT('',(2.247372665352,0.6,4.285548976485));
#6623 = VECTOR('',#6624,1.);
#6624 = DIRECTION('',(0.E+000,1.,0.E+000));
#6625 = B_SPLINE_SURFACE_WITH_KNOTS('',3,1,(
    (#6626,#6627)
    ,(#6628,#6629)
    ,(#6630,#6631)
    ,(#6632,#6633)
    ,(#6634,#6635
    )),.UNSPECIFIED.,.F.,.F.,.F.,(4,1,4),(2,2),(-1.680745758379E-002,
    -7.274508325261E-003,0.E+000),(0.E+000,1.E-004),.UNSPECIFIED.);
#6626 = CARTESIAN_POINT('',(2.247372665352,0.6,4.285548976485));
#6627 = CARTESIAN_POINT('',(2.247372665352,0.601,4.285548976485));
#6628 = CARTESIAN_POINT('',(2.247992197786,0.6,4.253587543657));
#6629 = CARTESIAN_POINT('',(2.247992197786,0.601,4.253587543657));
#6630 = CARTESIAN_POINT('',(2.249084489879,0.6,4.197236627271));
#6631 = CARTESIAN_POINT('',(2.249084489879,0.601,4.197236627271));
#6632 = CARTESIAN_POINT('',(2.265269803427,0.6,4.143346181797));
#6633 = CARTESIAN_POINT('',(2.265269803427,0.601,4.143346181797));
#6634 = CARTESIAN_POINT('',(2.272275038904,0.6,4.120021625284));
#6635 = CARTESIAN_POINT('',(2.272275038904,0.601,4.120021625284));
#6636 = ADVANCED_FACE('',(#6637),#6666,.T.);
#6637 = FACE_BOUND('',#6638,.T.);
#6638 = EDGE_LOOP('',(#6639,#6649,#6650,#6660));
#6639 = ORIENTED_EDGE('',*,*,#6640,.F.);
#6640 = EDGE_CURVE('',#6600,#6641,#6643,.T.);
#6641 = VERTEX_POINT('',#6642);
#6642 = CARTESIAN_POINT('',(2.3250093543,0.6,4.213771610383));
#6643 = B_SPLINE_CURVE_WITH_KNOTS('',3,(#6644,#6645,#6646,#6647,#6648),
  .UNSPECIFIED.,.F.,.F.,(4,1,4),(0.E+000,5.493789855757E-003,
    1.066498784274E-002),.UNSPECIFIED.);
#6644 = CARTESIAN_POINT('',(2.247372665352,0.6,4.285548976485));
#6645 = CARTESIAN_POINT('',(2.25829740827,0.6,4.270600778881));
#6646 = CARTESIAN_POINT('',(2.279505400105,0.6,4.24158213239));
#6647 = CARTESIAN_POINT('',(2.310150349811,0.6,4.222852945811));
#6648 = CARTESIAN_POINT('',(2.3250093543,0.6,4.213771610383));
#6649 = ORIENTED_EDGE('',*,*,#6620,.T.);
#6650 = ORIENTED_EDGE('',*,*,#6651,.F.);
#6651 = EDGE_CURVE('',#6652,#6611,#6654,.T.);
#6652 = VERTEX_POINT('',#6653);
#6653 = CARTESIAN_POINT('',(2.3250093543,0.601,4.213771610383));
#6654 = B_SPLINE_CURVE_WITH_KNOTS('',3,(#6655,#6656,#6657,#6658,#6659),
  .UNSPECIFIED.,.F.,.F.,(4,1,4),(-1.066498784274E-002,
    -5.493789855757E-003,0.E+000),.UNSPECIFIED.);
#6655 = CARTESIAN_POINT('',(2.3250093543,0.601,4.213771610383));
#6656 = CARTESIAN_POINT('',(2.310150349811,0.601,4.222852945811));
#6657 = CARTESIAN_POINT('',(2.279505400105,0.601,4.24158213239));
#6658 = CARTESIAN_POINT('',(2.25829740827,0.601,4.270600778881));
#6659 = CARTESIAN_POINT('',(2.247372665352,0.601,4.285548976485));
#6660 = ORIENTED_EDGE('',*,*,#6661,.F.);
#6661 = EDGE_CURVE('',#6641,#6652,#6662,.T.);
#6662 = LINE('',#6663,#6664);
#6663 = CARTESIAN_POINT('',(2.3250093543,0.6,4.213771610383));
#6664 = VECTOR('',#6665,1.);
#6665 = DIRECTION('',(0.E+000,1.,0.E+000));
#6666 = B_SPLINE_SURFACE_WITH_KNOTS('',3,1,(
    (#6667,#6668)
    ,(#6669,#6670)
    ,(#6671,#6672)
    ,(#6673,#6674)
    ,(#6675,#6676
    )),.UNSPECIFIED.,.F.,.F.,.F.,(4,1,4),(2,2),(-1.066498784274E-002,
    -5.493789855757E-003,0.E+000),(0.E+000,1.E-004),.UNSPECIFIED.);
#6667 = CARTESIAN_POINT('',(2.3250093543,0.6,4.213771610383));
#6668 = CARTESIAN_POINT('',(2.3250093543,0.601,4.213771610383));
#6669 = CARTESIAN_POINT('',(2.310150349811,0.6,4.222852945811));
#6670 = CARTESIAN_POINT('',(2.310150349811,0.601,4.222852945811));
#6671 = CARTESIAN_POINT('',(2.279505400105,0.6,4.24158213239));
#6672 = CARTESIAN_POINT('',(2.279505400105,0.601,4.24158213239));
#6673 = CARTESIAN_POINT('',(2.25829740827,0.6,4.270600778881));
#6674 = CARTESIAN_POINT('',(2.25829740827,0.601,4.270600778881));
#6675 = CARTESIAN_POINT('',(2.247372665352,0.6,4.285548976485));
#6676 = CARTESIAN_POINT('',(2.247372665352,0.601,4.285548976485));
#6677 = ADVANCED_FACE('',(#6678),#6707,.T.);
#6678 = FACE_BOUND('',#6679,.T.);
#6679 = EDGE_LOOP('',(#6680,#6690,#6691,#6701));
#6680 = ORIENTED_EDGE('',*,*,#6681,.F.);
#6681 = EDGE_CURVE('',#6641,#6682,#6684,.T.);
#6682 = VERTEX_POINT('',#6683);
#6683 = CARTESIAN_POINT('',(2.421200820154,0.6,4.190334132735));
#6684 = B_SPLINE_CURVE_WITH_KNOTS('',3,(#6685,#6686,#6687,#6688,#6689),
  .UNSPECIFIED.,.F.,.F.,(4,1,4),(0.E+000,5.017697520556E-003,
    9.971893714163E-003),.UNSPECIFIED.);
#6685 = CARTESIAN_POINT('',(2.3250093543,0.6,4.213771610383));
#6686 = CARTESIAN_POINT('',(2.340437961599,0.6,4.206935754436));
#6687 = CARTESIAN_POINT('',(2.3710999199,0.6,4.193350553521));
#6688 = CARTESIAN_POINT('',(2.404571569569,0.6,4.191335328659));
#6689 = CARTESIAN_POINT('',(2.421200820154,0.6,4.190334132735));
#6690 = ORIENTED_EDGE('',*,*,#6661,.T.);
#6691 = ORIENTED_EDGE('',*,*,#6692,.F.);
#6692 = EDGE_CURVE('',#6693,#6652,#6695,.T.);
#6693 = VERTEX_POINT('',#6694);
#6694 = CARTESIAN_POINT('',(2.421200820154,0.601,4.190334132735));
#6695 = B_SPLINE_CURVE_WITH_KNOTS('',3,(#6696,#6697,#6698,#6699,#6700),
  .UNSPECIFIED.,.F.,.F.,(4,1,4),(-9.971893714163E-003,
    -5.017697520556E-003,0.E+000),.UNSPECIFIED.);
#6696 = CARTESIAN_POINT('',(2.421200820154,0.601,4.190334132735));
#6697 = CARTESIAN_POINT('',(2.404571569569,0.601,4.191335328659));
#6698 = CARTESIAN_POINT('',(2.3710999199,0.601,4.193350553521));
#6699 = CARTESIAN_POINT('',(2.340437961599,0.601,4.206935754436));
#6700 = CARTESIAN_POINT('',(2.3250093543,0.601,4.213771610383));
#6701 = ORIENTED_EDGE('',*,*,#6702,.F.);
#6702 = EDGE_CURVE('',#6682,#6693,#6703,.T.);
#6703 = LINE('',#6704,#6705);
#6704 = CARTESIAN_POINT('',(2.421200820154,0.6,4.190334132735));
#6705 = VECTOR('',#6706,1.);
#6706 = DIRECTION('',(0.E+000,1.,0.E+000));
#6707 = B_SPLINE_SURFACE_WITH_KNOTS('',3,1,(
    (#6708,#6709)
    ,(#6710,#6711)
    ,(#6712,#6713)
    ,(#6714,#6715)
    ,(#6716,#6717
    )),.UNSPECIFIED.,.F.,.F.,.F.,(4,1,4),(2,2),(-9.971893714163E-003,
    -5.017697520556E-003,0.E+000),(0.E+000,1.E-004),.UNSPECIFIED.);
#6708 = CARTESIAN_POINT('',(2.421200820154,0.6,4.190334132735));
#6709 = CARTESIAN_POINT('',(2.421200820154,0.601,4.190334132735));
#6710 = CARTESIAN_POINT('',(2.404571569569,0.6,4.191335328659));
#6711 = CARTESIAN_POINT('',(2.404571569569,0.601,4.191335328659));
#6712 = CARTESIAN_POINT('',(2.3710999199,0.6,4.193350553521));
#6713 = CARTESIAN_POINT('',(2.3710999199,0.601,4.193350553521));
#6714 = CARTESIAN_POINT('',(2.340437961599,0.6,4.206935754436));
#6715 = CARTESIAN_POINT('',(2.340437961599,0.601,4.206935754436));
#6716 = CARTESIAN_POINT('',(2.3250093543,0.6,4.213771610383));
#6717 = CARTESIAN_POINT('',(2.3250093543,0.601,4.213771610383));
#6718 = ADVANCED_FACE('',(#6719),#6748,.T.);
#6719 = FACE_BOUND('',#6720,.T.);
#6720 = EDGE_LOOP('',(#6721,#6731,#6732,#6742));
#6721 = ORIENTED_EDGE('',*,*,#6722,.F.);
#6722 = EDGE_CURVE('',#6682,#6723,#6725,.T.);
#6723 = VERTEX_POINT('',#6724);
#6724 = CARTESIAN_POINT('',(2.570858993477,0.6,4.25503139836));
#6725 = B_SPLINE_CURVE_WITH_KNOTS('',3,(#6726,#6727,#6728,#6729,#6730),
  .UNSPECIFIED.,.F.,.F.,(4,1,4),(0.E+000,8.295203863547E-003,
    1.667322969575E-002),.UNSPECIFIED.);
#6726 = CARTESIAN_POINT('',(2.421200820154,0.6,4.190334132735));
#6727 = CARTESIAN_POINT('',(2.449459830184,0.6,4.193083017469));
#6728 = CARTESIAN_POINT('',(2.506259997238,0.6,4.198608232683));
#6729 = CARTESIAN_POINT('',(2.549254804473,0.6,4.236161496249));
#6730 = CARTESIAN_POINT('',(2.570858993477,0.6,4.25503139836));
#6731 = ORIENTED_EDGE('',*,*,#6702,.T.);
#6732 = ORIENTED_EDGE('',*,*,#6733,.F.);
#6733 = EDGE_CURVE('',#6734,#6693,#6736,.T.);
#6734 = VERTEX_POINT('',#6735);
#6735 = CARTESIAN_POINT('',(2.570858993477,0.601,4.25503139836));
#6736 = B_SPLINE_CURVE_WITH_KNOTS('',3,(#6737,#6738,#6739,#6740,#6741),
  .UNSPECIFIED.,.F.,.F.,(4,1,4),(-1.667322969575E-002,
    -8.295203863547E-003,0.E+000),.UNSPECIFIED.);
#6737 = CARTESIAN_POINT('',(2.570858993477,0.601,4.25503139836));
#6738 = CARTESIAN_POINT('',(2.549254804473,0.601,4.236161496249));
#6739 = CARTESIAN_POINT('',(2.506259997238,0.601,4.198608232683));
#6740 = CARTESIAN_POINT('',(2.449459830184,0.601,4.193083017469));
#6741 = CARTESIAN_POINT('',(2.421200820154,0.601,4.190334132735));
#6742 = ORIENTED_EDGE('',*,*,#6743,.F.);
#6743 = EDGE_CURVE('',#6723,#6734,#6744,.T.);
#6744 = LINE('',#6745,#6746);
#6745 = CARTESIAN_POINT('',(2.570858993477,0.6,4.25503139836));
#6746 = VECTOR('',#6747,1.);
#6747 = DIRECTION('',(0.E+000,1.,0.E+000));
#6748 = B_SPLINE_SURFACE_WITH_KNOTS('',3,1,(
    (#6749,#6750)
    ,(#6751,#6752)
    ,(#6753,#6754)
    ,(#6755,#6756)
    ,(#6757,#6758
    )),.UNSPECIFIED.,.F.,.F.,.F.,(4,1,4),(2,2),(-1.667322969575E-002,
    -8.295203863547E-003,0.E+000),(0.E+000,1.E-004),.UNSPECIFIED.);
#6749 = CARTESIAN_POINT('',(2.570858993477,0.6,4.25503139836));
#6750 = CARTESIAN_POINT('',(2.570858993477,0.601,4.25503139836));
#6751 = CARTESIAN_POINT('',(2.549254804473,0.6,4.236161496249));
#6752 = CARTESIAN_POINT('',(2.549254804473,0.601,4.236161496249));
#6753 = CARTESIAN_POINT('',(2.506259997238,0.6,4.198608232683));
#6754 = CARTESIAN_POINT('',(2.506259997238,0.601,4.198608232683));
#6755 = CARTESIAN_POINT('',(2.449459830184,0.6,4.193083017469));
#6756 = CARTESIAN_POINT('',(2.449459830184,0.601,4.193083017469));
#6757 = CARTESIAN_POINT('',(2.421200820154,0.6,4.190334132735));
#6758 = CARTESIAN_POINT('',(2.421200820154,0.601,4.190334132735));
#6759 = ADVANCED_FACE('',(#6760),#6789,.T.);
#6760 = FACE_BOUND('',#6761,.T.);
#6761 = EDGE_LOOP('',(#6762,#6772,#6773,#6783));
#6762 = ORIENTED_EDGE('',*,*,#6763,.F.);
#6763 = EDGE_CURVE('',#6723,#6764,#6766,.T.);
#6764 = VERTEX_POINT('',#6765);
#6765 = CARTESIAN_POINT('',(2.6326265418,0.6,4.422267689232));
#6766 = B_SPLINE_CURVE_WITH_KNOTS('',3,(#6767,#6768,#6769,#6770,#6771),
  .UNSPECIFIED.,.F.,.F.,(4,1,4),(0.E+000,8.743819754422E-003,
    1.817890145807E-002),.UNSPECIFIED.);
#6767 = CARTESIAN_POINT('',(2.570858993477,0.6,4.25503139836));
#6768 = CARTESIAN_POINT('',(2.588867412887,0.6,4.278780511082));
#6769 = CARTESIAN_POINT('',(2.626307947008,0.6,4.328156274995));
#6770 = CARTESIAN_POINT('',(2.63046761899,0.6,4.390111919549));
#6771 = CARTESIAN_POINT('',(2.6326265418,0.6,4.422267689232));
#6772 = ORIENTED_EDGE('',*,*,#6743,.T.);
#6773 = ORIENTED_EDGE('',*,*,#6774,.F.);
#6774 = EDGE_CURVE('',#6775,#6734,#6777,.T.);
#6775 = VERTEX_POINT('',#6776);
#6776 = CARTESIAN_POINT('',(2.6326265418,0.601,4.422267689232));
#6777 = B_SPLINE_CURVE_WITH_KNOTS('',3,(#6778,#6779,#6780,#6781,#6782),
  .UNSPECIFIED.,.F.,.F.,(4,1,4),(-1.817890145807E-002,
    -8.743819754422E-003,0.E+000),.UNSPECIFIED.);
#6778 = CARTESIAN_POINT('',(2.6326265418,0.601,4.422267689232));
#6779 = CARTESIAN_POINT('',(2.63046761899,0.601,4.390111919549));
#6780 = CARTESIAN_POINT('',(2.626307947008,0.601,4.328156274995));
#6781 = CARTESIAN_POINT('',(2.588867412887,0.601,4.278780511082));
#6782 = CARTESIAN_POINT('',(2.570858993477,0.601,4.25503139836));
#6783 = ORIENTED_EDGE('',*,*,#6784,.F.);
#6784 = EDGE_CURVE('',#6764,#6775,#6785,.T.);
#6785 = LINE('',#6786,#6787);
#6786 = CARTESIAN_POINT('',(2.6326265418,0.6,4.422267689232));
#6787 = VECTOR('',#6788,1.);
#6788 = DIRECTION('',(0.E+000,1.,0.E+000));
#6789 = B_SPLINE_SURFACE_WITH_KNOTS('',3,1,(
    (#6790,#6791)
    ,(#6792,#6793)
    ,(#6794,#6795)
    ,(#6796,#6797)
    ,(#6798,#6799
    )),.UNSPECIFIED.,.F.,.F.,.F.,(4,1,4),(2,2),(-1.817890145807E-002,
    -8.743819754422E-003,0.E+000),(0.E+000,1.E-004),.UNSPECIFIED.);
#6790 = CARTESIAN_POINT('',(2.6326265418,0.6,4.422267689232));
#6791 = CARTESIAN_POINT('',(2.6326265418,0.601,4.422267689232));
#6792 = CARTESIAN_POINT('',(2.63046761899,0.6,4.390111919549));
#6793 = CARTESIAN_POINT('',(2.63046761899,0.601,4.390111919549));
#6794 = CARTESIAN_POINT('',(2.626307947008,0.6,4.328156274995));
#6795 = CARTESIAN_POINT('',(2.626307947008,0.601,4.328156274995));
#6796 = CARTESIAN_POINT('',(2.588867412887,0.6,4.278780511082));
#6797 = CARTESIAN_POINT('',(2.588867412887,0.601,4.278780511082));
#6798 = CARTESIAN_POINT('',(2.570858993477,0.6,4.25503139836));
#6799 = CARTESIAN_POINT('',(2.570858993477,0.601,4.25503139836));
#6800 = ADVANCED_FACE('',(#6801),#6830,.T.);
#6801 = FACE_BOUND('',#6802,.T.);
#6802 = EDGE_LOOP('',(#6803,#6813,#6814,#6824));
#6803 = ORIENTED_EDGE('',*,*,#6804,.F.);
#6804 = EDGE_CURVE('',#6764,#6805,#6807,.T.);
#6805 = VERTEX_POINT('',#6806);
#6806 = CARTESIAN_POINT('',(2.603573896832,0.6,4.54751187456));
#6807 = B_SPLINE_CURVE_WITH_KNOTS('',3,(#6808,#6809,#6810,#6811,#6812),
  .UNSPECIFIED.,.F.,.F.,(4,1,4),(0.E+000,6.540695955978E-003,
    1.294682656289E-002),.UNSPECIFIED.);
#6808 = CARTESIAN_POINT('',(2.6326265418,0.6,4.422267689232));
#6809 = CARTESIAN_POINT('',(2.631467153937,0.6,4.444229470156));
#6810 = CARTESIAN_POINT('',(2.629172230938,0.6,4.487701200159));
#6811 = CARTESIAN_POINT('',(2.612047344593,0.6,4.527713608665));
#6812 = CARTESIAN_POINT('',(2.603573896832,0.6,4.54751187456));
#6813 = ORIENTED_EDGE('',*,*,#6784,.T.);
#6814 = ORIENTED_EDGE('',*,*,#6815,.F.);
#6815 = EDGE_CURVE('',#6816,#6775,#6818,.T.);
#6816 = VERTEX_POINT('',#6817);
#6817 = CARTESIAN_POINT('',(2.603573896832,0.601,4.54751187456));
#6818 = B_SPLINE_CURVE_WITH_KNOTS('',3,(#6819,#6820,#6821,#6822,#6823),
  .UNSPECIFIED.,.F.,.F.,(4,1,4),(-1.294682656289E-002,
    -6.540695955978E-003,0.E+000),.UNSPECIFIED.);
#6819 = CARTESIAN_POINT('',(2.603573896832,0.601,4.54751187456));
#6820 = CARTESIAN_POINT('',(2.612047344593,0.601,4.527713608665));
#6821 = CARTESIAN_POINT('',(2.629172230938,0.601,4.487701200159));
#6822 = CARTESIAN_POINT('',(2.631467153937,0.601,4.444229470156));
#6823 = CARTESIAN_POINT('',(2.6326265418,0.601,4.422267689232));
#6824 = ORIENTED_EDGE('',*,*,#6825,.F.);
#6825 = EDGE_CURVE('',#6805,#6816,#6826,.T.);
#6826 = LINE('',#6827,#6828);
#6827 = CARTESIAN_POINT('',(2.603573896832,0.6,4.54751187456));
#6828 = VECTOR('',#6829,1.);
#6829 = DIRECTION('',(0.E+000,1.,0.E+000));
#6830 = B_SPLINE_SURFACE_WITH_KNOTS('',3,1,(
    (#6831,#6832)
    ,(#6833,#6834)
    ,(#6835,#6836)
    ,(#6837,#6838)
    ,(#6839,#6840
    )),.UNSPECIFIED.,.F.,.F.,.F.,(4,1,4),(2,2),(-1.294682656289E-002,
    -6.540695955978E-003,0.E+000),(0.E+000,1.E-004),.UNSPECIFIED.);
#6831 = CARTESIAN_POINT('',(2.603573896832,0.6,4.54751187456));
#6832 = CARTESIAN_POINT('',(2.603573896832,0.601,4.54751187456));
#6833 = CARTESIAN_POINT('',(2.612047344593,0.6,4.527713608665));
#6834 = CARTESIAN_POINT('',(2.612047344593,0.601,4.527713608665));
#6835 = CARTESIAN_POINT('',(2.629172230938,0.6,4.487701200159));
#6836 = CARTESIAN_POINT('',(2.629172230938,0.601,4.487701200159));
#6837 = CARTESIAN_POINT('',(2.631467153937,0.6,4.444229470156));
#6838 = CARTESIAN_POINT('',(2.631467153937,0.601,4.444229470156));
#6839 = CARTESIAN_POINT('',(2.6326265418,0.6,4.422267689232));
#6840 = CARTESIAN_POINT('',(2.6326265418,0.601,4.422267689232));
#6841 = ADVANCED_FACE('',(#6842),#6871,.T.);
#6842 = FACE_BOUND('',#6843,.T.);
#6843 = EDGE_LOOP('',(#6844,#6854,#6855,#6865));
#6844 = ORIENTED_EDGE('',*,*,#6845,.F.);
#6845 = EDGE_CURVE('',#6805,#6846,#6848,.T.);
#6846 = VERTEX_POINT('',#6847);
#6847 = CARTESIAN_POINT('',(2.523739882654,0.6,4.636134891633));
#6848 = B_SPLINE_CURVE_WITH_KNOTS('',3,(#6849,#6850,#6851,#6852,#6853),
  .UNSPECIFIED.,.F.,.F.,(4,1,4),(0.E+000,6.163623649804E-003,
    1.205051027189E-002),.UNSPECIFIED.);
#6849 = CARTESIAN_POINT('',(2.603573896832,0.6,4.54751187456));
#6850 = CARTESIAN_POINT('',(2.593186822505,0.6,4.565545328056));
#6851 = CARTESIAN_POINT('',(2.572879037185,0.6,4.600802561289));
#6852 = CARTESIAN_POINT('',(2.539866895572,0.6,4.62453914984));
#6853 = CARTESIAN_POINT('',(2.523739882654,0.6,4.636134891633));
#6854 = ORIENTED_EDGE('',*,*,#6825,.T.);
#6855 = ORIENTED_EDGE('',*,*,#6856,.F.);
#6856 = EDGE_CURVE('',#6857,#6816,#6859,.T.);
#6857 = VERTEX_POINT('',#6858);
#6858 = CARTESIAN_POINT('',(2.523739882654,0.601,4.636134891633));
#6859 = B_SPLINE_CURVE_WITH_KNOTS('',3,(#6860,#6861,#6862,#6863,#6864),
  .UNSPECIFIED.,.F.,.F.,(4,1,4),(-1.205051027189E-002,
    -6.163623649804E-003,0.E+000),.UNSPECIFIED.);
#6860 = CARTESIAN_POINT('',(2.523739882654,0.601,4.636134891633));
#6861 = CARTESIAN_POINT('',(2.539866895572,0.601,4.62453914984));
#6862 = CARTESIAN_POINT('',(2.572879037185,0.601,4.600802561289));
#6863 = CARTESIAN_POINT('',(2.593186822505,0.601,4.565545328056));
#6864 = CARTESIAN_POINT('',(2.603573896832,0.601,4.54751187456));
#6865 = ORIENTED_EDGE('',*,*,#6866,.F.);
#6866 = EDGE_CURVE('',#6846,#6857,#6867,.T.);
#6867 = LINE('',#6868,#6869);
#6868 = CARTESIAN_POINT('',(2.523739882654,0.6,4.636134891633));
#6869 = VECTOR('',#6870,1.);
#6870 = DIRECTION('',(0.E+000,1.,0.E+000));
#6871 = B_SPLINE_SURFACE_WITH_KNOTS('',3,1,(
    (#6872,#6873)
    ,(#6874,#6875)
    ,(#6876,#6877)
    ,(#6878,#6879)
    ,(#6880,#6881
    )),.UNSPECIFIED.,.F.,.F.,.F.,(4,1,4),(2,2),(-1.205051027189E-002,
    -6.163623649804E-003,0.E+000),(0.E+000,1.E-004),.UNSPECIFIED.);
#6872 = CARTESIAN_POINT('',(2.523739882654,0.6,4.636134891633));
#6873 = CARTESIAN_POINT('',(2.523739882654,0.601,4.636134891633));
#6874 = CARTESIAN_POINT('',(2.539866895572,0.6,4.62453914984));
#6875 = CARTESIAN_POINT('',(2.539866895572,0.601,4.62453914984));
#6876 = CARTESIAN_POINT('',(2.572879037185,0.6,4.600802561289));
#6877 = CARTESIAN_POINT('',(2.572879037185,0.601,4.600802561289));
#6878 = CARTESIAN_POINT('',(2.593186822505,0.6,4.565545328056));
#6879 = CARTESIAN_POINT('',(2.593186822505,0.601,4.565545328056));
#6880 = CARTESIAN_POINT('',(2.603573896832,0.6,4.54751187456));
#6881 = CARTESIAN_POINT('',(2.603573896832,0.601,4.54751187456));
#6882 = ADVANCED_FACE('',(#6883),#6912,.T.);
#6883 = FACE_BOUND('',#6884,.T.);
#6884 = EDGE_LOOP('',(#6885,#6895,#6896,#6906));
#6885 = ORIENTED_EDGE('',*,*,#6886,.F.);
#6886 = EDGE_CURVE('',#6846,#6887,#6889,.T.);
#6887 = VERTEX_POINT('',#6888);
#6888 = CARTESIAN_POINT('',(2.408505477852,0.6,4.666896625284));
#6889 = B_SPLINE_CURVE_WITH_KNOTS('',3,(#6890,#6891,#6892,#6893,#6894),
  .UNSPECIFIED.,.F.,.F.,(4,1,4),(0.E+000,5.890524717872E-003,
    1.204231386247E-002),.UNSPECIFIED.);
#6890 = CARTESIAN_POINT('',(2.523739882654,0.6,4.636134891633));
#6891 = CARTESIAN_POINT('',(2.506019514445,0.6,4.645105892133));
#6892 = CARTESIAN_POINT('',(2.469792820567,0.6,4.663445786938));
#6893 = CARTESIAN_POINT('',(2.429227950923,0.6,4.665729828005));
#6894 = CARTESIAN_POINT('',(2.408505477852,0.6,4.666896625284));
#6895 = ORIENTED_EDGE('',*,*,#6866,.T.);
#6896 = ORIENTED_EDGE('',*,*,#6897,.F.);
#6897 = EDGE_CURVE('',#6898,#6857,#6900,.T.);
#6898 = VERTEX_POINT('',#6899);
#6899 = CARTESIAN_POINT('',(2.408505477852,0.601,4.666896625284));
#6900 = B_SPLINE_CURVE_WITH_KNOTS('',3,(#6901,#6902,#6903,#6904,#6905),
  .UNSPECIFIED.,.F.,.F.,(4,1,4),(-1.204231386247E-002,
    -5.890524717872E-003,0.E+000),.UNSPECIFIED.);
#6901 = CARTESIAN_POINT('',(2.408505477852,0.601,4.666896625284));
#6902 = CARTESIAN_POINT('',(2.429227950923,0.601,4.665729828005));
#6903 = CARTESIAN_POINT('',(2.469792820567,0.601,4.663445786938));
#6904 = CARTESIAN_POINT('',(2.506019514445,0.601,4.645105892133));
#6905 = CARTESIAN_POINT('',(2.523739882654,0.601,4.636134891633));
#6906 = ORIENTED_EDGE('',*,*,#6907,.F.);
#6907 = EDGE_CURVE('',#6887,#6898,#6908,.T.);
#6908 = LINE('',#6909,#6910);
#6909 = CARTESIAN_POINT('',(2.408505477852,0.6,4.666896625284));
#6910 = VECTOR('',#6911,1.);
#6911 = DIRECTION('',(0.E+000,1.,0.E+000));
#6912 = B_SPLINE_SURFACE_WITH_KNOTS('',3,1,(
    (#6913,#6914)
    ,(#6915,#6916)
    ,(#6917,#6918)
    ,(#6919,#6920)
    ,(#6921,#6922
    )),.UNSPECIFIED.,.F.,.F.,.F.,(4,1,4),(2,2),(-1.204231386247E-002,
    -5.890524717872E-003,0.E+000),(0.E+000,1.E-004),.UNSPECIFIED.);
#6913 = CARTESIAN_POINT('',(2.408505477852,0.6,4.666896625284));
#6914 = CARTESIAN_POINT('',(2.408505477852,0.601,4.666896625284));
#6915 = CARTESIAN_POINT('',(2.429227950923,0.6,4.665729828005));
#6916 = CARTESIAN_POINT('',(2.429227950923,0.601,4.665729828005));
#6917 = CARTESIAN_POINT('',(2.469792820567,0.6,4.663445786938));
#6918 = CARTESIAN_POINT('',(2.469792820567,0.601,4.663445786938));
#6919 = CARTESIAN_POINT('',(2.506019514445,0.6,4.645105892133));
#6920 = CARTESIAN_POINT('',(2.506019514445,0.601,4.645105892133));
#6921 = CARTESIAN_POINT('',(2.523739882654,0.6,4.636134891633));
#6922 = CARTESIAN_POINT('',(2.523739882654,0.601,4.636134891633));
#6923 = ADVANCED_FACE('',(#6924),#6953,.T.);
#6924 = FACE_BOUND('',#6925,.T.);
#6925 = EDGE_LOOP('',(#6926,#6936,#6937,#6947));
#6926 = ORIENTED_EDGE('',*,*,#6927,.F.);
#6927 = EDGE_CURVE('',#6887,#6928,#6930,.T.);
#6928 = VERTEX_POINT('',#6929);
#6929 = CARTESIAN_POINT('',(2.229306348509,0.6,4.586086063508));
#6930 = B_SPLINE_CURVE_WITH_KNOTS('',3,(#6931,#6932,#6933,#6934,#6935),
  .UNSPECIFIED.,.F.,.F.,(4,1,4),(0.E+000,1.017571862121E-002,
    2.016992743496E-002),.UNSPECIFIED.);
#6931 = CARTESIAN_POINT('',(2.408505477852,0.6,4.666896625284));
#6932 = CARTESIAN_POINT('',(2.373679128156,0.6,4.663652381627));
#6933 = CARTESIAN_POINT('',(2.304647645236,0.6,4.657221763644));
#6934 = CARTESIAN_POINT('',(2.2542689944,0.6,4.609655279461));
#6935 = CARTESIAN_POINT('',(2.229306348509,0.6,4.586086063508));
#6936 = ORIENTED_EDGE('',*,*,#6907,.T.);
#6937 = ORIENTED_EDGE('',*,*,#6938,.F.);
#6938 = EDGE_CURVE('',#6939,#6898,#6941,.T.);
#6939 = VERTEX_POINT('',#6940);
#6940 = CARTESIAN_POINT('',(2.229306348509,0.601,4.586086063508));
#6941 = B_SPLINE_CURVE_WITH_KNOTS('',3,(#6942,#6943,#6944,#6945,#6946),
  .UNSPECIFIED.,.F.,.F.,(4,1,4),(-2.016992743496E-002,
    -1.017571862121E-002,0.E+000),.UNSPECIFIED.);
#6942 = CARTESIAN_POINT('',(2.229306348509,0.601,4.586086063508));
#6943 = CARTESIAN_POINT('',(2.2542689944,0.601,4.609655279461));
#6944 = CARTESIAN_POINT('',(2.304647645236,0.601,4.657221763644));
#6945 = CARTESIAN_POINT('',(2.373679128156,0.601,4.663652381627));
#6946 = CARTESIAN_POINT('',(2.408505477852,0.601,4.666896625284));
#6947 = ORIENTED_EDGE('',*,*,#6948,.F.);
#6948 = EDGE_CURVE('',#6928,#6939,#6949,.T.);
#6949 = LINE('',#6950,#6951);
#6950 = CARTESIAN_POINT('',(2.229306348509,0.6,4.586086063508));
#6951 = VECTOR('',#6952,1.);
#6952 = DIRECTION('',(0.E+000,1.,0.E+000));
#6953 = B_SPLINE_SURFACE_WITH_KNOTS('',3,1,(
    (#6954,#6955)
    ,(#6956,#6957)
    ,(#6958,#6959)
    ,(#6960,#6961)
    ,(#6962,#6963
    )),.UNSPECIFIED.,.F.,.F.,.F.,(4,1,4),(2,2),(-2.016992743496E-002,
    -1.017571862121E-002,0.E+000),(0.E+000,1.E-004),.UNSPECIFIED.);
#6954 = CARTESIAN_POINT('',(2.229306348509,0.6,4.586086063508));
#6955 = CARTESIAN_POINT('',(2.229306348509,0.601,4.586086063508));
#6956 = CARTESIAN_POINT('',(2.2542689944,0.6,4.609655279461));
#6957 = CARTESIAN_POINT('',(2.2542689944,0.601,4.609655279461));
#6958 = CARTESIAN_POINT('',(2.304647645236,0.6,4.657221763644));
#6959 = CARTESIAN_POINT('',(2.304647645236,0.601,4.657221763644));
#6960 = CARTESIAN_POINT('',(2.373679128156,0.6,4.663652381627));
#6961 = CARTESIAN_POINT('',(2.373679128156,0.601,4.663652381627));
#6962 = CARTESIAN_POINT('',(2.408505477852,0.6,4.666896625284));
#6963 = CARTESIAN_POINT('',(2.408505477852,0.601,4.666896625284));
#6964 = ADVANCED_FACE('',(#6965),#6994,.T.);
#6965 = FACE_BOUND('',#6966,.T.);
#6966 = EDGE_LOOP('',(#6967,#6977,#6978,#6988));
#6967 = ORIENTED_EDGE('',*,*,#6968,.F.);
#6968 = EDGE_CURVE('',#6928,#6969,#6971,.T.);
#6969 = VERTEX_POINT('',#6970);
#6970 = CARTESIAN_POINT('',(2.159970351404,0.6,4.319728663985));
#6971 = B_SPLINE_CURVE_WITH_KNOTS('',3,(#6972,#6973,#6974,#6975,#6976),
  .UNSPECIFIED.,.F.,.F.,(4,1,4),(0.E+000,1.189624185254E-002,
    2.792651111848E-002),.UNSPECIFIED.);
#6972 = CARTESIAN_POINT('',(2.229306348509,0.6,4.586086063508));
#6973 = CARTESIAN_POINT('',(2.209193673554,0.6,4.551221331863));
#6974 = CARTESIAN_POINT('',(2.161979028147,0.6,4.46937612999));
#6975 = CARTESIAN_POINT('',(2.160702880693,0.6,4.374302478401));
#6976 = CARTESIAN_POINT('',(2.159970351404,0.6,4.319728663985));
#6977 = ORIENTED_EDGE('',*,*,#6948,.T.);
#6978 = ORIENTED_EDGE('',*,*,#6979,.F.);
#6979 = EDGE_CURVE('',#6980,#6939,#6982,.T.);
#6980 = VERTEX_POINT('',#6981);
#6981 = CARTESIAN_POINT('',(2.159970351404,0.601,4.319728663985));
#6982 = B_SPLINE_CURVE_WITH_KNOTS('',3,(#6983,#6984,#6985,#6986,#6987),
  .UNSPECIFIED.,.F.,.F.,(4,1,4),(-2.792651111848E-002,
    -1.189624185254E-002,0.E+000),.UNSPECIFIED.);
#6983 = CARTESIAN_POINT('',(2.159970351404,0.601,4.319728663985));
#6984 = CARTESIAN_POINT('',(2.160702880693,0.601,4.374302478401));
#6985 = CARTESIAN_POINT('',(2.161979028147,0.601,4.46937612999));
#6986 = CARTESIAN_POINT('',(2.209193673554,0.601,4.551221331863));
#6987 = CARTESIAN_POINT('',(2.229306348509,0.601,4.586086063508));
#6988 = ORIENTED_EDGE('',*,*,#6989,.F.);
#6989 = EDGE_CURVE('',#6969,#6980,#6990,.T.);
#6990 = LINE('',#6991,#6992);
#6991 = CARTESIAN_POINT('',(2.159970351404,0.6,4.319728663985));
#6992 = VECTOR('',#6993,1.);
#6993 = DIRECTION('',(0.E+000,1.,0.E+000));
#6994 = B_SPLINE_SURFACE_WITH_KNOTS('',3,1,(
    (#6995,#6996)
    ,(#6997,#6998)
    ,(#6999,#7000)
    ,(#7001,#7002)
    ,(#7003,#7004
    )),.UNSPECIFIED.,.F.,.F.,.F.,(4,1,4),(2,2),(-2.792651111848E-002,
    -1.189624185254E-002,0.E+000),(0.E+000,1.E-004),.UNSPECIFIED.);
#6995 = CARTESIAN_POINT('',(2.159970351404,0.6,4.319728663985));
#6996 = CARTESIAN_POINT('',(2.159970351404,0.601,4.319728663985));
#6997 = CARTESIAN_POINT('',(2.160702880693,0.6,4.374302478401));
#6998 = CARTESIAN_POINT('',(2.160702880693,0.601,4.374302478401));
#6999 = CARTESIAN_POINT('',(2.161979028147,0.6,4.46937612999));
#7000 = CARTESIAN_POINT('',(2.161979028147,0.601,4.46937612999));
#7001 = CARTESIAN_POINT('',(2.209193673554,0.6,4.551221331863));
#7002 = CARTESIAN_POINT('',(2.209193673554,0.601,4.551221331863));
#7003 = CARTESIAN_POINT('',(2.229306348509,0.6,4.586086063508));
#7004 = CARTESIAN_POINT('',(2.229306348509,0.601,4.586086063508));
#7005 = ADVANCED_FACE('',(#7006),#7035,.T.);
#7006 = FACE_BOUND('',#7007,.T.);
#7007 = EDGE_LOOP('',(#7008,#7018,#7019,#7029));
#7008 = ORIENTED_EDGE('',*,*,#7009,.F.);
#7009 = EDGE_CURVE('',#6969,#7010,#7012,.T.);
#7010 = VERTEX_POINT('',#7011);
#7011 = CARTESIAN_POINT('',(2.236630567259,0.6,4.017970799331));
#7012 = B_SPLINE_CURVE_WITH_KNOTS('',3,(#7013,#7014,#7015,#7016,#7017),
  .UNSPECIFIED.,.F.,.F.,(4,1,4),(0.E+000,1.802211542773E-002,
    3.155958875748E-002),.UNSPECIFIED.);
#7013 = CARTESIAN_POINT('',(2.159970351404,0.6,4.319728663985));
#7014 = CARTESIAN_POINT('',(2.160897812705,0.6,4.258468988131));
#7015 = CARTESIAN_POINT('',(2.162521944863,0.6,4.151193558389));
#7016 = CARTESIAN_POINT('',(2.214384251141,0.6,4.057962307961));
#7017 = CARTESIAN_POINT('',(2.236630567259,0.6,4.017970799331));
#7018 = ORIENTED_EDGE('',*,*,#6989,.T.);
#7019 = ORIENTED_EDGE('',*,*,#7020,.F.);
#7020 = EDGE_CURVE('',#7021,#6980,#7023,.T.);
#7021 = VERTEX_POINT('',#7022);
#7022 = CARTESIAN_POINT('',(2.236630567259,0.601,4.017970799331));
#7023 = B_SPLINE_CURVE_WITH_KNOTS('',3,(#7024,#7025,#7026,#7027,#7028),
  .UNSPECIFIED.,.F.,.F.,(4,1,4),(-3.155958875748E-002,
    -1.802211542773E-002,0.E+000),.UNSPECIFIED.);
#7024 = CARTESIAN_POINT('',(2.236630567259,0.601,4.017970799331));
#7025 = CARTESIAN_POINT('',(2.214384251141,0.601,4.057962307961));
#7026 = CARTESIAN_POINT('',(2.162521944863,0.601,4.151193558389));
#7027 = CARTESIAN_POINT('',(2.160897812705,0.601,4.258468988131));
#7028 = CARTESIAN_POINT('',(2.159970351404,0.601,4.319728663985));
#7029 = ORIENTED_EDGE('',*,*,#7030,.F.);
#7030 = EDGE_CURVE('',#7010,#7021,#7031,.T.);
#7031 = LINE('',#7032,#7033);
#7032 = CARTESIAN_POINT('',(2.236630567259,0.6,4.017970799331));
#7033 = VECTOR('',#7034,1.);
#7034 = DIRECTION('',(0.E+000,1.,0.E+000));
#7035 = B_SPLINE_SURFACE_WITH_KNOTS('',3,1,(
    (#7036,#7037)
    ,(#7038,#7039)
    ,(#7040,#7041)
    ,(#7042,#7043)
    ,(#7044,#7045
    )),.UNSPECIFIED.,.F.,.F.,.F.,(4,1,4),(2,2),(-3.155958875748E-002,
    -1.802211542773E-002,0.E+000),(0.E+000,1.E-004),.UNSPECIFIED.);
#7036 = CARTESIAN_POINT('',(2.236630567259,0.6,4.017970799331));
#7037 = CARTESIAN_POINT('',(2.236630567259,0.601,4.017970799331));
#7038 = CARTESIAN_POINT('',(2.214384251141,0.6,4.057962307961));
#7039 = CARTESIAN_POINT('',(2.214384251141,0.601,4.057962307961));
#7040 = CARTESIAN_POINT('',(2.162521944863,0.6,4.151193558389));
#7041 = CARTESIAN_POINT('',(2.162521944863,0.601,4.151193558389));
#7042 = CARTESIAN_POINT('',(2.160897812705,0.6,4.258468988131));
#7043 = CARTESIAN_POINT('',(2.160897812705,0.601,4.258468988131));
#7044 = CARTESIAN_POINT('',(2.159970351404,0.6,4.319728663985));
#7045 = CARTESIAN_POINT('',(2.159970351404,0.601,4.319728663985));
#7046 = ADVANCED_FACE('',(#7047),#7076,.T.);
#7047 = FACE_BOUND('',#7048,.T.);
#7048 = EDGE_LOOP('',(#7049,#7059,#7060,#7070));
#7049 = ORIENTED_EDGE('',*,*,#7050,.F.);
#7050 = EDGE_CURVE('',#7010,#7051,#7053,.T.);
#7051 = VERTEX_POINT('',#7052);
#7052 = CARTESIAN_POINT('',(2.416806318707,0.6,3.935939608935));
#7053 = B_SPLINE_CURVE_WITH_KNOTS('',3,(#7054,#7055,#7056,#7057,#7058),
  .UNSPECIFIED.,.F.,.F.,(4,1,4),(0.E+000,9.972955439746E-003,
    2.034615828349E-002),.UNSPECIFIED.);
#7054 = CARTESIAN_POINT('',(2.236630567259,0.6,4.017970799331));
#7055 = CARTESIAN_POINT('',(2.261220028209,0.6,3.994047629821));
#7056 = CARTESIAN_POINT('',(2.311385805808,0.6,3.945241175563));
#7057 = CARTESIAN_POINT('',(2.381208300908,0.6,3.939080528338));
#7058 = CARTESIAN_POINT('',(2.416806318707,0.6,3.935939608935));
#7059 = ORIENTED_EDGE('',*,*,#7030,.T.);
#7060 = ORIENTED_EDGE('',*,*,#7061,.F.);
#7061 = EDGE_CURVE('',#7062,#7021,#7064,.T.);
#7062 = VERTEX_POINT('',#7063);
#7063 = CARTESIAN_POINT('',(2.416806318707,0.601,3.935939608935));
#7064 = B_SPLINE_CURVE_WITH_KNOTS('',3,(#7065,#7066,#7067,#7068,#7069),
  .UNSPECIFIED.,.F.,.F.,(4,1,4),(-2.034615828349E-002,
    -9.972955439746E-003,0.E+000),.UNSPECIFIED.);
#7065 = CARTESIAN_POINT('',(2.416806318707,0.601,3.935939608935));
#7066 = CARTESIAN_POINT('',(2.381208300908,0.601,3.939080528338));
#7067 = CARTESIAN_POINT('',(2.311385805808,0.601,3.945241175563));
#7068 = CARTESIAN_POINT('',(2.261220028209,0.601,3.994047629821));
#7069 = CARTESIAN_POINT('',(2.236630567259,0.601,4.017970799331));
#7070 = ORIENTED_EDGE('',*,*,#7071,.F.);
#7071 = EDGE_CURVE('',#7051,#7062,#7072,.T.);
#7072 = LINE('',#7073,#7074);
#7073 = CARTESIAN_POINT('',(2.416806318707,0.6,3.935939608935));
#7074 = VECTOR('',#7075,1.);
#7075 = DIRECTION('',(0.E+000,1.,0.E+000));
#7076 = B_SPLINE_SURFACE_WITH_KNOTS('',3,1,(
    (#7077,#7078)
    ,(#7079,#7080)
    ,(#7081,#7082)
    ,(#7083,#7084)
    ,(#7085,#7086
    )),.UNSPECIFIED.,.F.,.F.,.F.,(4,1,4),(2,2),(-2.034615828349E-002,
    -9.972955439746E-003,0.E+000),(0.E+000,1.E-004),.UNSPECIFIED.);
#7077 = CARTESIAN_POINT('',(2.416806318707,0.6,3.935939608935));
#7078 = CARTESIAN_POINT('',(2.416806318707,0.601,3.935939608935));
#7079 = CARTESIAN_POINT('',(2.381208300908,0.6,3.939080528338));
#7080 = CARTESIAN_POINT('',(2.381208300908,0.601,3.939080528338));
#7081 = CARTESIAN_POINT('',(2.311385805808,0.6,3.945241175563));
#7082 = CARTESIAN_POINT('',(2.311385805808,0.601,3.945241175563));
#7083 = CARTESIAN_POINT('',(2.261220028209,0.6,3.994047629821));
#7084 = CARTESIAN_POINT('',(2.261220028209,0.601,3.994047629821));
#7085 = CARTESIAN_POINT('',(2.236630567259,0.6,4.017970799331));
#7086 = CARTESIAN_POINT('',(2.236630567259,0.601,4.017970799331));
#7087 = ADVANCED_FACE('',(#7088),#7117,.T.);
#7088 = FACE_BOUND('',#7089,.T.);
#7089 = EDGE_LOOP('',(#7090,#7100,#7101,#7111));
#7090 = ORIENTED_EDGE('',*,*,#7091,.F.);
#7091 = EDGE_CURVE('',#7051,#7092,#7094,.T.);
#7092 = VERTEX_POINT('',#7093);
#7093 = CARTESIAN_POINT('',(2.555234082884,0.6,3.983302875284));
#7094 = B_SPLINE_CURVE_WITH_KNOTS('',3,(#7095,#7096,#7097,#7098,#7099),
  .UNSPECIFIED.,.F.,.F.,(4,1,4),(0.E+000,7.775027684634E-003,
    1.488451737657E-002),.UNSPECIFIED.);
#7095 = CARTESIAN_POINT('',(2.416806318707,0.6,3.935939608935));
#7096 = CARTESIAN_POINT('',(2.443247299302,0.6,3.937535334624));
#7097 = CARTESIAN_POINT('',(2.493865927438,0.6,3.94059019278));
#7098 = CARTESIAN_POINT('',(2.535397030582,0.6,3.969496142612));
#7099 = CARTESIAN_POINT('',(2.555234082884,0.6,3.983302875284));
#7100 = ORIENTED_EDGE('',*,*,#7071,.T.);
#7101 = ORIENTED_EDGE('',*,*,#7102,.F.);
#7102 = EDGE_CURVE('',#7103,#7062,#7105,.T.);
#7103 = VERTEX_POINT('',#7104);
#7104 = CARTESIAN_POINT('',(2.555234082884,0.601,3.983302875284));
#7105 = B_SPLINE_CURVE_WITH_KNOTS('',3,(#7106,#7107,#7108,#7109,#7110),
  .UNSPECIFIED.,.F.,.F.,(4,1,4),(-1.488451737657E-002,
    -7.775027684634E-003,0.E+000),.UNSPECIFIED.);
#7106 = CARTESIAN_POINT('',(2.555234082884,0.601,3.983302875284));
#7107 = CARTESIAN_POINT('',(2.535397030582,0.601,3.969496142612));
#7108 = CARTESIAN_POINT('',(2.493865927438,0.601,3.94059019278));
#7109 = CARTESIAN_POINT('',(2.443247299302,0.601,3.937535334624));
#7110 = CARTESIAN_POINT('',(2.416806318707,0.601,3.935939608935));
#7111 = ORIENTED_EDGE('',*,*,#7112,.F.);
#7112 = EDGE_CURVE('',#7092,#7103,#7113,.T.);
#7113 = LINE('',#7114,#7115);
#7114 = CARTESIAN_POINT('',(2.555234082884,0.6,3.983302875284));
#7115 = VECTOR('',#7116,1.);
#7116 = DIRECTION('',(0.E+000,1.,0.E+000));
#7117 = B_SPLINE_SURFACE_WITH_KNOTS('',3,1,(
    (#7118,#7119)
    ,(#7120,#7121)
    ,(#7122,#7123)
    ,(#7124,#7125)
    ,(#7126,#7127
    )),.UNSPECIFIED.,.F.,.F.,.F.,(4,1,4),(2,2),(-1.488451737657E-002,
    -7.775027684634E-003,0.E+000),(0.E+000,1.E-004),.UNSPECIFIED.);
#7118 = CARTESIAN_POINT('',(2.555234082884,0.6,3.983302875284));
#7119 = CARTESIAN_POINT('',(2.555234082884,0.601,3.983302875284));
#7120 = CARTESIAN_POINT('',(2.535397030582,0.6,3.969496142612));
#7121 = CARTESIAN_POINT('',(2.535397030582,0.601,3.969496142612));
#7122 = CARTESIAN_POINT('',(2.493865927438,0.6,3.94059019278));
#7123 = CARTESIAN_POINT('',(2.493865927438,0.601,3.94059019278));
#7124 = CARTESIAN_POINT('',(2.443247299302,0.6,3.937535334624));
#7125 = CARTESIAN_POINT('',(2.443247299302,0.601,3.937535334624));
#7126 = CARTESIAN_POINT('',(2.416806318707,0.6,3.935939608935));
#7127 = CARTESIAN_POINT('',(2.416806318707,0.601,3.935939608935));
#7128 = ADVANCED_FACE('',(#7129),#7149,.T.);
#7129 = FACE_BOUND('',#7130,.T.);
#7130 = EDGE_LOOP('',(#7131,#7139,#7140,#7148));
#7131 = ORIENTED_EDGE('',*,*,#7132,.F.);
#7132 = EDGE_CURVE('',#7092,#6396,#7133,.T.);
#7133 = B_SPLINE_CURVE_WITH_KNOTS('',3,(#7134,#7135,#7136,#7137,#7138),
  .UNSPECIFIED.,.F.,.F.,(4,1,4),(0.E+000,7.101164585725E-003,
    1.485288803424E-002),.UNSPECIFIED.);
#7134 = CARTESIAN_POINT('',(2.555234082884,0.6,3.983302875284));
#7135 = CARTESIAN_POINT('',(2.571483848202,0.6,4.001160064301));
#7136 = CARTESIAN_POINT('',(2.605472068294,0.6,4.038510392668));
#7137 = CARTESIAN_POINT('',(2.614972876138,0.6,4.088219198308));
#7138 = CARTESIAN_POINT('',(2.619931348509,0.6,4.114162227932));
#7139 = ORIENTED_EDGE('',*,*,#7112,.T.);
#7140 = ORIENTED_EDGE('',*,*,#7141,.F.);
#7141 = EDGE_CURVE('',#6406,#7103,#7142,.T.);
#7142 = B_SPLINE_CURVE_WITH_KNOTS('',3,(#7143,#7144,#7145,#7146,#7147),
  .UNSPECIFIED.,.F.,.F.,(4,1,4),(-1.485288803424E-002,
    -7.101164585725E-003,0.E+000),.UNSPECIFIED.);
#7143 = CARTESIAN_POINT('',(2.619931348509,0.601,4.114162227932));
#7144 = CARTESIAN_POINT('',(2.614972876138,0.601,4.088219198308));
#7145 = CARTESIAN_POINT('',(2.605472068294,0.601,4.038510392668));
#7146 = CARTESIAN_POINT('',(2.571483848202,0.601,4.001160064301));
#7147 = CARTESIAN_POINT('',(2.555234082884,0.601,3.983302875284));
#7148 = ORIENTED_EDGE('',*,*,#6405,.F.);
#7149 = B_SPLINE_SURFACE_WITH_KNOTS('',3,1,(
    (#7150,#7151)
    ,(#7152,#7153)
    ,(#7154,#7155)
    ,(#7156,#7157)
    ,(#7158,#7159
    )),.UNSPECIFIED.,.F.,.F.,.F.,(4,1,4),(2,2),(-1.485288803424E-002,
    -7.101164585725E-003,0.E+000),(0.E+000,1.E-004),.UNSPECIFIED.);
#7150 = CARTESIAN_POINT('',(2.619931348509,0.6,4.114162227932));
#7151 = CARTESIAN_POINT('',(2.619931348509,0.601,4.114162227932));
#7152 = CARTESIAN_POINT('',(2.614972876138,0.6,4.088219198308));
#7153 = CARTESIAN_POINT('',(2.614972876138,0.601,4.088219198308));
#7154 = CARTESIAN_POINT('',(2.605472068294,0.6,4.038510392668));
#7155 = CARTESIAN_POINT('',(2.605472068294,0.601,4.038510392668));
#7156 = CARTESIAN_POINT('',(2.571483848202,0.6,4.001160064301));
#7157 = CARTESIAN_POINT('',(2.571483848202,0.601,4.001160064301));
#7158 = CARTESIAN_POINT('',(2.555234082884,0.6,3.983302875284));
#7159 = CARTESIAN_POINT('',(2.555234082884,0.601,3.983302875284));
#7160 = ADVANCED_FACE('',(#7161,#7182),#7193,.T.);
#7161 = FACE_BOUND('',#7162,.T.);
#7162 = EDGE_LOOP('',(#7163,#7164,#7165,#7166,#7167,#7168,#7169,#7170,
    #7171,#7172,#7173,#7174,#7175,#7176,#7177,#7178,#7179,#7180,#7181));
#7163 = ORIENTED_EDGE('',*,*,#7141,.T.);
#7164 = ORIENTED_EDGE('',*,*,#7102,.T.);
#7165 = ORIENTED_EDGE('',*,*,#7061,.T.);
#7166 = ORIENTED_EDGE('',*,*,#7020,.T.);
#7167 = ORIENTED_EDGE('',*,*,#6979,.T.);
#7168 = ORIENTED_EDGE('',*,*,#6938,.T.);
#7169 = ORIENTED_EDGE('',*,*,#6897,.T.);
#7170 = ORIENTED_EDGE('',*,*,#6856,.T.);
#7171 = ORIENTED_EDGE('',*,*,#6815,.T.);
#7172 = ORIENTED_EDGE('',*,*,#6774,.T.);
#7173 = ORIENTED_EDGE('',*,*,#6733,.T.);
#7174 = ORIENTED_EDGE('',*,*,#6692,.T.);
#7175 = ORIENTED_EDGE('',*,*,#6651,.T.);
#7176 = ORIENTED_EDGE('',*,*,#6610,.T.);
#7177 = ORIENTED_EDGE('',*,*,#6569,.T.);
#7178 = ORIENTED_EDGE('',*,*,#6528,.T.);
#7179 = ORIENTED_EDGE('',*,*,#6487,.T.);
#7180 = ORIENTED_EDGE('',*,*,#6446,.T.);
#7181 = ORIENTED_EDGE('',*,*,#6413,.T.);
#7182 = FACE_BOUND('',#7183,.T.);
#7183 = EDGE_LOOP('',(#7184,#7185,#7186,#7187,#7188,#7189,#7190,#7191,
    #7192));
#7184 = ORIENTED_EDGE('',*,*,#6372,.T.);
#7185 = ORIENTED_EDGE('',*,*,#6333,.T.);
#7186 = ORIENTED_EDGE('',*,*,#6292,.T.);
#7187 = ORIENTED_EDGE('',*,*,#6251,.T.);
#7188 = ORIENTED_EDGE('',*,*,#6210,.T.);
#7189 = ORIENTED_EDGE('',*,*,#6169,.T.);
#7190 = ORIENTED_EDGE('',*,*,#6128,.T.);
#7191 = ORIENTED_EDGE('',*,*,#6087,.T.);
#7192 = ORIENTED_EDGE('',*,*,#6046,.T.);
#7193 = PLANE('',#7194);
#7194 = AXIS2_PLACEMENT_3D('',#7195,#7196,#7197);
#7195 = CARTESIAN_POINT('',(1.597714405416,0.601,4.30141811711));
#7196 = DIRECTION('',(0.E+000,1.,0.E+000));
#7197 = DIRECTION('',(-1.,0.E+000,0.E+000));
#7198 = ADVANCED_FACE('',(#7199,#7220),#7231,.F.);
#7199 = FACE_BOUND('',#7200,.T.);
#7200 = EDGE_LOOP('',(#7201,#7202,#7203,#7204,#7205,#7206,#7207,#7208,
    #7209,#7210,#7211,#7212,#7213,#7214,#7215,#7216,#7217,#7218,#7219));
#7201 = ORIENTED_EDGE('',*,*,#7132,.T.);
#7202 = ORIENTED_EDGE('',*,*,#6395,.T.);
#7203 = ORIENTED_EDGE('',*,*,#6435,.T.);
#7204 = ORIENTED_EDGE('',*,*,#6476,.T.);
#7205 = ORIENTED_EDGE('',*,*,#6517,.T.);
#7206 = ORIENTED_EDGE('',*,*,#6558,.T.);
#7207 = ORIENTED_EDGE('',*,*,#6599,.T.);
#7208 = ORIENTED_EDGE('',*,*,#6640,.T.);
#7209 = ORIENTED_EDGE('',*,*,#6681,.T.);
#7210 = ORIENTED_EDGE('',*,*,#6722,.T.);
#7211 = ORIENTED_EDGE('',*,*,#6763,.T.);
#7212 = ORIENTED_EDGE('',*,*,#6804,.T.);
#7213 = ORIENTED_EDGE('',*,*,#6845,.T.);
#7214 = ORIENTED_EDGE('',*,*,#6886,.T.);
#7215 = ORIENTED_EDGE('',*,*,#6927,.T.);
#7216 = ORIENTED_EDGE('',*,*,#6968,.T.);
#7217 = ORIENTED_EDGE('',*,*,#7009,.T.);
#7218 = ORIENTED_EDGE('',*,*,#7050,.T.);
#7219 = ORIENTED_EDGE('',*,*,#7091,.T.);
#7220 = FACE_BOUND('',#7221,.T.);
#7221 = EDGE_LOOP('',(#7222,#7223,#7224,#7225,#7226,#7227,#7228,#7229,
    #7230));
#7222 = ORIENTED_EDGE('',*,*,#6363,.T.);
#7223 = ORIENTED_EDGE('',*,*,#6026,.T.);
#7224 = ORIENTED_EDGE('',*,*,#6076,.T.);
#7225 = ORIENTED_EDGE('',*,*,#6117,.T.);
#7226 = ORIENTED_EDGE('',*,*,#6158,.T.);
#7227 = ORIENTED_EDGE('',*,*,#6199,.T.);
#7228 = ORIENTED_EDGE('',*,*,#6240,.T.);
#7229 = ORIENTED_EDGE('',*,*,#6281,.T.);
#7230 = ORIENTED_EDGE('',*,*,#6322,.T.);
#7231 = PLANE('',#7232);
#7232 = AXIS2_PLACEMENT_3D('',#7233,#7234,#7235);
#7233 = CARTESIAN_POINT('',(1.597714405416,0.6,4.30141811711));
#7234 = DIRECTION('',(0.E+000,1.,0.E+000));
#7235 = DIRECTION('',(-1.,0.E+000,0.E+000));
#7236 = MANIFOLD_SOLID_BREP('',#7237);
#7237 = CLOSED_SHELL('',(#7238,#7278,#7309,#7350,#7391,#7422,#7463,#7504
    ,#7535,#7557,#7574));
#7238 = ADVANCED_FACE('',(#7239),#7273,.T.);
#7239 = FACE_BOUND('',#7240,.T.);
#7240 = EDGE_LOOP('',(#7241,#7251,#7259,#7267));
#7241 = ORIENTED_EDGE('',*,*,#7242,.F.);
#7242 = EDGE_CURVE('',#7243,#7245,#7247,.T.);
#7243 = VERTEX_POINT('',#7244);
#7244 = CARTESIAN_POINT('',(0.826474153346,0.6,4.654689594034));
#7245 = VERTEX_POINT('',#7246);
#7246 = CARTESIAN_POINT('',(0.738583528346,0.6,4.654689594034));
#7247 = LINE('',#7248,#7249);
#7248 = CARTESIAN_POINT('',(0.826474153346,0.6,4.654689594034));
#7249 = VECTOR('',#7250,1.);
#7250 = DIRECTION('',(-1.,0.E+000,0.E+000));
#7251 = ORIENTED_EDGE('',*,*,#7252,.T.);
#7252 = EDGE_CURVE('',#7243,#7253,#7255,.T.);
#7253 = VERTEX_POINT('',#7254);
#7254 = CARTESIAN_POINT('',(0.826474153346,0.601,4.654689594034));
#7255 = LINE('',#7256,#7257);
#7256 = CARTESIAN_POINT('',(0.826474153346,0.6,4.654689594034));
#7257 = VECTOR('',#7258,1.);
#7258 = DIRECTION('',(0.E+000,1.,0.E+000));
#7259 = ORIENTED_EDGE('',*,*,#7260,.F.);
#7260 = EDGE_CURVE('',#7261,#7253,#7263,.T.);
#7261 = VERTEX_POINT('',#7262);
#7262 = CARTESIAN_POINT('',(0.738583528346,0.601,4.654689594034));
#7263 = LINE('',#7264,#7265);
#7264 = CARTESIAN_POINT('',(0.826474153346,0.601,4.654689594034));
#7265 = VECTOR('',#7266,1.);
#7266 = DIRECTION('',(1.,0.E+000,0.E+000));
#7267 = ORIENTED_EDGE('',*,*,#7268,.F.);
#7268 = EDGE_CURVE('',#7245,#7261,#7269,.T.);
#7269 = LINE('',#7270,#7271);
#7270 = CARTESIAN_POINT('',(0.738583528346,0.6,4.654689594034));
#7271 = VECTOR('',#7272,1.);
#7272 = DIRECTION('',(0.E+000,1.,0.E+000));
#7273 = PLANE('',#7274);
#7274 = AXIS2_PLACEMENT_3D('',#7275,#7276,#7277);
#7275 = CARTESIAN_POINT('',(0.738583528346,0.6,4.654689594034));
#7276 = DIRECTION('',(0.E+000,0.E+000,1.));
#7277 = DIRECTION('',(1.,0.E+000,-0.E+000));
#7278 = ADVANCED_FACE('',(#7279),#7304,.T.);
#7279 = FACE_BOUND('',#7280,.T.);
#7280 = EDGE_LOOP('',(#7281,#7289,#7290,#7298));
#7281 = ORIENTED_EDGE('',*,*,#7282,.F.);
#7282 = EDGE_CURVE('',#7245,#7283,#7285,.T.);
#7283 = VERTEX_POINT('',#7284);
#7284 = CARTESIAN_POINT('',(0.738583528346,0.6,4.094630977932));
#7285 = LINE('',#7286,#7287);
#7286 = CARTESIAN_POINT('',(0.738583528346,0.6,4.654689594034));
#7287 = VECTOR('',#7288,1.);
#7288 = DIRECTION('',(0.E+000,0.E+000,-1.));
#7289 = ORIENTED_EDGE('',*,*,#7268,.T.);
#7290 = ORIENTED_EDGE('',*,*,#7291,.F.);
#7291 = EDGE_CURVE('',#7292,#7261,#7294,.T.);
#7292 = VERTEX_POINT('',#7293);
#7293 = CARTESIAN_POINT('',(0.738583528346,0.601,4.094630977932));
#7294 = LINE('',#7295,#7296);
#7295 = CARTESIAN_POINT('',(0.738583528346,0.601,4.654689594034));
#7296 = VECTOR('',#7297,1.);
#7297 = DIRECTION('',(0.E+000,0.E+000,1.));
#7298 = ORIENTED_EDGE('',*,*,#7299,.F.);
#7299 = EDGE_CURVE('',#7283,#7292,#7300,.T.);
#7300 = LINE('',#7301,#7302);
#7301 = CARTESIAN_POINT('',(0.738583528346,0.6,4.094630977932));
#7302 = VECTOR('',#7303,1.);
#7303 = DIRECTION('',(0.E+000,1.,0.E+000));
#7304 = PLANE('',#7305);
#7305 = AXIS2_PLACEMENT_3D('',#7306,#7307,#7308);
#7306 = CARTESIAN_POINT('',(0.738583528346,0.6,4.094630977932));
#7307 = DIRECTION('',(-1.,0.E+000,0.E+000));
#7308 = DIRECTION('',(0.E+000,0.E+000,1.));
#7309 = ADVANCED_FACE('',(#7310),#7339,.T.);
#7310 = FACE_BOUND('',#7311,.T.);
#7311 = EDGE_LOOP('',(#7312,#7322,#7323,#7333));
#7312 = ORIENTED_EDGE('',*,*,#7313,.F.);
#7313 = EDGE_CURVE('',#7283,#7314,#7316,.T.);
#7314 = VERTEX_POINT('',#7315);
#7315 = CARTESIAN_POINT('',(0.65533156032,0.6,4.155177860383));
#7316 = B_SPLINE_CURVE_WITH_KNOTS('',3,(#7317,#7318,#7319,#7320,#7321),
  .UNSPECIFIED.,.F.,.F.,(4,1,4),(0.E+000,4.756113146039E-003,
    1.031059753663E-002),.UNSPECIFIED.);
#7317 = CARTESIAN_POINT('',(0.738583528346,0.6,4.094630977932));
#7318 = CARTESIAN_POINT('',(0.726601708318,0.6,4.105056667686));
#7319 = CARTESIAN_POINT('',(0.700626774526,0.6,4.127658125597));
#7320 = CARTESIAN_POINT('',(0.671189755155,0.6,4.145542994455));
#7321 = CARTESIAN_POINT('',(0.65533156032,0.6,4.155177860383));
#7322 = ORIENTED_EDGE('',*,*,#7299,.T.);
#7323 = ORIENTED_EDGE('',*,*,#7324,.F.);
#7324 = EDGE_CURVE('',#7325,#7292,#7327,.T.);
#7325 = VERTEX_POINT('',#7326);
#7326 = CARTESIAN_POINT('',(0.65533156032,0.601,4.155177860383));
#7327 = B_SPLINE_CURVE_WITH_KNOTS('',3,(#7328,#7329,#7330,#7331,#7332),
  .UNSPECIFIED.,.F.,.F.,(4,1,4),(-1.031059753663E-002,
    -4.756113146039E-003,0.E+000),.UNSPECIFIED.);
#7328 = CARTESIAN_POINT('',(0.65533156032,0.601,4.155177860383));
#7329 = CARTESIAN_POINT('',(0.671189755155,0.601,4.145542994455));
#7330 = CARTESIAN_POINT('',(0.700626774526,0.601,4.127658125597));
#7331 = CARTESIAN_POINT('',(0.726601708318,0.601,4.105056667686));
#7332 = CARTESIAN_POINT('',(0.738583528346,0.601,4.094630977932));
#7333 = ORIENTED_EDGE('',*,*,#7334,.F.);
#7334 = EDGE_CURVE('',#7314,#7325,#7335,.T.);
#7335 = LINE('',#7336,#7337);
#7336 = CARTESIAN_POINT('',(0.65533156032,0.6,4.155177860383));
#7337 = VECTOR('',#7338,1.);
#7338 = DIRECTION('',(0.E+000,1.,0.E+000));
#7339 = B_SPLINE_SURFACE_WITH_KNOTS('',3,1,(
    (#7340,#7341)
    ,(#7342,#7343)
    ,(#7344,#7345)
    ,(#7346,#7347)
    ,(#7348,#7349
    )),.UNSPECIFIED.,.F.,.F.,.F.,(4,1,4),(2,2),(-1.031059753663E-002,
    -4.756113146039E-003,0.E+000),(0.E+000,1.E-004),.UNSPECIFIED.);
#7340 = CARTESIAN_POINT('',(0.65533156032,0.6,4.155177860383));
#7341 = CARTESIAN_POINT('',(0.65533156032,0.601,4.155177860383));
#7342 = CARTESIAN_POINT('',(0.671189755155,0.6,4.145542994455));
#7343 = CARTESIAN_POINT('',(0.671189755155,0.601,4.145542994455));
#7344 = CARTESIAN_POINT('',(0.700626774526,0.6,4.127658125597));
#7345 = CARTESIAN_POINT('',(0.700626774526,0.601,4.127658125597));
#7346 = CARTESIAN_POINT('',(0.726601708318,0.6,4.105056667686));
#7347 = CARTESIAN_POINT('',(0.726601708318,0.601,4.105056667686));
#7348 = CARTESIAN_POINT('',(0.738583528346,0.6,4.094630977932));
#7349 = CARTESIAN_POINT('',(0.738583528346,0.601,4.094630977932));
#7350 = ADVANCED_FACE('',(#7351),#7380,.T.);
#7351 = FACE_BOUND('',#7352,.T.);
#7352 = EDGE_LOOP('',(#7353,#7363,#7364,#7374));
#7353 = ORIENTED_EDGE('',*,*,#7354,.F.);
#7354 = EDGE_CURVE('',#7314,#7355,#7357,.T.);
#7355 = VERTEX_POINT('',#7356);
#7356 = CARTESIAN_POINT('',(0.562802269033,0.6,4.200588031534));
#7357 = B_SPLINE_CURVE_WITH_KNOTS('',3,(#7358,#7359,#7360,#7361,#7362),
  .UNSPECIFIED.,.F.,.F.,(4,1,4),(0.E+000,5.560423547989E-003,
    1.031695792768E-002),.UNSPECIFIED.);
#7358 = CARTESIAN_POINT('',(0.65533156032,0.6,4.155177860383));
#7359 = CARTESIAN_POINT('',(0.639226190389,0.6,4.164400214434));
#7360 = CARTESIAN_POINT('',(0.609343858125,0.6,4.181511615735));
#7361 = CARTESIAN_POINT('',(0.577488757346,0.6,4.194568349715));
#7362 = CARTESIAN_POINT('',(0.562802269033,0.6,4.200588031534));
#7363 = ORIENTED_EDGE('',*,*,#7334,.T.);
#7364 = ORIENTED_EDGE('',*,*,#7365,.F.);
#7365 = EDGE_CURVE('',#7366,#7325,#7368,.T.);
#7366 = VERTEX_POINT('',#7367);
#7367 = CARTESIAN_POINT('',(0.562802269033,0.601,4.200588031534));
#7368 = B_SPLINE_CURVE_WITH_KNOTS('',3,(#7369,#7370,#7371,#7372,#7373),
  .UNSPECIFIED.,.F.,.F.,(4,1,4),(-1.031695792768E-002,
    -5.560423547989E-003,0.E+000),.UNSPECIFIED.);
#7369 = CARTESIAN_POINT('',(0.562802269033,0.601,4.200588031534));
#7370 = CARTESIAN_POINT('',(0.577488757346,0.601,4.194568349715));
#7371 = CARTESIAN_POINT('',(0.609343858125,0.601,4.181511615735));
#7372 = CARTESIAN_POINT('',(0.639226190389,0.601,4.164400214434));
#7373 = CARTESIAN_POINT('',(0.65533156032,0.601,4.155177860383));
#7374 = ORIENTED_EDGE('',*,*,#7375,.F.);
#7375 = EDGE_CURVE('',#7355,#7366,#7376,.T.);
#7376 = LINE('',#7377,#7378);
#7377 = CARTESIAN_POINT('',(0.562802269033,0.6,4.200588031534));
#7378 = VECTOR('',#7379,1.);
#7379 = DIRECTION('',(0.E+000,1.,0.E+000));
#7380 = B_SPLINE_SURFACE_WITH_KNOTS('',3,1,(
    (#7381,#7382)
    ,(#7383,#7384)
    ,(#7385,#7386)
    ,(#7387,#7388)
    ,(#7389,#7390
    )),.UNSPECIFIED.,.F.,.F.,.F.,(4,1,4),(2,2),(-1.031695792768E-002,
    -5.560423547989E-003,0.E+000),(0.E+000,1.E-004),.UNSPECIFIED.);
#7381 = CARTESIAN_POINT('',(0.562802269033,0.6,4.200588031534));
#7382 = CARTESIAN_POINT('',(0.562802269033,0.601,4.200588031534));
#7383 = CARTESIAN_POINT('',(0.577488757346,0.6,4.194568349715));
#7384 = CARTESIAN_POINT('',(0.577488757346,0.601,4.194568349715));
#7385 = CARTESIAN_POINT('',(0.609343858125,0.6,4.181511615735));
#7386 = CARTESIAN_POINT('',(0.609343858125,0.601,4.181511615735));
#7387 = CARTESIAN_POINT('',(0.639226190389,0.6,4.164400214434));
#7388 = CARTESIAN_POINT('',(0.639226190389,0.601,4.164400214434));
#7389 = CARTESIAN_POINT('',(0.65533156032,0.6,4.155177860383));
#7390 = CARTESIAN_POINT('',(0.65533156032,0.601,4.155177860383));
#7391 = ADVANCED_FACE('',(#7392),#7417,.T.);
#7392 = FACE_BOUND('',#7393,.T.);
#7393 = EDGE_LOOP('',(#7394,#7402,#7403,#7411));
#7394 = ORIENTED_EDGE('',*,*,#7395,.F.);
#7395 = EDGE_CURVE('',#7355,#7396,#7398,.T.);
#7396 = VERTEX_POINT('',#7397);
#7397 = CARTESIAN_POINT('',(0.562802269033,0.6,4.115627086584));
#7398 = LINE('',#7399,#7400);
#7399 = CARTESIAN_POINT('',(0.562802269033,0.6,4.200588031534));
#7400 = VECTOR('',#7401,1.);
#7401 = DIRECTION('',(0.E+000,0.E+000,-1.));
#7402 = ORIENTED_EDGE('',*,*,#7375,.T.);
#7403 = ORIENTED_EDGE('',*,*,#7404,.F.);
#7404 = EDGE_CURVE('',#7405,#7366,#7407,.T.);
#7405 = VERTEX_POINT('',#7406);
#7406 = CARTESIAN_POINT('',(0.562802269033,0.601,4.115627086584));
#7407 = LINE('',#7408,#7409);
#7408 = CARTESIAN_POINT('',(0.562802269033,0.601,4.200588031534));
#7409 = VECTOR('',#7410,1.);
#7410 = DIRECTION('',(0.E+000,0.E+000,1.));
#7411 = ORIENTED_EDGE('',*,*,#7412,.F.);
#7412 = EDGE_CURVE('',#7396,#7405,#7413,.T.);
#7413 = LINE('',#7414,#7415);
#7414 = CARTESIAN_POINT('',(0.562802269033,0.6,4.115627086584));
#7415 = VECTOR('',#7416,1.);
#7416 = DIRECTION('',(0.E+000,1.,0.E+000));
#7417 = PLANE('',#7418);
#7418 = AXIS2_PLACEMENT_3D('',#7419,#7420,#7421);
#7419 = CARTESIAN_POINT('',(0.562802269033,0.6,4.115627086584));
#7420 = DIRECTION('',(-1.,0.E+000,0.E+000));
#7421 = DIRECTION('',(0.E+000,0.E+000,1.));
#7422 = ADVANCED_FACE('',(#7423),#7452,.T.);
#7423 = FACE_BOUND('',#7424,.T.);
#7424 = EDGE_LOOP('',(#7425,#7435,#7436,#7446));
#7425 = ORIENTED_EDGE('',*,*,#7426,.F.);
#7426 = EDGE_CURVE('',#7396,#7427,#7429,.T.);
#7427 = VERTEX_POINT('',#7428);
#7428 = CARTESIAN_POINT('',(0.69170851717,0.6,4.031642726485));
#7429 = B_SPLINE_CURVE_WITH_KNOTS('',3,(#7430,#7431,#7432,#7433,#7434),
  .UNSPECIFIED.,.F.,.F.,(4,1,4),(0.E+000,7.901183744184E-003,
    1.542586509657E-002),.UNSPECIFIED.);
#7430 = CARTESIAN_POINT('',(0.562802269033,0.6,4.115627086584));
#7431 = CARTESIAN_POINT('',(0.586369356795,0.6,4.103670652978));
#7432 = CARTESIAN_POINT('',(0.632380527818,0.6,4.080327526453));
#7433 = CARTESIAN_POINT('',(0.672256944802,0.6,4.047604769362));
#7434 = CARTESIAN_POINT('',(0.69170851717,0.6,4.031642726485));
#7435 = ORIENTED_EDGE('',*,*,#7412,.T.);
#7436 = ORIENTED_EDGE('',*,*,#7437,.F.);
#7437 = EDGE_CURVE('',#7438,#7405,#7440,.T.);
#7438 = VERTEX_POINT('',#7439);
#7439 = CARTESIAN_POINT('',(0.69170851717,0.601,4.031642726485));
#7440 = B_SPLINE_CURVE_WITH_KNOTS('',3,(#7441,#7442,#7443,#7444,#7445),
  .UNSPECIFIED.,.F.,.F.,(4,1,4),(-1.542586509657E-002,
    -7.901183744184E-003,0.E+000),.UNSPECIFIED.);
#7441 = CARTESIAN_POINT('',(0.69170851717,0.601,4.031642726485));
#7442 = CARTESIAN_POINT('',(0.672256944802,0.601,4.047604769362));
#7443 = CARTESIAN_POINT('',(0.632380527818,0.601,4.080327526453));
#7444 = CARTESIAN_POINT('',(0.586369356795,0.601,4.103670652978));
#7445 = CARTESIAN_POINT('',(0.562802269033,0.601,4.115627086584));
#7446 = ORIENTED_EDGE('',*,*,#7447,.F.);
#7447 = EDGE_CURVE('',#7427,#7438,#7448,.T.);
#7448 = LINE('',#7449,#7450);
#7449 = CARTESIAN_POINT('',(0.69170851717,0.6,4.031642726485));
#7450 = VECTOR('',#7451,1.);
#7451 = DIRECTION('',(0.E+000,1.,0.E+000));
#7452 = B_SPLINE_SURFACE_WITH_KNOTS('',3,1,(
    (#7453,#7454)
    ,(#7455,#7456)
    ,(#7457,#7458)
    ,(#7459,#7460)
    ,(#7461,#7462
    )),.UNSPECIFIED.,.F.,.F.,.F.,(4,1,4),(2,2),(-1.542586509657E-002,
    -7.901183744184E-003,0.E+000),(0.E+000,1.E-004),.UNSPECIFIED.);
#7453 = CARTESIAN_POINT('',(0.69170851717,0.6,4.031642726485));
#7454 = CARTESIAN_POINT('',(0.69170851717,0.601,4.031642726485));
#7455 = CARTESIAN_POINT('',(0.672256944802,0.6,4.047604769362));
#7456 = CARTESIAN_POINT('',(0.672256944802,0.601,4.047604769362));
#7457 = CARTESIAN_POINT('',(0.632380527818,0.6,4.080327526453));
#7458 = CARTESIAN_POINT('',(0.632380527818,0.601,4.080327526453));
#7459 = CARTESIAN_POINT('',(0.586369356795,0.6,4.103670652978));
#7460 = CARTESIAN_POINT('',(0.586369356795,0.601,4.103670652978));
#7461 = CARTESIAN_POINT('',(0.562802269033,0.6,4.115627086584));
#7462 = CARTESIAN_POINT('',(0.562802269033,0.601,4.115627086584));
#7463 = ADVANCED_FACE('',(#7464),#7493,.T.);
#7464 = FACE_BOUND('',#7465,.T.);
#7465 = EDGE_LOOP('',(#7466,#7476,#7477,#7487));
#7466 = ORIENTED_EDGE('',*,*,#7467,.F.);
#7467 = EDGE_CURVE('',#7427,#7468,#7470,.T.);
#7468 = VERTEX_POINT('',#7469);
#7469 = CARTESIAN_POINT('',(0.769833535797,0.6,3.935939608935));
#7470 = B_SPLINE_CURVE_WITH_KNOTS('',3,(#7471,#7472,#7473,#7474,#7475),
  .UNSPECIFIED.,.F.,.F.,(4,1,4),(0.E+000,6.768023677469E-003,
    1.2408572657E-002),.UNSPECIFIED.);
#7471 = CARTESIAN_POINT('',(0.69170851717,0.6,4.031642726485));
#7472 = CARTESIAN_POINT('',(0.708316269165,0.6,4.016171103047));
#7473 = CARTESIAN_POINT('',(0.738765113188,0.6,3.987805250224));
#7474 = CARTESIAN_POINT('',(0.760124312103,0.6,3.952148192152));
#7475 = CARTESIAN_POINT('',(0.769833535797,0.6,3.935939608935));
#7476 = ORIENTED_EDGE('',*,*,#7447,.T.);
#7477 = ORIENTED_EDGE('',*,*,#7478,.F.);
#7478 = EDGE_CURVE('',#7479,#7438,#7481,.T.);
#7479 = VERTEX_POINT('',#7480);
#7480 = CARTESIAN_POINT('',(0.769833535797,0.601,3.935939608935));
#7481 = B_SPLINE_CURVE_WITH_KNOTS('',3,(#7482,#7483,#7484,#7485,#7486),
  .UNSPECIFIED.,.F.,.F.,(4,1,4),(-1.2408572657E-002,-6.768023677469E-003
    ,0.E+000),.UNSPECIFIED.);
#7482 = CARTESIAN_POINT('',(0.769833535797,0.601,3.935939608935));
#7483 = CARTESIAN_POINT('',(0.760124312103,0.601,3.952148192152));
#7484 = CARTESIAN_POINT('',(0.738765113188,0.601,3.987805250224));
#7485 = CARTESIAN_POINT('',(0.708316269165,0.601,4.016171103047));
#7486 = CARTESIAN_POINT('',(0.69170851717,0.601,4.031642726485));
#7487 = ORIENTED_EDGE('',*,*,#7488,.F.);
#7488 = EDGE_CURVE('',#7468,#7479,#7489,.T.);
#7489 = LINE('',#7490,#7491);
#7490 = CARTESIAN_POINT('',(0.769833535797,0.6,3.935939608935));
#7491 = VECTOR('',#7492,1.);
#7492 = DIRECTION('',(0.E+000,1.,0.E+000));
#7493 = B_SPLINE_SURFACE_WITH_KNOTS('',3,1,(
    (#7494,#7495)
    ,(#7496,#7497)
    ,(#7498,#7499)
    ,(#7500,#7501)
    ,(#7502,#7503
    )),.UNSPECIFIED.,.F.,.F.,.F.,(4,1,4),(2,2),(-1.2408572657E-002,
    -6.768023677469E-003,0.E+000),(0.E+000,1.E-004),.UNSPECIFIED.);
#7494 = CARTESIAN_POINT('',(0.769833535797,0.6,3.935939608935));
#7495 = CARTESIAN_POINT('',(0.769833535797,0.601,3.935939608935));
#7496 = CARTESIAN_POINT('',(0.760124312103,0.6,3.952148192152));
#7497 = CARTESIAN_POINT('',(0.760124312103,0.601,3.952148192152));
#7498 = CARTESIAN_POINT('',(0.738765113188,0.6,3.987805250224));
#7499 = CARTESIAN_POINT('',(0.738765113188,0.601,3.987805250224));
#7500 = CARTESIAN_POINT('',(0.708316269165,0.6,4.016171103047));
#7501 = CARTESIAN_POINT('',(0.708316269165,0.601,4.016171103047));
#7502 = CARTESIAN_POINT('',(0.69170851717,0.6,4.031642726485));
#7503 = CARTESIAN_POINT('',(0.69170851717,0.601,4.031642726485));
#7504 = ADVANCED_FACE('',(#7505),#7530,.T.);
#7505 = FACE_BOUND('',#7506,.T.);
#7506 = EDGE_LOOP('',(#7507,#7515,#7516,#7524));
#7507 = ORIENTED_EDGE('',*,*,#7508,.F.);
#7508 = EDGE_CURVE('',#7468,#7509,#7511,.T.);
#7509 = VERTEX_POINT('',#7510);
#7510 = CARTESIAN_POINT('',(0.826474153346,0.6,3.935939608935));
#7511 = LINE('',#7512,#7513);
#7512 = CARTESIAN_POINT('',(0.769833535797,0.6,3.935939608935));
#7513 = VECTOR('',#7514,1.);
#7514 = DIRECTION('',(1.,0.E+000,0.E+000));
#7515 = ORIENTED_EDGE('',*,*,#7488,.T.);
#7516 = ORIENTED_EDGE('',*,*,#7517,.F.);
#7517 = EDGE_CURVE('',#7518,#7479,#7520,.T.);
#7518 = VERTEX_POINT('',#7519);
#7519 = CARTESIAN_POINT('',(0.826474153346,0.601,3.935939608935));
#7520 = LINE('',#7521,#7522);
#7521 = CARTESIAN_POINT('',(0.769833535797,0.601,3.935939608935));
#7522 = VECTOR('',#7523,1.);
#7523 = DIRECTION('',(-1.,0.E+000,0.E+000));
#7524 = ORIENTED_EDGE('',*,*,#7525,.F.);
#7525 = EDGE_CURVE('',#7509,#7518,#7526,.T.);
#7526 = LINE('',#7527,#7528);
#7527 = CARTESIAN_POINT('',(0.826474153346,0.6,3.935939608935));
#7528 = VECTOR('',#7529,1.);
#7529 = DIRECTION('',(0.E+000,1.,0.E+000));
#7530 = PLANE('',#7531);
#7531 = AXIS2_PLACEMENT_3D('',#7532,#7533,#7534);
#7532 = CARTESIAN_POINT('',(0.826474153346,0.6,3.935939608935));
#7533 = DIRECTION('',(0.E+000,0.E+000,-1.));
#7534 = DIRECTION('',(-1.,0.E+000,0.E+000));
#7535 = ADVANCED_FACE('',(#7536),#7552,.T.);
#7536 = FACE_BOUND('',#7537,.T.);
#7537 = EDGE_LOOP('',(#7538,#7544,#7545,#7551));
#7538 = ORIENTED_EDGE('',*,*,#7539,.F.);
#7539 = EDGE_CURVE('',#7509,#7243,#7540,.T.);
#7540 = LINE('',#7541,#7542);
#7541 = CARTESIAN_POINT('',(0.826474153346,0.6,3.935939608935));
#7542 = VECTOR('',#7543,1.);
#7543 = DIRECTION('',(1.930822691552E-016,0.E+000,1.));
#7544 = ORIENTED_EDGE('',*,*,#7525,.T.);
#7545 = ORIENTED_EDGE('',*,*,#7546,.F.);
#7546 = EDGE_CURVE('',#7253,#7518,#7547,.T.);
#7547 = LINE('',#7548,#7549);
#7548 = CARTESIAN_POINT('',(0.826474153346,0.601,3.935939608935));
#7549 = VECTOR('',#7550,1.);
#7550 = DIRECTION('',(-1.930822691552E-016,0.E+000,-1.));
#7551 = ORIENTED_EDGE('',*,*,#7252,.F.);
#7552 = PLANE('',#7553);
#7553 = AXIS2_PLACEMENT_3D('',#7554,#7555,#7556);
#7554 = CARTESIAN_POINT('',(0.826474153346,0.6,4.654689594034));
#7555 = DIRECTION('',(1.,0.E+000,-1.930822691552E-016));
#7556 = DIRECTION('',(-1.930822691552E-016,0.E+000,-1.));
#7557 = ADVANCED_FACE('',(#7558),#7569,.T.);
#7558 = FACE_BOUND('',#7559,.T.);
#7559 = EDGE_LOOP('',(#7560,#7561,#7562,#7563,#7564,#7565,#7566,#7567,
    #7568));
#7560 = ORIENTED_EDGE('',*,*,#7546,.T.);
#7561 = ORIENTED_EDGE('',*,*,#7517,.T.);
#7562 = ORIENTED_EDGE('',*,*,#7478,.T.);
#7563 = ORIENTED_EDGE('',*,*,#7437,.T.);
#7564 = ORIENTED_EDGE('',*,*,#7404,.T.);
#7565 = ORIENTED_EDGE('',*,*,#7365,.T.);
#7566 = ORIENTED_EDGE('',*,*,#7324,.T.);
#7567 = ORIENTED_EDGE('',*,*,#7291,.T.);
#7568 = ORIENTED_EDGE('',*,*,#7260,.T.);
#7569 = PLANE('',#7570);
#7570 = AXIS2_PLACEMENT_3D('',#7571,#7572,#7573);
#7571 = CARTESIAN_POINT('',(1.597714405416,0.601,4.30141811711));
#7572 = DIRECTION('',(0.E+000,1.,0.E+000));
#7573 = DIRECTION('',(-1.,0.E+000,0.E+000));
#7574 = ADVANCED_FACE('',(#7575),#7586,.F.);
#7575 = FACE_BOUND('',#7576,.T.);
#7576 = EDGE_LOOP('',(#7577,#7578,#7579,#7580,#7581,#7582,#7583,#7584,
    #7585));
#7577 = ORIENTED_EDGE('',*,*,#7539,.T.);
#7578 = ORIENTED_EDGE('',*,*,#7242,.T.);
#7579 = ORIENTED_EDGE('',*,*,#7282,.T.);
#7580 = ORIENTED_EDGE('',*,*,#7313,.T.);
#7581 = ORIENTED_EDGE('',*,*,#7354,.T.);
#7582 = ORIENTED_EDGE('',*,*,#7395,.T.);
#7583 = ORIENTED_EDGE('',*,*,#7426,.T.);
#7584 = ORIENTED_EDGE('',*,*,#7467,.T.);
#7585 = ORIENTED_EDGE('',*,*,#7508,.T.);
#7586 = PLANE('',#7587);
#7587 = AXIS2_PLACEMENT_3D('',#7588,#7589,#7590);
#7588 = CARTESIAN_POINT('',(1.597714405416,0.6,4.30141811711));
#7589 = DIRECTION('',(0.E+000,1.,0.E+000));
#7590 = DIRECTION('',(-1.,0.E+000,0.E+000));
#7591 = ( GEOMETRIC_REPRESENTATION_CONTEXT(3) 
GLOBAL_UNCERTAINTY_ASSIGNED_CONTEXT((#7595)) 
GLOBAL_UNIT_ASSIGNED_CONTEXT((#7592,#7593,#7594)) REPRESENTATION_CONTEXT
('Context #1','3D Context with UNIT and UNCERTAINTY') );
#7592 = ( LENGTH_UNIT() NAMED_UNIT(*) SI_UNIT(.MILLI.,.METRE.) );
#7593 = ( NAMED_UNIT(*) PLANE_ANGLE_UNIT() SI_UNIT($,.RADIAN.) );
#7594 = ( NAMED_UNIT(*) SI_UNIT($,.STERADIAN.) SOLID_ANGLE_UNIT() );
#7595 = UNCERTAINTY_MEASURE_WITH_UNIT(LENGTH_MEASURE(5.E-005),#7592,
  'distance_accuracy_value','confusion accuracy');
#7596 = SHAPE_DEFINITION_REPRESENTATION(#7597,#2001);
#7597 = PRODUCT_DEFINITION_SHAPE('','',#7598);
#7598 = PRODUCT_DEFINITION('design','',#7599,#7602);
#7599 = PRODUCT_DEFINITION_FORMATION('','',#7600);
#7600 = PRODUCT('Resistor_1206','Resistor_1206','',(#7601));
#7601 = PRODUCT_CONTEXT('',#2,'mechanical');
#7602 = PRODUCT_DEFINITION_CONTEXT('part definition',#2,'design');
#7603 = CONTEXT_DEPENDENT_SHAPE_REPRESENTATION(#7604,#7606);
#7604 = ( REPRESENTATION_RELATIONSHIP('','',#2001,#1991) 
REPRESENTATION_RELATIONSHIP_WITH_TRANSFORMATION(#7605) 
SHAPE_REPRESENTATION_RELATIONSHIP() );
#7605 = ITEM_DEFINED_TRANSFORMATION('','',#11,#1992);
#7606 = PRODUCT_DEFINITION_SHAPE('Placement','Placement of an item',
  #7607);
#7607 = NEXT_ASSEMBLY_USAGE_OCCURRENCE('7','','',#1986,#7598,$);
#7608 = PRODUCT_RELATED_PRODUCT_CATEGORY('part',$,(#7600));
#7609 = CONTEXT_DEPENDENT_SHAPE_REPRESENTATION(#7610,#7612);
#7610 = ( REPRESENTATION_RELATIONSHIP('','',#1991,#10) 
REPRESENTATION_RELATIONSHIP_WITH_TRANSFORMATION(#7611) 
SHAPE_REPRESENTATION_RELATIONSHIP() );
#7611 = ITEM_DEFINED_TRANSFORMATION('','',#11,#27);
#7612 = PRODUCT_DEFINITION_SHAPE('Placement','Placement of an item',
  #7613);
#7613 = NEXT_ASSEMBLY_USAGE_OCCURRENCE('8','','',#5,#1986,$);
#7614 = PRODUCT_RELATED_PRODUCT_CATEGORY('part',$,(#1988));
#7615 = SHAPE_DEFINITION_REPRESENTATION(#7616,#7622);
#7616 = PRODUCT_DEFINITION_SHAPE('','',#7617);
#7617 = PRODUCT_DEFINITION('design','',#7618,#7621);
#7618 = PRODUCT_DEFINITION_FORMATION('','',#7619);
#7619 = PRODUCT('R3','R3','',(#7620));
#7620 = PRODUCT_CONTEXT('',#2,'mechanical');
#7621 = PRODUCT_DEFINITION_CONTEXT('part definition',#2,'design');
#7622 = SHAPE_REPRESENTATION('',(#11,#7623),#7627);
#7623 = AXIS2_PLACEMENT_3D('',#7624,#7625,#7626);
#7624 = CARTESIAN_POINT('',(19.887399673462,7.300000667572,0.E+000));
#7625 = DIRECTION('',(-1.,-1.19248806385E-008,-4.371140912996E-008));
#7626 = DIRECTION('',(1.19248806385E-008,-1.,1.381291085557E-031));
#7627 = ( GEOMETRIC_REPRESENTATION_CONTEXT(3) 
GLOBAL_UNCERTAINTY_ASSIGNED_CONTEXT((#7631)) 
GLOBAL_UNIT_ASSIGNED_CONTEXT((#7628,#7629,#7630)) REPRESENTATION_CONTEXT
('Context #1','3D Context with UNIT and UNCERTAINTY') );
#7628 = ( LENGTH_UNIT() NAMED_UNIT(*) SI_UNIT(.MILLI.,.METRE.) );
#7629 = ( NAMED_UNIT(*) PLANE_ANGLE_UNIT() SI_UNIT($,.RADIAN.) );
#7630 = ( NAMED_UNIT(*) SI_UNIT($,.STERADIAN.) SOLID_ANGLE_UNIT() );
#7631 = UNCERTAINTY_MEASURE_WITH_UNIT(LENGTH_MEASURE(5.E-005),#7628,
  'distance_accuracy_value','confusion accuracy');
#7632 = CONTEXT_DEPENDENT_SHAPE_REPRESENTATION(#7633,#7635);
#7633 = ( REPRESENTATION_RELATIONSHIP('','',#2001,#7622) 
REPRESENTATION_RELATIONSHIP_WITH_TRANSFORMATION(#7634) 
SHAPE_REPRESENTATION_RELATIONSHIP() );
#7634 = ITEM_DEFINED_TRANSFORMATION('','',#11,#7623);
#7635 = PRODUCT_DEFINITION_SHAPE('Placement','Placement of an item',
  #7636);
#7636 = NEXT_ASSEMBLY_USAGE_OCCURRENCE('9','','',#7617,#7598,$);
#7637 = CONTEXT_DEPENDENT_SHAPE_REPRESENTATION(#7638,#7640);
#7638 = ( REPRESENTATION_RELATIONSHIP('','',#7622,#10) 
REPRESENTATION_RELATIONSHIP_WITH_TRANSFORMATION(#7639) 
SHAPE_REPRESENTATION_RELATIONSHIP() );
#7639 = ITEM_DEFINED_TRANSFORMATION('','',#11,#31);
#7640 = PRODUCT_DEFINITION_SHAPE('Placement','Placement of an item',
  #7641);
#7641 = NEXT_ASSEMBLY_USAGE_OCCURRENCE('10','','',#5,#7617,$);
#7642 = PRODUCT_RELATED_PRODUCT_CATEGORY('part',$,(#7619));
#7643 = SHAPE_DEFINITION_REPRESENTATION(#7644,#7650);
#7644 = PRODUCT_DEFINITION_SHAPE('','',#7645);
#7645 = PRODUCT_DEFINITION('design','',#7646,#7649);
#7646 = PRODUCT_DEFINITION_FORMATION('','',#7647);
#7647 = PRODUCT('R2','R2','',(#7648));
#7648 = PRODUCT_CONTEXT('',#2,'mechanical');
#7649 = PRODUCT_DEFINITION_CONTEXT('part definition',#2,'design');
#7650 = SHAPE_REPRESENTATION('',(#11,#7651),#7655);
#7651 = AXIS2_PLACEMENT_3D('',#7652,#7653,#7654);
#7652 = CARTESIAN_POINT('',(27.974998474121,3.258332252502,
    0.152399942279));
#7653 = DIRECTION('',(-8.742277657348E-008,1.,-4.371140912996E-008));
#7654 = DIRECTION('',(-1.,-8.742277657348E-008,9.466853158302E-031));
#7655 = ( GEOMETRIC_REPRESENTATION_CONTEXT(3) 
GLOBAL_UNCERTAINTY_ASSIGNED_CONTEXT((#7659)) 
GLOBAL_UNIT_ASSIGNED_CONTEXT((#7656,#7657,#7658)) REPRESENTATION_CONTEXT
('Context #1','3D Context with UNIT and UNCERTAINTY') );
#7656 = ( LENGTH_UNIT() NAMED_UNIT(*) SI_UNIT(.MILLI.,.METRE.) );
#7657 = ( NAMED_UNIT(*) PLANE_ANGLE_UNIT() SI_UNIT($,.RADIAN.) );
#7658 = ( NAMED_UNIT(*) SI_UNIT($,.STERADIAN.) SOLID_ANGLE_UNIT() );
#7659 = UNCERTAINTY_MEASURE_WITH_UNIT(LENGTH_MEASURE(1.E-007),#7656,
  'distance_accuracy_value','confusion accuracy');
#7660 = CONTEXT_DEPENDENT_SHAPE_REPRESENTATION(#7661,#7663);
#7661 = ( REPRESENTATION_RELATIONSHIP('','',#637,#7650) 
REPRESENTATION_RELATIONSHIP_WITH_TRANSFORMATION(#7662) 
SHAPE_REPRESENTATION_RELATIONSHIP() );
#7662 = ITEM_DEFINED_TRANSFORMATION('','',#11,#7651);
#7663 = PRODUCT_DEFINITION_SHAPE('Placement','Placement of an item',
  #7664);
#7664 = NEXT_ASSEMBLY_USAGE_OCCURRENCE('11','','',#7645,#1939,$);
#7665 = CONTEXT_DEPENDENT_SHAPE_REPRESENTATION(#7666,#7668);
#7666 = ( REPRESENTATION_RELATIONSHIP('','',#7650,#10) 
REPRESENTATION_RELATIONSHIP_WITH_TRANSFORMATION(#7667) 
SHAPE_REPRESENTATION_RELATIONSHIP() );
#7667 = ITEM_DEFINED_TRANSFORMATION('','',#11,#35);
#7668 = PRODUCT_DEFINITION_SHAPE('Placement','Placement of an item',
  #7669);
#7669 = NEXT_ASSEMBLY_USAGE_OCCURRENCE('12','','',#5,#7645,$);
#7670 = PRODUCT_RELATED_PRODUCT_CATEGORY('part',$,(#7647));
#7671 = SHAPE_DEFINITION_REPRESENTATION(#7672,#7678);
#7672 = PRODUCT_DEFINITION_SHAPE('','',#7673);
#7673 = PRODUCT_DEFINITION('design','',#7674,#7677);
#7674 = PRODUCT_DEFINITION_FORMATION('','',#7675);
#7675 = PRODUCT('R1','R1','',(#7676));
#7676 = PRODUCT_CONTEXT('',#2,'mechanical');
#7677 = PRODUCT_DEFINITION_CONTEXT('part definition',#2,'design');
#7678 = SHAPE_REPRESENTATION('',(#11,#7679),#7683);
#7679 = AXIS2_PLACEMENT_3D('',#7680,#7681,#7682);
#7680 = CARTESIAN_POINT('',(27.974998474121,1.974999904633,
    0.152399942279));
#7681 = DIRECTION('',(-8.742277657348E-008,1.,-4.371140912996E-008));
#7682 = DIRECTION('',(-1.,-8.742277657348E-008,9.466853158302E-031));
#7683 = ( GEOMETRIC_REPRESENTATION_CONTEXT(3) 
GLOBAL_UNCERTAINTY_ASSIGNED_CONTEXT((#7687)) 
GLOBAL_UNIT_ASSIGNED_CONTEXT((#7684,#7685,#7686)) REPRESENTATION_CONTEXT
('Context #1','3D Context with UNIT and UNCERTAINTY') );
#7684 = ( LENGTH_UNIT() NAMED_UNIT(*) SI_UNIT(.MILLI.,.METRE.) );
#7685 = ( NAMED_UNIT(*) PLANE_ANGLE_UNIT() SI_UNIT($,.RADIAN.) );
#7686 = ( NAMED_UNIT(*) SI_UNIT($,.STERADIAN.) SOLID_ANGLE_UNIT() );
#7687 = UNCERTAINTY_MEASURE_WITH_UNIT(LENGTH_MEASURE(1.E-007),#7684,
  'distance_accuracy_value','confusion accuracy');
#7688 = CONTEXT_DEPENDENT_SHAPE_REPRESENTATION(#7689,#7691);
#7689 = ( REPRESENTATION_RELATIONSHIP('','',#637,#7678) 
REPRESENTATION_RELATIONSHIP_WITH_TRANSFORMATION(#7690) 
SHAPE_REPRESENTATION_RELATIONSHIP() );
#7690 = ITEM_DEFINED_TRANSFORMATION('','',#11,#7679);
#7691 = PRODUCT_DEFINITION_SHAPE('Placement','Placement of an item',
  #7692);
#7692 = NEXT_ASSEMBLY_USAGE_OCCURRENCE('13','','',#7673,#1939,$);
#7693 = CONTEXT_DEPENDENT_SHAPE_REPRESENTATION(#7694,#7696);
#7694 = ( REPRESENTATION_RELATIONSHIP('','',#7678,#10) 
REPRESENTATION_RELATIONSHIP_WITH_TRANSFORMATION(#7695) 
SHAPE_REPRESENTATION_RELATIONSHIP() );
#7695 = ITEM_DEFINED_TRANSFORMATION('','',#11,#39);
#7696 = PRODUCT_DEFINITION_SHAPE('Placement','Placement of an item',
  #7697);
#7697 = NEXT_ASSEMBLY_USAGE_OCCURRENCE('14','','',#5,#7673,$);
#7698 = PRODUCT_RELATED_PRODUCT_CATEGORY('part',$,(#7675));
#7699 = SHAPE_DEFINITION_REPRESENTATION(#7700,#7706);
#7700 = PRODUCT_DEFINITION_SHAPE('','',#7701);
#7701 = PRODUCT_DEFINITION('design','',#7702,#7705);
#7702 = PRODUCT_DEFINITION_FORMATION('','',#7703);
#7703 = PRODUCT('IC4','IC4','',(#7704));
#7704 = PRODUCT_CONTEXT('',#2,'mechanical');
#7705 = PRODUCT_DEFINITION_CONTEXT('part definition',#2,'design');
#7706 = SHAPE_REPRESENTATION('',(#11,#7707),#7711);
#7707 = AXIS2_PLACEMENT_3D('',#7708,#7709,#7710);
#7708 = CARTESIAN_POINT('',(19.700000762939,9.700000762939,0.E+000));
#7709 = DIRECTION('',(0.E+000,0.E+000,1.));
#7710 = DIRECTION('',(1.,0.E+000,0.E+000));
#7711 = ( GEOMETRIC_REPRESENTATION_CONTEXT(3) 
GLOBAL_UNCERTAINTY_ASSIGNED_CONTEXT((#7715)) 
GLOBAL_UNIT_ASSIGNED_CONTEXT((#7712,#7713,#7714)) REPRESENTATION_CONTEXT
('Context #1','3D Context with UNIT and UNCERTAINTY') );
#7712 = ( LENGTH_UNIT() NAMED_UNIT(*) SI_UNIT(.MILLI.,.METRE.) );
#7713 = ( NAMED_UNIT(*) PLANE_ANGLE_UNIT() SI_UNIT($,.RADIAN.) );
#7714 = ( NAMED_UNIT(*) SI_UNIT($,.STERADIAN.) SOLID_ANGLE_UNIT() );
#7715 = UNCERTAINTY_MEASURE_WITH_UNIT(LENGTH_MEASURE(1.E-007),#7712,
  'distance_accuracy_value','confusion accuracy');
#7716 = SHAPE_DEFINITION_REPRESENTATION(#7717,#7723);
#7717 = PRODUCT_DEFINITION_SHAPE('','',#7718);
#7718 = PRODUCT_DEFINITION('design','',#7719,#7722);
#7719 = PRODUCT_DEFINITION_FORMATION('','',#7720);
#7720 = PRODUCT('6170563616','6170563616','',(#7721));
#7721 = PRODUCT_CONTEXT('',#2,'mechanical');
#7722 = PRODUCT_DEFINITION_CONTEXT('part definition',#2,'design');
#7723 = SHAPE_REPRESENTATION('',(#11,#7724),#7728);
#7724 = AXIS2_PLACEMENT_3D('',#7725,#7726,#7727);
#7725 = CARTESIAN_POINT('',(0.E+000,0.E+000,0.E+000));
#7726 = DIRECTION('',(0.E+000,0.E+000,1.));
#7727 = DIRECTION('',(1.,0.E+000,0.E+000));
#7728 = ( GEOMETRIC_REPRESENTATION_CONTEXT(3) 
GLOBAL_UNCERTAINTY_ASSIGNED_CONTEXT((#7732)) 
GLOBAL_UNIT_ASSIGNED_CONTEXT((#7729,#7730,#7731)) REPRESENTATION_CONTEXT
('Context #1','3D Context with UNIT and UNCERTAINTY') );
#7729 = ( LENGTH_UNIT() NAMED_UNIT(*) SI_UNIT(.MILLI.,.METRE.) );
#7730 = ( NAMED_UNIT(*) PLANE_ANGLE_UNIT() SI_UNIT($,.RADIAN.) );
#7731 = ( NAMED_UNIT(*) SI_UNIT($,.STERADIAN.) SOLID_ANGLE_UNIT() );
#7732 = UNCERTAINTY_MEASURE_WITH_UNIT(LENGTH_MEASURE(1.E-007),#7729,
  'distance_accuracy_value','confusion accuracy');
#7733 = ADVANCED_BREP_SHAPE_REPRESENTATION('',(#11,#7734),#7884);
#7734 = MANIFOLD_SOLID_BREP('',#7735);
#7735 = CLOSED_SHELL('',(#7736,#7776,#7807,#7838,#7860,#7872));
#7736 = ADVANCED_FACE('',(#7737),#7771,.F.);
#7737 = FACE_BOUND('',#7738,.F.);
#7738 = EDGE_LOOP('',(#7739,#7749,#7757,#7765));
#7739 = ORIENTED_EDGE('',*,*,#7740,.T.);
#7740 = EDGE_CURVE('',#7741,#7743,#7745,.T.);
#7741 = VERTEX_POINT('',#7742);
#7742 = CARTESIAN_POINT('',(-1.39999974,-1.44999964,0.E+000));
#7743 = VERTEX_POINT('',#7744);
#7744 = CARTESIAN_POINT('',(-1.39999974,-1.44999964,1.20000014));
#7745 = LINE('',#7746,#7747);
#7746 = CARTESIAN_POINT('',(-1.39999974,-1.44999964,0.E+000));
#7747 = VECTOR('',#7748,1.);
#7748 = DIRECTION('',(0.E+000,0.E+000,1.));
#7749 = ORIENTED_EDGE('',*,*,#7750,.T.);
#7750 = EDGE_CURVE('',#7743,#7751,#7753,.T.);
#7751 = VERTEX_POINT('',#7752);
#7752 = CARTESIAN_POINT('',(1.39999974,-1.44999964,1.20000014));
#7753 = LINE('',#7754,#7755);
#7754 = CARTESIAN_POINT('',(-1.39999974,-1.44999964,1.20000014));
#7755 = VECTOR('',#7756,1.);
#7756 = DIRECTION('',(1.,0.E+000,0.E+000));
#7757 = ORIENTED_EDGE('',*,*,#7758,.F.);
#7758 = EDGE_CURVE('',#7759,#7751,#7761,.T.);
#7759 = VERTEX_POINT('',#7760);
#7760 = CARTESIAN_POINT('',(1.39999974,-1.44999964,0.E+000));
#7761 = LINE('',#7762,#7763);
#7762 = CARTESIAN_POINT('',(1.39999974,-1.44999964,0.E+000));
#7763 = VECTOR('',#7764,1.);
#7764 = DIRECTION('',(0.E+000,0.E+000,1.));
#7765 = ORIENTED_EDGE('',*,*,#7766,.F.);
#7766 = EDGE_CURVE('',#7741,#7759,#7767,.T.);
#7767 = LINE('',#7768,#7769);
#7768 = CARTESIAN_POINT('',(-1.39999974,-1.44999964,0.E+000));
#7769 = VECTOR('',#7770,1.);
#7770 = DIRECTION('',(1.,0.E+000,0.E+000));
#7771 = PLANE('',#7772);
#7772 = AXIS2_PLACEMENT_3D('',#7773,#7774,#7775);
#7773 = CARTESIAN_POINT('',(-1.39999974,-1.44999964,0.E+000));
#7774 = DIRECTION('',(0.E+000,1.,0.E+000));
#7775 = DIRECTION('',(1.,0.E+000,0.E+000));
#7776 = ADVANCED_FACE('',(#7777),#7802,.F.);
#7777 = FACE_BOUND('',#7778,.F.);
#7778 = EDGE_LOOP('',(#7779,#7780,#7788,#7796));
#7779 = ORIENTED_EDGE('',*,*,#7758,.T.);
#7780 = ORIENTED_EDGE('',*,*,#7781,.T.);
#7781 = EDGE_CURVE('',#7751,#7782,#7784,.T.);
#7782 = VERTEX_POINT('',#7783);
#7783 = CARTESIAN_POINT('',(1.39999974,1.44999964,1.20000014));
#7784 = LINE('',#7785,#7786);
#7785 = CARTESIAN_POINT('',(1.39999974,-1.44999964,1.20000014));
#7786 = VECTOR('',#7787,1.);
#7787 = DIRECTION('',(0.E+000,1.,0.E+000));
#7788 = ORIENTED_EDGE('',*,*,#7789,.F.);
#7789 = EDGE_CURVE('',#7790,#7782,#7792,.T.);
#7790 = VERTEX_POINT('',#7791);
#7791 = CARTESIAN_POINT('',(1.39999974,1.44999964,0.E+000));
#7792 = LINE('',#7793,#7794);
#7793 = CARTESIAN_POINT('',(1.39999974,1.44999964,0.E+000));
#7794 = VECTOR('',#7795,1.);
#7795 = DIRECTION('',(0.E+000,0.E+000,1.));
#7796 = ORIENTED_EDGE('',*,*,#7797,.F.);
#7797 = EDGE_CURVE('',#7759,#7790,#7798,.T.);
#7798 = LINE('',#7799,#7800);
#7799 = CARTESIAN_POINT('',(1.39999974,-1.44999964,0.E+000));
#7800 = VECTOR('',#7801,1.);
#7801 = DIRECTION('',(0.E+000,1.,0.E+000));
#7802 = PLANE('',#7803);
#7803 = AXIS2_PLACEMENT_3D('',#7804,#7805,#7806);
#7804 = CARTESIAN_POINT('',(1.39999974,-1.44999964,0.E+000));
#7805 = DIRECTION('',(-1.,0.E+000,0.E+000));
#7806 = DIRECTION('',(0.E+000,1.,0.E+000));
#7807 = ADVANCED_FACE('',(#7808),#7833,.F.);
#7808 = FACE_BOUND('',#7809,.F.);
#7809 = EDGE_LOOP('',(#7810,#7811,#7819,#7827));
#7810 = ORIENTED_EDGE('',*,*,#7789,.T.);
#7811 = ORIENTED_EDGE('',*,*,#7812,.T.);
#7812 = EDGE_CURVE('',#7782,#7813,#7815,.T.);
#7813 = VERTEX_POINT('',#7814);
#7814 = CARTESIAN_POINT('',(-1.39999974,1.44999964,1.20000014));
#7815 = LINE('',#7816,#7817);
#7816 = CARTESIAN_POINT('',(1.39999974,1.44999964,1.20000014));
#7817 = VECTOR('',#7818,1.);
#7818 = DIRECTION('',(-1.,0.E+000,0.E+000));
#7819 = ORIENTED_EDGE('',*,*,#7820,.F.);
#7820 = EDGE_CURVE('',#7821,#7813,#7823,.T.);
#7821 = VERTEX_POINT('',#7822);
#7822 = CARTESIAN_POINT('',(-1.39999974,1.44999964,0.E+000));
#7823 = LINE('',#7824,#7825);
#7824 = CARTESIAN_POINT('',(-1.39999974,1.44999964,0.E+000));
#7825 = VECTOR('',#7826,1.);
#7826 = DIRECTION('',(0.E+000,0.E+000,1.));
#7827 = ORIENTED_EDGE('',*,*,#7828,.F.);
#7828 = EDGE_CURVE('',#7790,#7821,#7829,.T.);
#7829 = LINE('',#7830,#7831);
#7830 = CARTESIAN_POINT('',(1.39999974,1.44999964,0.E+000));
#7831 = VECTOR('',#7832,1.);
#7832 = DIRECTION('',(-1.,0.E+000,0.E+000));
#7833 = PLANE('',#7834);
#7834 = AXIS2_PLACEMENT_3D('',#7835,#7836,#7837);
#7835 = CARTESIAN_POINT('',(1.39999974,1.44999964,0.E+000));
#7836 = DIRECTION('',(0.E+000,-1.,0.E+000));
#7837 = DIRECTION('',(-1.,0.E+000,0.E+000));
#7838 = ADVANCED_FACE('',(#7839),#7855,.F.);
#7839 = FACE_BOUND('',#7840,.F.);
#7840 = EDGE_LOOP('',(#7841,#7842,#7848,#7849));
#7841 = ORIENTED_EDGE('',*,*,#7820,.T.);
#7842 = ORIENTED_EDGE('',*,*,#7843,.T.);
#7843 = EDGE_CURVE('',#7813,#7743,#7844,.T.);
#7844 = LINE('',#7845,#7846);
#7845 = CARTESIAN_POINT('',(-1.39999974,1.44999964,1.20000014));
#7846 = VECTOR('',#7847,1.);
#7847 = DIRECTION('',(0.E+000,-1.,0.E+000));
#7848 = ORIENTED_EDGE('',*,*,#7740,.F.);
#7849 = ORIENTED_EDGE('',*,*,#7850,.F.);
#7850 = EDGE_CURVE('',#7821,#7741,#7851,.T.);
#7851 = LINE('',#7852,#7853);
#7852 = CARTESIAN_POINT('',(-1.39999974,1.44999964,0.E+000));
#7853 = VECTOR('',#7854,1.);
#7854 = DIRECTION('',(0.E+000,-1.,0.E+000));
#7855 = PLANE('',#7856);
#7856 = AXIS2_PLACEMENT_3D('',#7857,#7858,#7859);
#7857 = CARTESIAN_POINT('',(-1.39999974,1.44999964,0.E+000));
#7858 = DIRECTION('',(1.,0.E+000,-0.E+000));
#7859 = DIRECTION('',(0.E+000,-1.,0.E+000));
#7860 = ADVANCED_FACE('',(#7861),#7867,.T.);
#7861 = FACE_BOUND('',#7862,.F.);
#7862 = EDGE_LOOP('',(#7863,#7864,#7865,#7866));
#7863 = ORIENTED_EDGE('',*,*,#7766,.T.);
#7864 = ORIENTED_EDGE('',*,*,#7797,.T.);
#7865 = ORIENTED_EDGE('',*,*,#7828,.T.);
#7866 = ORIENTED_EDGE('',*,*,#7850,.T.);
#7867 = PLANE('',#7868);
#7868 = AXIS2_PLACEMENT_3D('',#7869,#7870,#7871);
#7869 = CARTESIAN_POINT('',(-1.39999974,-1.44999964,0.E+000));
#7870 = DIRECTION('',(0.E+000,0.E+000,-1.));
#7871 = DIRECTION('',(-1.,0.E+000,-0.E+000));
#7872 = ADVANCED_FACE('',(#7873),#7879,.F.);
#7873 = FACE_BOUND('',#7874,.T.);
#7874 = EDGE_LOOP('',(#7875,#7876,#7877,#7878));
#7875 = ORIENTED_EDGE('',*,*,#7750,.T.);
#7876 = ORIENTED_EDGE('',*,*,#7781,.T.);
#7877 = ORIENTED_EDGE('',*,*,#7812,.T.);
#7878 = ORIENTED_EDGE('',*,*,#7843,.T.);
#7879 = PLANE('',#7880);
#7880 = AXIS2_PLACEMENT_3D('',#7881,#7882,#7883);
#7881 = CARTESIAN_POINT('',(-1.39999974,-1.44999964,1.20000014));
#7882 = DIRECTION('',(0.E+000,0.E+000,-1.));
#7883 = DIRECTION('',(-1.,0.E+000,-0.E+000));
#7884 = ( GEOMETRIC_REPRESENTATION_CONTEXT(3) 
GLOBAL_UNCERTAINTY_ASSIGNED_CONTEXT((#7888)) 
GLOBAL_UNIT_ASSIGNED_CONTEXT((#7885,#7886,#7887)) REPRESENTATION_CONTEXT
('Context #1','3D Context with UNIT and UNCERTAINTY') );
#7885 = ( LENGTH_UNIT() NAMED_UNIT(*) SI_UNIT(.MILLI.,.METRE.) );
#7886 = ( NAMED_UNIT(*) PLANE_ANGLE_UNIT() SI_UNIT($,.RADIAN.) );
#7887 = ( NAMED_UNIT(*) SI_UNIT($,.STERADIAN.) SOLID_ANGLE_UNIT() );
#7888 = UNCERTAINTY_MEASURE_WITH_UNIT(LENGTH_MEASURE(1.E-007),#7885,
  'distance_accuracy_value','confusion accuracy');
#7889 = SHAPE_DEFINITION_REPRESENTATION(#7890,#7733);
#7890 = PRODUCT_DEFINITION_SHAPE('','',#7891);
#7891 = PRODUCT_DEFINITION('design','',#7892,#7895);
#7892 = PRODUCT_DEFINITION_FORMATION('','',#7893);
#7893 = PRODUCT('Extruded','Extruded','',(#7894));
#7894 = PRODUCT_CONTEXT('',#2,'mechanical');
#7895 = PRODUCT_DEFINITION_CONTEXT('part definition',#2,'design');
#7896 = CONTEXT_DEPENDENT_SHAPE_REPRESENTATION(#7897,#7899);
#7897 = ( REPRESENTATION_RELATIONSHIP('','',#7733,#7723) 
REPRESENTATION_RELATIONSHIP_WITH_TRANSFORMATION(#7898) 
SHAPE_REPRESENTATION_RELATIONSHIP() );
#7898 = ITEM_DEFINED_TRANSFORMATION('','',#11,#7724);
#7899 = PRODUCT_DEFINITION_SHAPE('Placement','Placement of an item',
  #7900);
#7900 = NEXT_ASSEMBLY_USAGE_OCCURRENCE('15','2','',#7718,#7891,$);
#7901 = PRODUCT_RELATED_PRODUCT_CATEGORY('part',$,(#7893));
#7902 = CONTEXT_DEPENDENT_SHAPE_REPRESENTATION(#7903,#7905);
#7903 = ( REPRESENTATION_RELATIONSHIP('','',#7723,#7706) 
REPRESENTATION_RELATIONSHIP_WITH_TRANSFORMATION(#7904) 
SHAPE_REPRESENTATION_RELATIONSHIP() );
#7904 = ITEM_DEFINED_TRANSFORMATION('','',#11,#7707);
#7905 = PRODUCT_DEFINITION_SHAPE('Placement','Placement of an item',
  #7906);
#7906 = NEXT_ASSEMBLY_USAGE_OCCURRENCE('16','','',#7701,#7718,$);
#7907 = PRODUCT_RELATED_PRODUCT_CATEGORY('part',$,(#7720));
#7908 = CONTEXT_DEPENDENT_SHAPE_REPRESENTATION(#7909,#7911);
#7909 = ( REPRESENTATION_RELATIONSHIP('','',#7706,#10) 
REPRESENTATION_RELATIONSHIP_WITH_TRANSFORMATION(#7910) 
SHAPE_REPRESENTATION_RELATIONSHIP() );
#7910 = ITEM_DEFINED_TRANSFORMATION('','',#11,#43);
#7911 = PRODUCT_DEFINITION_SHAPE('Placement','Placement of an item',
  #7912);
#7912 = NEXT_ASSEMBLY_USAGE_OCCURRENCE('17','','',#5,#7701,$);
#7913 = PRODUCT_RELATED_PRODUCT_CATEGORY('part',$,(#7703));
#7914 = SHAPE_DEFINITION_REPRESENTATION(#7915,#7921);
#7915 = PRODUCT_DEFINITION_SHAPE('','',#7916);
#7916 = PRODUCT_DEFINITION('design','',#7917,#7920);
#7917 = PRODUCT_DEFINITION_FORMATION('','',#7918);
#7918 = PRODUCT('IC3','IC3','',(#7919));
#7919 = PRODUCT_CONTEXT('',#2,'mechanical');
#7920 = PRODUCT_DEFINITION_CONTEXT('part definition',#2,'design');
#7921 = SHAPE_REPRESENTATION('',(#11,#7922),#7926);
#7922 = AXIS2_PLACEMENT_3D('',#7923,#7924,#7925);
#7923 = CARTESIAN_POINT('',(21.925201416016,3.976928710938,0.E+000));
#7924 = DIRECTION('',(0.E+000,0.E+000,1.));
#7925 = DIRECTION('',(1.,0.E+000,0.E+000));
#7926 = ( GEOMETRIC_REPRESENTATION_CONTEXT(3) 
GLOBAL_UNCERTAINTY_ASSIGNED_CONTEXT((#7930)) 
GLOBAL_UNIT_ASSIGNED_CONTEXT((#7927,#7928,#7929)) REPRESENTATION_CONTEXT
('Context #1','3D Context with UNIT and UNCERTAINTY') );
#7927 = ( LENGTH_UNIT() NAMED_UNIT(*) SI_UNIT(.MILLI.,.METRE.) );
#7928 = ( NAMED_UNIT(*) PLANE_ANGLE_UNIT() SI_UNIT($,.RADIAN.) );
#7929 = ( NAMED_UNIT(*) SI_UNIT($,.STERADIAN.) SOLID_ANGLE_UNIT() );
#7930 = UNCERTAINTY_MEASURE_WITH_UNIT(LENGTH_MEASURE(1.E-007),#7927,
  'distance_accuracy_value','confusion accuracy');
#7931 = SHAPE_DEFINITION_REPRESENTATION(#7932,#7938);
#7932 = PRODUCT_DEFINITION_SHAPE('','',#7933);
#7933 = PRODUCT_DEFINITION('design','',#7934,#7937);
#7934 = PRODUCT_DEFINITION_FORMATION('','',#7935);
#7935 = PRODUCT('6170564016','6170564016','',(#7936));
#7936 = PRODUCT_CONTEXT('',#2,'mechanical');
#7937 = PRODUCT_DEFINITION_CONTEXT('part definition',#2,'design');
#7938 = SHAPE_REPRESENTATION('',(#11,#7939),#7943);
#7939 = AXIS2_PLACEMENT_3D('',#7940,#7941,#7942);
#7940 = CARTESIAN_POINT('',(0.E+000,0.E+000,0.E+000));
#7941 = DIRECTION('',(0.E+000,0.E+000,1.));
#7942 = DIRECTION('',(1.,0.E+000,0.E+000));
#7943 = ( GEOMETRIC_REPRESENTATION_CONTEXT(3) 
GLOBAL_UNCERTAINTY_ASSIGNED_CONTEXT((#7947)) 
GLOBAL_UNIT_ASSIGNED_CONTEXT((#7944,#7945,#7946)) REPRESENTATION_CONTEXT
('Context #1','3D Context with UNIT and UNCERTAINTY') );
#7944 = ( LENGTH_UNIT() NAMED_UNIT(*) SI_UNIT(.MILLI.,.METRE.) );
#7945 = ( NAMED_UNIT(*) PLANE_ANGLE_UNIT() SI_UNIT($,.RADIAN.) );
#7946 = ( NAMED_UNIT(*) SI_UNIT($,.STERADIAN.) SOLID_ANGLE_UNIT() );
#7947 = UNCERTAINTY_MEASURE_WITH_UNIT(LENGTH_MEASURE(1.E-007),#7944,
  'distance_accuracy_value','confusion accuracy');
#7948 = ADVANCED_BREP_SHAPE_REPRESENTATION('',(#11,#7949),#8099);
#7949 = MANIFOLD_SOLID_BREP('',#7950);
#7950 = CLOSED_SHELL('',(#7951,#7991,#8022,#8053,#8075,#8087));
#7951 = ADVANCED_FACE('',(#7952),#7986,.F.);
#7952 = FACE_BOUND('',#7953,.F.);
#7953 = EDGE_LOOP('',(#7954,#7964,#7972,#7980));
#7954 = ORIENTED_EDGE('',*,*,#7955,.T.);
#7955 = EDGE_CURVE('',#7956,#7958,#7960,.T.);
#7956 = VERTEX_POINT('',#7957);
#7957 = CARTESIAN_POINT('',(2.99999908,2.45000018,0.E+000));
#7958 = VERTEX_POINT('',#7959);
#7959 = CARTESIAN_POINT('',(2.99999908,2.45000018,1.69999914));
#7960 = LINE('',#7961,#7962);
#7961 = CARTESIAN_POINT('',(2.99999908,2.45000018,0.E+000));
#7962 = VECTOR('',#7963,1.);
#7963 = DIRECTION('',(0.E+000,0.E+000,1.));
#7964 = ORIENTED_EDGE('',*,*,#7965,.T.);
#7965 = EDGE_CURVE('',#7958,#7966,#7968,.T.);
#7966 = VERTEX_POINT('',#7967);
#7967 = CARTESIAN_POINT('',(-2.99999908,2.45000018,1.69999914));
#7968 = LINE('',#7969,#7970);
#7969 = CARTESIAN_POINT('',(2.99999908,2.45000018,1.69999914));
#7970 = VECTOR('',#7971,1.);
#7971 = DIRECTION('',(-1.,0.E+000,0.E+000));
#7972 = ORIENTED_EDGE('',*,*,#7973,.F.);
#7973 = EDGE_CURVE('',#7974,#7966,#7976,.T.);
#7974 = VERTEX_POINT('',#7975);
#7975 = CARTESIAN_POINT('',(-2.99999908,2.45000018,0.E+000));
#7976 = LINE('',#7977,#7978);
#7977 = CARTESIAN_POINT('',(-2.99999908,2.45000018,0.E+000));
#7978 = VECTOR('',#7979,1.);
#7979 = DIRECTION('',(0.E+000,0.E+000,1.));
#7980 = ORIENTED_EDGE('',*,*,#7981,.F.);
#7981 = EDGE_CURVE('',#7956,#7974,#7982,.T.);
#7982 = LINE('',#7983,#7984);
#7983 = CARTESIAN_POINT('',(2.99999908,2.45000018,0.E+000));
#7984 = VECTOR('',#7985,1.);
#7985 = DIRECTION('',(-1.,0.E+000,0.E+000));
#7986 = PLANE('',#7987);
#7987 = AXIS2_PLACEMENT_3D('',#7988,#7989,#7990);
#7988 = CARTESIAN_POINT('',(2.99999908,2.45000018,0.E+000));
#7989 = DIRECTION('',(0.E+000,-1.,0.E+000));
#7990 = DIRECTION('',(-1.,0.E+000,0.E+000));
#7991 = ADVANCED_FACE('',(#7992),#8017,.F.);
#7992 = FACE_BOUND('',#7993,.F.);
#7993 = EDGE_LOOP('',(#7994,#7995,#8003,#8011));
#7994 = ORIENTED_EDGE('',*,*,#7973,.T.);
#7995 = ORIENTED_EDGE('',*,*,#7996,.T.);
#7996 = EDGE_CURVE('',#7966,#7997,#7999,.T.);
#7997 = VERTEX_POINT('',#7998);
#7998 = CARTESIAN_POINT('',(-2.99999908,-2.45000018,1.69999914));
#7999 = LINE('',#8000,#8001);
#8000 = CARTESIAN_POINT('',(-2.99999908,2.45000018,1.69999914));
#8001 = VECTOR('',#8002,1.);
#8002 = DIRECTION('',(0.E+000,-1.,0.E+000));
#8003 = ORIENTED_EDGE('',*,*,#8004,.F.);
#8004 = EDGE_CURVE('',#8005,#7997,#8007,.T.);
#8005 = VERTEX_POINT('',#8006);
#8006 = CARTESIAN_POINT('',(-2.99999908,-2.45000018,0.E+000));
#8007 = LINE('',#8008,#8009);
#8008 = CARTESIAN_POINT('',(-2.99999908,-2.45000018,0.E+000));
#8009 = VECTOR('',#8010,1.);
#8010 = DIRECTION('',(0.E+000,0.E+000,1.));
#8011 = ORIENTED_EDGE('',*,*,#8012,.F.);
#8012 = EDGE_CURVE('',#7974,#8005,#8013,.T.);
#8013 = LINE('',#8014,#8015);
#8014 = CARTESIAN_POINT('',(-2.99999908,2.45000018,0.E+000));
#8015 = VECTOR('',#8016,1.);
#8016 = DIRECTION('',(0.E+000,-1.,0.E+000));
#8017 = PLANE('',#8018);
#8018 = AXIS2_PLACEMENT_3D('',#8019,#8020,#8021);
#8019 = CARTESIAN_POINT('',(-2.99999908,2.45000018,0.E+000));
#8020 = DIRECTION('',(1.,0.E+000,-0.E+000));
#8021 = DIRECTION('',(0.E+000,-1.,0.E+000));
#8022 = ADVANCED_FACE('',(#8023),#8048,.F.);
#8023 = FACE_BOUND('',#8024,.F.);
#8024 = EDGE_LOOP('',(#8025,#8026,#8034,#8042));
#8025 = ORIENTED_EDGE('',*,*,#8004,.T.);
#8026 = ORIENTED_EDGE('',*,*,#8027,.T.);
#8027 = EDGE_CURVE('',#7997,#8028,#8030,.T.);
#8028 = VERTEX_POINT('',#8029);
#8029 = CARTESIAN_POINT('',(2.99999908,-2.45000018,1.69999914));
#8030 = LINE('',#8031,#8032);
#8031 = CARTESIAN_POINT('',(-2.99999908,-2.45000018,1.69999914));
#8032 = VECTOR('',#8033,1.);
#8033 = DIRECTION('',(1.,0.E+000,0.E+000));
#8034 = ORIENTED_EDGE('',*,*,#8035,.F.);
#8035 = EDGE_CURVE('',#8036,#8028,#8038,.T.);
#8036 = VERTEX_POINT('',#8037);
#8037 = CARTESIAN_POINT('',(2.99999908,-2.45000018,0.E+000));
#8038 = LINE('',#8039,#8040);
#8039 = CARTESIAN_POINT('',(2.99999908,-2.45000018,0.E+000));
#8040 = VECTOR('',#8041,1.);
#8041 = DIRECTION('',(0.E+000,0.E+000,1.));
#8042 = ORIENTED_EDGE('',*,*,#8043,.F.);
#8043 = EDGE_CURVE('',#8005,#8036,#8044,.T.);
#8044 = LINE('',#8045,#8046);
#8045 = CARTESIAN_POINT('',(-2.99999908,-2.45000018,0.E+000));
#8046 = VECTOR('',#8047,1.);
#8047 = DIRECTION('',(1.,0.E+000,0.E+000));
#8048 = PLANE('',#8049);
#8049 = AXIS2_PLACEMENT_3D('',#8050,#8051,#8052);
#8050 = CARTESIAN_POINT('',(-2.99999908,-2.45000018,0.E+000));
#8051 = DIRECTION('',(0.E+000,1.,0.E+000));
#8052 = DIRECTION('',(1.,0.E+000,0.E+000));
#8053 = ADVANCED_FACE('',(#8054),#8070,.F.);
#8054 = FACE_BOUND('',#8055,.F.);
#8055 = EDGE_LOOP('',(#8056,#8057,#8063,#8064));
#8056 = ORIENTED_EDGE('',*,*,#8035,.T.);
#8057 = ORIENTED_EDGE('',*,*,#8058,.T.);
#8058 = EDGE_CURVE('',#8028,#7958,#8059,.T.);
#8059 = LINE('',#8060,#8061);
#8060 = CARTESIAN_POINT('',(2.99999908,-2.45000018,1.69999914));
#8061 = VECTOR('',#8062,1.);
#8062 = DIRECTION('',(0.E+000,1.,0.E+000));
#8063 = ORIENTED_EDGE('',*,*,#7955,.F.);
#8064 = ORIENTED_EDGE('',*,*,#8065,.F.);
#8065 = EDGE_CURVE('',#8036,#7956,#8066,.T.);
#8066 = LINE('',#8067,#8068);
#8067 = CARTESIAN_POINT('',(2.99999908,-2.45000018,0.E+000));
#8068 = VECTOR('',#8069,1.);
#8069 = DIRECTION('',(0.E+000,1.,0.E+000));
#8070 = PLANE('',#8071);
#8071 = AXIS2_PLACEMENT_3D('',#8072,#8073,#8074);
#8072 = CARTESIAN_POINT('',(2.99999908,-2.45000018,0.E+000));
#8073 = DIRECTION('',(-1.,0.E+000,0.E+000));
#8074 = DIRECTION('',(0.E+000,1.,0.E+000));
#8075 = ADVANCED_FACE('',(#8076),#8082,.T.);
#8076 = FACE_BOUND('',#8077,.F.);
#8077 = EDGE_LOOP('',(#8078,#8079,#8080,#8081));
#8078 = ORIENTED_EDGE('',*,*,#7981,.T.);
#8079 = ORIENTED_EDGE('',*,*,#8012,.T.);
#8080 = ORIENTED_EDGE('',*,*,#8043,.T.);
#8081 = ORIENTED_EDGE('',*,*,#8065,.T.);
#8082 = PLANE('',#8083);
#8083 = AXIS2_PLACEMENT_3D('',#8084,#8085,#8086);
#8084 = CARTESIAN_POINT('',(2.99999908,2.45000018,0.E+000));
#8085 = DIRECTION('',(-0.E+000,0.E+000,-1.));
#8086 = DIRECTION('',(-1.,0.E+000,0.E+000));
#8087 = ADVANCED_FACE('',(#8088),#8094,.F.);
#8088 = FACE_BOUND('',#8089,.T.);
#8089 = EDGE_LOOP('',(#8090,#8091,#8092,#8093));
#8090 = ORIENTED_EDGE('',*,*,#7965,.T.);
#8091 = ORIENTED_EDGE('',*,*,#7996,.T.);
#8092 = ORIENTED_EDGE('',*,*,#8027,.T.);
#8093 = ORIENTED_EDGE('',*,*,#8058,.T.);
#8094 = PLANE('',#8095);
#8095 = AXIS2_PLACEMENT_3D('',#8096,#8097,#8098);
#8096 = CARTESIAN_POINT('',(2.99999908,2.45000018,1.69999914));
#8097 = DIRECTION('',(-0.E+000,0.E+000,-1.));
#8098 = DIRECTION('',(-1.,0.E+000,0.E+000));
#8099 = ( GEOMETRIC_REPRESENTATION_CONTEXT(3) 
GLOBAL_UNCERTAINTY_ASSIGNED_CONTEXT((#8103)) 
GLOBAL_UNIT_ASSIGNED_CONTEXT((#8100,#8101,#8102)) REPRESENTATION_CONTEXT
('Context #1','3D Context with UNIT and UNCERTAINTY') );
#8100 = ( LENGTH_UNIT() NAMED_UNIT(*) SI_UNIT(.MILLI.,.METRE.) );
#8101 = ( NAMED_UNIT(*) PLANE_ANGLE_UNIT() SI_UNIT($,.RADIAN.) );
#8102 = ( NAMED_UNIT(*) SI_UNIT($,.STERADIAN.) SOLID_ANGLE_UNIT() );
#8103 = UNCERTAINTY_MEASURE_WITH_UNIT(LENGTH_MEASURE(1.E-007),#8100,
  'distance_accuracy_value','confusion accuracy');
#8104 = SHAPE_DEFINITION_REPRESENTATION(#8105,#7948);
#8105 = PRODUCT_DEFINITION_SHAPE('','',#8106);
#8106 = PRODUCT_DEFINITION('design','',#8107,#8110);
#8107 = PRODUCT_DEFINITION_FORMATION('','',#8108);
#8108 = PRODUCT('Extruded','Extruded','',(#8109));
#8109 = PRODUCT_CONTEXT('',#2,'mechanical');
#8110 = PRODUCT_DEFINITION_CONTEXT('part definition',#2,'design');
#8111 = CONTEXT_DEPENDENT_SHAPE_REPRESENTATION(#8112,#8114);
#8112 = ( REPRESENTATION_RELATIONSHIP('','',#7948,#7938) 
REPRESENTATION_RELATIONSHIP_WITH_TRANSFORMATION(#8113) 
SHAPE_REPRESENTATION_RELATIONSHIP() );
#8113 = ITEM_DEFINED_TRANSFORMATION('','',#11,#7939);
#8114 = PRODUCT_DEFINITION_SHAPE('Placement','Placement of an item',
  #8115);
#8115 = NEXT_ASSEMBLY_USAGE_OCCURRENCE('18','1','',#7933,#8106,$);
#8116 = PRODUCT_RELATED_PRODUCT_CATEGORY('part',$,(#8108));
#8117 = CONTEXT_DEPENDENT_SHAPE_REPRESENTATION(#8118,#8120);
#8118 = ( REPRESENTATION_RELATIONSHIP('','',#7938,#7921) 
REPRESENTATION_RELATIONSHIP_WITH_TRANSFORMATION(#8119) 
SHAPE_REPRESENTATION_RELATIONSHIP() );
#8119 = ITEM_DEFINED_TRANSFORMATION('','',#11,#7922);
#8120 = PRODUCT_DEFINITION_SHAPE('Placement','Placement of an item',
  #8121);
#8121 = NEXT_ASSEMBLY_USAGE_OCCURRENCE('19','','',#7916,#7933,$);
#8122 = PRODUCT_RELATED_PRODUCT_CATEGORY('part',$,(#7935));
#8123 = CONTEXT_DEPENDENT_SHAPE_REPRESENTATION(#8124,#8126);
#8124 = ( REPRESENTATION_RELATIONSHIP('','',#7921,#10) 
REPRESENTATION_RELATIONSHIP_WITH_TRANSFORMATION(#8125) 
SHAPE_REPRESENTATION_RELATIONSHIP() );
#8125 = ITEM_DEFINED_TRANSFORMATION('','',#11,#47);
#8126 = PRODUCT_DEFINITION_SHAPE('Placement','Placement of an item',
  #8127);
#8127 = NEXT_ASSEMBLY_USAGE_OCCURRENCE('20','','',#5,#7916,$);
#8128 = PRODUCT_RELATED_PRODUCT_CATEGORY('part',$,(#7918));
#8129 = SHAPE_DEFINITION_REPRESENTATION(#8130,#8136);
#8130 = PRODUCT_DEFINITION_SHAPE('','',#8131);
#8131 = PRODUCT_DEFINITION('design','',#8132,#8135);
#8132 = PRODUCT_DEFINITION_FORMATION('','',#8133);
#8133 = PRODUCT('C5','C5','',(#8134));
#8134 = PRODUCT_CONTEXT('',#2,'mechanical');
#8135 = PRODUCT_DEFINITION_CONTEXT('part definition',#2,'design');
#8136 = SHAPE_REPRESENTATION('',(#11,#8137),#8141);
#8137 = AXIS2_PLACEMENT_3D('',#8138,#8139,#8140);
#8138 = CARTESIAN_POINT('',(22.19037437439,11.748907089233,0.E+000));
#8139 = DIRECTION('',(0.E+000,-1.,-4.371140912996E-008));
#8140 = DIRECTION('',(1.,0.E+000,0.E+000));
#8141 = ( GEOMETRIC_REPRESENTATION_CONTEXT(3) 
GLOBAL_UNCERTAINTY_ASSIGNED_CONTEXT((#8145)) 
GLOBAL_UNIT_ASSIGNED_CONTEXT((#8142,#8143,#8144)) REPRESENTATION_CONTEXT
('Context #1','3D Context with UNIT and UNCERTAINTY') );
#8142 = ( LENGTH_UNIT() NAMED_UNIT(*) SI_UNIT(.MILLI.,.METRE.) );
#8143 = ( NAMED_UNIT(*) PLANE_ANGLE_UNIT() SI_UNIT($,.RADIAN.) );
#8144 = ( NAMED_UNIT(*) SI_UNIT($,.STERADIAN.) SOLID_ANGLE_UNIT() );
#8145 = UNCERTAINTY_MEASURE_WITH_UNIT(LENGTH_MEASURE(2.E-005),#8142,
  'distance_accuracy_value','confusion accuracy');
#8146 = SHAPE_REPRESENTATION('',(#11,#8147,#8297,#8447,#8597,#9681,
    #10765,#11249,#12131,#13055),#13937);
#8147 = MANIFOLD_SOLID_BREP('',#8148);
#8148 = CLOSED_SHELL('',(#8149,#8189,#8220,#8251,#8273,#8285));
#8149 = ADVANCED_FACE('',(#8150),#8184,.T.);
#8150 = FACE_BOUND('',#8151,.T.);
#8151 = EDGE_LOOP('',(#8152,#8162,#8170,#8178));
#8152 = ORIENTED_EDGE('',*,*,#8153,.F.);
#8153 = EDGE_CURVE('',#8154,#8156,#8158,.T.);
#8154 = VERTEX_POINT('',#8155);
#8155 = CARTESIAN_POINT('',(0.E+000,0.E+000,0.5));
#8156 = VERTEX_POINT('',#8157);
#8157 = CARTESIAN_POINT('',(0.E+000,0.E+000,0.E+000));
#8158 = LINE('',#8159,#8160);
#8159 = CARTESIAN_POINT('',(0.E+000,0.E+000,0.5));
#8160 = VECTOR('',#8161,1.);
#8161 = DIRECTION('',(0.E+000,0.E+000,-1.));
#8162 = ORIENTED_EDGE('',*,*,#8163,.T.);
#8163 = EDGE_CURVE('',#8154,#8164,#8166,.T.);
#8164 = VERTEX_POINT('',#8165);
#8165 = CARTESIAN_POINT('',(0.E+000,0.35,0.5));
#8166 = LINE('',#8167,#8168);
#8167 = CARTESIAN_POINT('',(0.E+000,0.E+000,0.5));
#8168 = VECTOR('',#8169,1.);
#8169 = DIRECTION('',(0.E+000,1.,0.E+000));
#8170 = ORIENTED_EDGE('',*,*,#8171,.F.);
#8171 = EDGE_CURVE('',#8172,#8164,#8174,.T.);
#8172 = VERTEX_POINT('',#8173);
#8173 = CARTESIAN_POINT('',(0.E+000,0.35,0.E+000));
#8174 = LINE('',#8175,#8176);
#8175 = CARTESIAN_POINT('',(0.E+000,0.35,0.5));
#8176 = VECTOR('',#8177,1.);
#8177 = DIRECTION('',(0.E+000,0.E+000,1.));
#8178 = ORIENTED_EDGE('',*,*,#8179,.F.);
#8179 = EDGE_CURVE('',#8156,#8172,#8180,.T.);
#8180 = LINE('',#8181,#8182);
#8181 = CARTESIAN_POINT('',(0.E+000,0.E+000,0.E+000));
#8182 = VECTOR('',#8183,1.);
#8183 = DIRECTION('',(0.E+000,1.,0.E+000));
#8184 = PLANE('',#8185);
#8185 = AXIS2_PLACEMENT_3D('',#8186,#8187,#8188);
#8186 = CARTESIAN_POINT('',(0.E+000,0.E+000,0.E+000));
#8187 = DIRECTION('',(-1.,0.E+000,0.E+000));
#8188 = DIRECTION('',(0.E+000,0.E+000,1.));
#8189 = ADVANCED_FACE('',(#8190),#8215,.T.);
#8190 = FACE_BOUND('',#8191,.T.);
#8191 = EDGE_LOOP('',(#8192,#8200,#8201,#8209));
#8192 = ORIENTED_EDGE('',*,*,#8193,.F.);
#8193 = EDGE_CURVE('',#8156,#8194,#8196,.T.);
#8194 = VERTEX_POINT('',#8195);
#8195 = CARTESIAN_POINT('',(0.19999999553,0.E+000,0.E+000));
#8196 = LINE('',#8197,#8198);
#8197 = CARTESIAN_POINT('',(0.E+000,0.E+000,0.E+000));
#8198 = VECTOR('',#8199,1.);
#8199 = DIRECTION('',(1.,0.E+000,0.E+000));
#8200 = ORIENTED_EDGE('',*,*,#8179,.T.);
#8201 = ORIENTED_EDGE('',*,*,#8202,.F.);
#8202 = EDGE_CURVE('',#8203,#8172,#8205,.T.);
#8203 = VERTEX_POINT('',#8204);
#8204 = CARTESIAN_POINT('',(0.19999999553,0.35,0.E+000));
#8205 = LINE('',#8206,#8207);
#8206 = CARTESIAN_POINT('',(0.E+000,0.35,0.E+000));
#8207 = VECTOR('',#8208,1.);
#8208 = DIRECTION('',(-1.,0.E+000,0.E+000));
#8209 = ORIENTED_EDGE('',*,*,#8210,.F.);
#8210 = EDGE_CURVE('',#8194,#8203,#8211,.T.);
#8211 = LINE('',#8212,#8213);
#8212 = CARTESIAN_POINT('',(0.19999999553,0.E+000,0.E+000));
#8213 = VECTOR('',#8214,1.);
#8214 = DIRECTION('',(0.E+000,1.,0.E+000));
#8215 = PLANE('',#8216);
#8216 = AXIS2_PLACEMENT_3D('',#8217,#8218,#8219);
#8217 = CARTESIAN_POINT('',(0.19999999553,0.E+000,0.E+000));
#8218 = DIRECTION('',(0.E+000,0.E+000,-1.));
#8219 = DIRECTION('',(-1.,0.E+000,0.E+000));
#8220 = ADVANCED_FACE('',(#8221),#8246,.T.);
#8221 = FACE_BOUND('',#8222,.T.);
#8222 = EDGE_LOOP('',(#8223,#8231,#8232,#8240));
#8223 = ORIENTED_EDGE('',*,*,#8224,.T.);
#8224 = EDGE_CURVE('',#8225,#8194,#8227,.T.);
#8225 = VERTEX_POINT('',#8226);
#8226 = CARTESIAN_POINT('',(0.19999999553,0.E+000,0.499999988824));
#8227 = LINE('',#8228,#8229);
#8228 = CARTESIAN_POINT('',(0.19999999553,0.E+000,0.499999988824));
#8229 = VECTOR('',#8230,1.);
#8230 = DIRECTION('',(0.E+000,0.E+000,-1.));
#8231 = ORIENTED_EDGE('',*,*,#8210,.T.);
#8232 = ORIENTED_EDGE('',*,*,#8233,.F.);
#8233 = EDGE_CURVE('',#8234,#8203,#8236,.T.);
#8234 = VERTEX_POINT('',#8235);
#8235 = CARTESIAN_POINT('',(0.19999999553,0.35,0.499999988824));
#8236 = LINE('',#8237,#8238);
#8237 = CARTESIAN_POINT('',(0.19999999553,0.35,0.499999988824));
#8238 = VECTOR('',#8239,1.);
#8239 = DIRECTION('',(0.E+000,0.E+000,-1.));
#8240 = ORIENTED_EDGE('',*,*,#8241,.F.);
#8241 = EDGE_CURVE('',#8225,#8234,#8242,.T.);
#8242 = LINE('',#8243,#8244);
#8243 = CARTESIAN_POINT('',(0.19999999553,0.E+000,0.499999988824));
#8244 = VECTOR('',#8245,1.);
#8245 = DIRECTION('',(0.E+000,1.,0.E+000));
#8246 = PLANE('',#8247);
#8247 = AXIS2_PLACEMENT_3D('',#8248,#8249,#8250);
#8248 = CARTESIAN_POINT('',(0.19999999553,0.E+000,0.499999988824));
#8249 = DIRECTION('',(1.,0.E+000,0.E+000));
#8250 = DIRECTION('',(0.E+000,0.E+000,-1.));
#8251 = ADVANCED_FACE('',(#8252),#8268,.T.);
#8252 = FACE_BOUND('',#8253,.T.);
#8253 = EDGE_LOOP('',(#8254,#8260,#8261,#8267));
#8254 = ORIENTED_EDGE('',*,*,#8255,.F.);
#8255 = EDGE_CURVE('',#8225,#8154,#8256,.T.);
#8256 = LINE('',#8257,#8258);
#8257 = CARTESIAN_POINT('',(1.,0.E+000,0.5));
#8258 = VECTOR('',#8259,1.);
#8259 = DIRECTION('',(-1.,0.E+000,0.E+000));
#8260 = ORIENTED_EDGE('',*,*,#8241,.T.);
#8261 = ORIENTED_EDGE('',*,*,#8262,.F.);
#8262 = EDGE_CURVE('',#8164,#8234,#8263,.T.);
#8263 = LINE('',#8264,#8265);
#8264 = CARTESIAN_POINT('',(1.,0.35,0.5));
#8265 = VECTOR('',#8266,1.);
#8266 = DIRECTION('',(1.,0.E+000,0.E+000));
#8267 = ORIENTED_EDGE('',*,*,#8163,.F.);
#8268 = PLANE('',#8269);
#8269 = AXIS2_PLACEMENT_3D('',#8270,#8271,#8272);
#8270 = CARTESIAN_POINT('',(0.E+000,0.E+000,0.5));
#8271 = DIRECTION('',(0.E+000,0.E+000,1.));
#8272 = DIRECTION('',(1.,0.E+000,-0.E+000));
#8273 = ADVANCED_FACE('',(#8274),#8280,.T.);
#8274 = FACE_BOUND('',#8275,.T.);
#8275 = EDGE_LOOP('',(#8276,#8277,#8278,#8279));
#8276 = ORIENTED_EDGE('',*,*,#8262,.T.);
#8277 = ORIENTED_EDGE('',*,*,#8233,.T.);
#8278 = ORIENTED_EDGE('',*,*,#8202,.T.);
#8279 = ORIENTED_EDGE('',*,*,#8171,.T.);
#8280 = PLANE('',#8281);
#8281 = AXIS2_PLACEMENT_3D('',#8282,#8283,#8284);
#8282 = CARTESIAN_POINT('',(9.999999776483E-002,0.35,0.25));
#8283 = DIRECTION('',(0.E+000,1.,0.E+000));
#8284 = DIRECTION('',(0.E+000,-0.E+000,1.));
#8285 = ADVANCED_FACE('',(#8286),#8292,.F.);
#8286 = FACE_BOUND('',#8287,.T.);
#8287 = EDGE_LOOP('',(#8288,#8289,#8290,#8291));
#8288 = ORIENTED_EDGE('',*,*,#8255,.T.);
#8289 = ORIENTED_EDGE('',*,*,#8153,.T.);
#8290 = ORIENTED_EDGE('',*,*,#8193,.T.);
#8291 = ORIENTED_EDGE('',*,*,#8224,.F.);
#8292 = PLANE('',#8293);
#8293 = AXIS2_PLACEMENT_3D('',#8294,#8295,#8296);
#8294 = CARTESIAN_POINT('',(9.999999776483E-002,0.E+000,0.25));
#8295 = DIRECTION('',(0.E+000,1.,0.E+000));
#8296 = DIRECTION('',(1.,0.E+000,0.E+000));
#8297 = MANIFOLD_SOLID_BREP('',#8298);
#8298 = CLOSED_SHELL('',(#8299,#8339,#8370,#8401,#8423,#8435));
#8299 = ADVANCED_FACE('',(#8300),#8334,.T.);
#8300 = FACE_BOUND('',#8301,.T.);
#8301 = EDGE_LOOP('',(#8302,#8312,#8320,#8328));
#8302 = ORIENTED_EDGE('',*,*,#8303,.F.);
#8303 = EDGE_CURVE('',#8304,#8306,#8308,.T.);
#8304 = VERTEX_POINT('',#8305);
#8305 = CARTESIAN_POINT('',(1.,0.E+000,0.E+000));
#8306 = VERTEX_POINT('',#8307);
#8307 = CARTESIAN_POINT('',(1.,0.E+000,0.5));
#8308 = LINE('',#8309,#8310);
#8309 = CARTESIAN_POINT('',(1.,0.E+000,0.E+000));
#8310 = VECTOR('',#8311,1.);
#8311 = DIRECTION('',(0.E+000,0.E+000,1.));
#8312 = ORIENTED_EDGE('',*,*,#8313,.T.);
#8313 = EDGE_CURVE('',#8304,#8314,#8316,.T.);
#8314 = VERTEX_POINT('',#8315);
#8315 = CARTESIAN_POINT('',(1.,0.35,0.E+000));
#8316 = LINE('',#8317,#8318);
#8317 = CARTESIAN_POINT('',(1.,0.E+000,0.E+000));
#8318 = VECTOR('',#8319,1.);
#8319 = DIRECTION('',(0.E+000,1.,0.E+000));
#8320 = ORIENTED_EDGE('',*,*,#8321,.F.);
#8321 = EDGE_CURVE('',#8322,#8314,#8324,.T.);
#8322 = VERTEX_POINT('',#8323);
#8323 = CARTESIAN_POINT('',(1.,0.35,0.5));
#8324 = LINE('',#8325,#8326);
#8325 = CARTESIAN_POINT('',(1.,0.35,0.E+000));
#8326 = VECTOR('',#8327,1.);
#8327 = DIRECTION('',(0.E+000,0.E+000,-1.));
#8328 = ORIENTED_EDGE('',*,*,#8329,.F.);
#8329 = EDGE_CURVE('',#8306,#8322,#8330,.T.);
#8330 = LINE('',#8331,#8332);
#8331 = CARTESIAN_POINT('',(1.,0.E+000,0.5));
#8332 = VECTOR('',#8333,1.);
#8333 = DIRECTION('',(0.E+000,1.,0.E+000));
#8334 = PLANE('',#8335);
#8335 = AXIS2_PLACEMENT_3D('',#8336,#8337,#8338);
#8336 = CARTESIAN_POINT('',(1.,0.E+000,0.5));
#8337 = DIRECTION('',(1.,0.E+000,0.E+000));
#8338 = DIRECTION('',(0.E+000,0.E+000,-1.));
#8339 = ADVANCED_FACE('',(#8340),#8365,.T.);
#8340 = FACE_BOUND('',#8341,.T.);
#8341 = EDGE_LOOP('',(#8342,#8350,#8351,#8359));
#8342 = ORIENTED_EDGE('',*,*,#8343,.F.);
#8343 = EDGE_CURVE('',#8306,#8344,#8346,.T.);
#8344 = VERTEX_POINT('',#8345);
#8345 = CARTESIAN_POINT('',(0.799999982119,0.E+000,0.499999988824));
#8346 = LINE('',#8347,#8348);
#8347 = CARTESIAN_POINT('',(1.,0.E+000,0.5));
#8348 = VECTOR('',#8349,1.);
#8349 = DIRECTION('',(-1.,0.E+000,0.E+000));
#8350 = ORIENTED_EDGE('',*,*,#8329,.T.);
#8351 = ORIENTED_EDGE('',*,*,#8352,.F.);
#8352 = EDGE_CURVE('',#8353,#8322,#8355,.T.);
#8353 = VERTEX_POINT('',#8354);
#8354 = CARTESIAN_POINT('',(0.799999982119,0.35,0.499999988824));
#8355 = LINE('',#8356,#8357);
#8356 = CARTESIAN_POINT('',(1.,0.35,0.5));
#8357 = VECTOR('',#8358,1.);
#8358 = DIRECTION('',(1.,0.E+000,0.E+000));
#8359 = ORIENTED_EDGE('',*,*,#8360,.F.);
#8360 = EDGE_CURVE('',#8344,#8353,#8361,.T.);
#8361 = LINE('',#8362,#8363);
#8362 = CARTESIAN_POINT('',(0.799999982119,0.E+000,0.499999988824));
#8363 = VECTOR('',#8364,1.);
#8364 = DIRECTION('',(0.E+000,1.,0.E+000));
#8365 = PLANE('',#8366);
#8366 = AXIS2_PLACEMENT_3D('',#8367,#8368,#8369);
#8367 = CARTESIAN_POINT('',(0.799999982119,0.E+000,0.5));
#8368 = DIRECTION('',(0.E+000,0.E+000,1.));
#8369 = DIRECTION('',(1.,0.E+000,-0.E+000));
#8370 = ADVANCED_FACE('',(#8371),#8396,.T.);
#8371 = FACE_BOUND('',#8372,.T.);
#8372 = EDGE_LOOP('',(#8373,#8381,#8382,#8390));
#8373 = ORIENTED_EDGE('',*,*,#8374,.T.);
#8374 = EDGE_CURVE('',#8375,#8344,#8377,.T.);
#8375 = VERTEX_POINT('',#8376);
#8376 = CARTESIAN_POINT('',(0.799999982119,0.E+000,0.E+000));
#8377 = LINE('',#8378,#8379);
#8378 = CARTESIAN_POINT('',(0.799999982119,0.E+000,0.E+000));
#8379 = VECTOR('',#8380,1.);
#8380 = DIRECTION('',(0.E+000,0.E+000,1.));
#8381 = ORIENTED_EDGE('',*,*,#8360,.T.);
#8382 = ORIENTED_EDGE('',*,*,#8383,.F.);
#8383 = EDGE_CURVE('',#8384,#8353,#8386,.T.);
#8384 = VERTEX_POINT('',#8385);
#8385 = CARTESIAN_POINT('',(0.799999982119,0.35,0.E+000));
#8386 = LINE('',#8387,#8388);
#8387 = CARTESIAN_POINT('',(0.799999982119,0.35,0.E+000));
#8388 = VECTOR('',#8389,1.);
#8389 = DIRECTION('',(0.E+000,0.E+000,1.));
#8390 = ORIENTED_EDGE('',*,*,#8391,.F.);
#8391 = EDGE_CURVE('',#8375,#8384,#8392,.T.);
#8392 = LINE('',#8393,#8394);
#8393 = CARTESIAN_POINT('',(0.799999982119,0.E+000,0.E+000));
#8394 = VECTOR('',#8395,1.);
#8395 = DIRECTION('',(0.E+000,1.,0.E+000));
#8396 = PLANE('',#8397);
#8397 = AXIS2_PLACEMENT_3D('',#8398,#8399,#8400);
#8398 = CARTESIAN_POINT('',(0.799999982119,0.E+000,0.E+000));
#8399 = DIRECTION('',(-1.,0.E+000,0.E+000));
#8400 = DIRECTION('',(0.E+000,0.E+000,1.));
#8401 = ADVANCED_FACE('',(#8402),#8418,.T.);
#8402 = FACE_BOUND('',#8403,.T.);
#8403 = EDGE_LOOP('',(#8404,#8410,#8411,#8417));
#8404 = ORIENTED_EDGE('',*,*,#8405,.F.);
#8405 = EDGE_CURVE('',#8375,#8304,#8406,.T.);
#8406 = LINE('',#8407,#8408);
#8407 = CARTESIAN_POINT('',(0.E+000,0.E+000,0.E+000));
#8408 = VECTOR('',#8409,1.);
#8409 = DIRECTION('',(1.,0.E+000,0.E+000));
#8410 = ORIENTED_EDGE('',*,*,#8391,.T.);
#8411 = ORIENTED_EDGE('',*,*,#8412,.F.);
#8412 = EDGE_CURVE('',#8314,#8384,#8413,.T.);
#8413 = LINE('',#8414,#8415);
#8414 = CARTESIAN_POINT('',(0.E+000,0.35,0.E+000));
#8415 = VECTOR('',#8416,1.);
#8416 = DIRECTION('',(-1.,0.E+000,0.E+000));
#8417 = ORIENTED_EDGE('',*,*,#8313,.F.);
#8418 = PLANE('',#8419);
#8419 = AXIS2_PLACEMENT_3D('',#8420,#8421,#8422);
#8420 = CARTESIAN_POINT('',(1.,0.E+000,0.E+000));
#8421 = DIRECTION('',(0.E+000,0.E+000,-1.));
#8422 = DIRECTION('',(-1.,0.E+000,0.E+000));
#8423 = ADVANCED_FACE('',(#8424),#8430,.T.);
#8424 = FACE_BOUND('',#8425,.T.);
#8425 = EDGE_LOOP('',(#8426,#8427,#8428,#8429));
#8426 = ORIENTED_EDGE('',*,*,#8412,.T.);
#8427 = ORIENTED_EDGE('',*,*,#8383,.T.);
#8428 = ORIENTED_EDGE('',*,*,#8352,.T.);
#8429 = ORIENTED_EDGE('',*,*,#8321,.T.);
#8430 = PLANE('',#8431);
#8431 = AXIS2_PLACEMENT_3D('',#8432,#8433,#8434);
#8432 = CARTESIAN_POINT('',(0.899999991059,0.35,0.25));
#8433 = DIRECTION('',(0.E+000,1.,0.E+000));
#8434 = DIRECTION('',(0.E+000,-0.E+000,1.));
#8435 = ADVANCED_FACE('',(#8436),#8442,.F.);
#8436 = FACE_BOUND('',#8437,.T.);
#8437 = EDGE_LOOP('',(#8438,#8439,#8440,#8441));
#8438 = ORIENTED_EDGE('',*,*,#8405,.T.);
#8439 = ORIENTED_EDGE('',*,*,#8303,.T.);
#8440 = ORIENTED_EDGE('',*,*,#8343,.T.);
#8441 = ORIENTED_EDGE('',*,*,#8374,.F.);
#8442 = PLANE('',#8443);
#8443 = AXIS2_PLACEMENT_3D('',#8444,#8445,#8446);
#8444 = CARTESIAN_POINT('',(0.899999991059,0.E+000,0.25));
#8445 = DIRECTION('',(0.E+000,1.,0.E+000));
#8446 = DIRECTION('',(1.,0.E+000,0.E+000));
#8447 = MANIFOLD_SOLID_BREP('',#8448);
#8448 = CLOSED_SHELL('',(#8449,#8489,#8520,#8551,#8573,#8585));
#8449 = ADVANCED_FACE('',(#8450),#8484,.T.);
#8450 = FACE_BOUND('',#8451,.T.);
#8451 = EDGE_LOOP('',(#8452,#8462,#8470,#8478));
#8452 = ORIENTED_EDGE('',*,*,#8453,.F.);
#8453 = EDGE_CURVE('',#8454,#8456,#8458,.T.);
#8454 = VERTEX_POINT('',#8455);
#8455 = CARTESIAN_POINT('',(0.19999999553,0.E+000,0.499999988824));
#8456 = VERTEX_POINT('',#8457);
#8457 = CARTESIAN_POINT('',(0.19999999553,0.E+000,0.E+000));
#8458 = LINE('',#8459,#8460);
#8459 = CARTESIAN_POINT('',(0.19999999553,0.E+000,0.499999988824));
#8460 = VECTOR('',#8461,1.);
#8461 = DIRECTION('',(0.E+000,0.E+000,-1.));
#8462 = ORIENTED_EDGE('',*,*,#8463,.T.);
#8463 = EDGE_CURVE('',#8454,#8464,#8466,.T.);
#8464 = VERTEX_POINT('',#8465);
#8465 = CARTESIAN_POINT('',(0.19999999553,0.35,0.499999988824));
#8466 = LINE('',#8467,#8468);
#8467 = CARTESIAN_POINT('',(0.19999999553,0.E+000,0.499999988824));
#8468 = VECTOR('',#8469,1.);
#8469 = DIRECTION('',(0.E+000,1.,0.E+000));
#8470 = ORIENTED_EDGE('',*,*,#8471,.F.);
#8471 = EDGE_CURVE('',#8472,#8464,#8474,.T.);
#8472 = VERTEX_POINT('',#8473);
#8473 = CARTESIAN_POINT('',(0.19999999553,0.35,0.E+000));
#8474 = LINE('',#8475,#8476);
#8475 = CARTESIAN_POINT('',(0.19999999553,0.35,0.499999988824));
#8476 = VECTOR('',#8477,1.);
#8477 = DIRECTION('',(0.E+000,0.E+000,1.));
#8478 = ORIENTED_EDGE('',*,*,#8479,.F.);
#8479 = EDGE_CURVE('',#8456,#8472,#8480,.T.);
#8480 = LINE('',#8481,#8482);
#8481 = CARTESIAN_POINT('',(0.19999999553,0.E+000,0.E+000));
#8482 = VECTOR('',#8483,1.);
#8483 = DIRECTION('',(0.E+000,1.,0.E+000));
#8484 = PLANE('',#8485);
#8485 = AXIS2_PLACEMENT_3D('',#8486,#8487,#8488);
#8486 = CARTESIAN_POINT('',(0.19999999553,0.E+000,0.E+000));
#8487 = DIRECTION('',(-1.,0.E+000,0.E+000));
#8488 = DIRECTION('',(0.E+000,0.E+000,1.));
#8489 = ADVANCED_FACE('',(#8490),#8515,.T.);
#8490 = FACE_BOUND('',#8491,.T.);
#8491 = EDGE_LOOP('',(#8492,#8500,#8501,#8509));
#8492 = ORIENTED_EDGE('',*,*,#8493,.F.);
#8493 = EDGE_CURVE('',#8456,#8494,#8496,.T.);
#8494 = VERTEX_POINT('',#8495);
#8495 = CARTESIAN_POINT('',(0.799999982119,0.E+000,0.E+000));
#8496 = LINE('',#8497,#8498);
#8497 = CARTESIAN_POINT('',(0.19999999553,0.E+000,0.E+000));
#8498 = VECTOR('',#8499,1.);
#8499 = DIRECTION('',(1.,0.E+000,0.E+000));
#8500 = ORIENTED_EDGE('',*,*,#8479,.T.);
#8501 = ORIENTED_EDGE('',*,*,#8502,.F.);
#8502 = EDGE_CURVE('',#8503,#8472,#8505,.T.);
#8503 = VERTEX_POINT('',#8504);
#8504 = CARTESIAN_POINT('',(0.799999982119,0.35,0.E+000));
#8505 = LINE('',#8506,#8507);
#8506 = CARTESIAN_POINT('',(0.19999999553,0.35,0.E+000));
#8507 = VECTOR('',#8508,1.);
#8508 = DIRECTION('',(-1.,0.E+000,0.E+000));
#8509 = ORIENTED_EDGE('',*,*,#8510,.F.);
#8510 = EDGE_CURVE('',#8494,#8503,#8511,.T.);
#8511 = LINE('',#8512,#8513);
#8512 = CARTESIAN_POINT('',(0.799999982119,0.E+000,0.E+000));
#8513 = VECTOR('',#8514,1.);
#8514 = DIRECTION('',(0.E+000,1.,0.E+000));
#8515 = PLANE('',#8516);
#8516 = AXIS2_PLACEMENT_3D('',#8517,#8518,#8519);
#8517 = CARTESIAN_POINT('',(0.799999982119,0.E+000,0.E+000));
#8518 = DIRECTION('',(0.E+000,0.E+000,-1.));
#8519 = DIRECTION('',(-1.,0.E+000,0.E+000));
#8520 = ADVANCED_FACE('',(#8521),#8546,.T.);
#8521 = FACE_BOUND('',#8522,.T.);
#8522 = EDGE_LOOP('',(#8523,#8531,#8532,#8540));
#8523 = ORIENTED_EDGE('',*,*,#8524,.F.);
#8524 = EDGE_CURVE('',#8494,#8525,#8527,.T.);
#8525 = VERTEX_POINT('',#8526);
#8526 = CARTESIAN_POINT('',(0.799999982119,0.E+000,0.499999988824));
#8527 = LINE('',#8528,#8529);
#8528 = CARTESIAN_POINT('',(0.799999982119,0.E+000,0.E+000));
#8529 = VECTOR('',#8530,1.);
#8530 = DIRECTION('',(0.E+000,0.E+000,1.));
#8531 = ORIENTED_EDGE('',*,*,#8510,.T.);
#8532 = ORIENTED_EDGE('',*,*,#8533,.F.);
#8533 = EDGE_CURVE('',#8534,#8503,#8536,.T.);
#8534 = VERTEX_POINT('',#8535);
#8535 = CARTESIAN_POINT('',(0.799999982119,0.35,0.499999988824));
#8536 = LINE('',#8537,#8538);
#8537 = CARTESIAN_POINT('',(0.799999982119,0.35,0.E+000));
#8538 = VECTOR('',#8539,1.);
#8539 = DIRECTION('',(0.E+000,0.E+000,-1.));
#8540 = ORIENTED_EDGE('',*,*,#8541,.F.);
#8541 = EDGE_CURVE('',#8525,#8534,#8542,.T.);
#8542 = LINE('',#8543,#8544);
#8543 = CARTESIAN_POINT('',(0.799999982119,0.E+000,0.499999988824));
#8544 = VECTOR('',#8545,1.);
#8545 = DIRECTION('',(0.E+000,1.,0.E+000));
#8546 = PLANE('',#8547);
#8547 = AXIS2_PLACEMENT_3D('',#8548,#8549,#8550);
#8548 = CARTESIAN_POINT('',(0.799999982119,0.E+000,0.499999988824));
#8549 = DIRECTION('',(1.,0.E+000,0.E+000));
#8550 = DIRECTION('',(0.E+000,0.E+000,-1.));
#8551 = ADVANCED_FACE('',(#8552),#8568,.T.);
#8552 = FACE_BOUND('',#8553,.T.);
#8553 = EDGE_LOOP('',(#8554,#8560,#8561,#8567));
#8554 = ORIENTED_EDGE('',*,*,#8555,.F.);
#8555 = EDGE_CURVE('',#8525,#8454,#8556,.T.);
#8556 = LINE('',#8557,#8558);
#8557 = CARTESIAN_POINT('',(0.799999982119,0.E+000,0.499999988824));
#8558 = VECTOR('',#8559,1.);
#8559 = DIRECTION('',(-1.,0.E+000,0.E+000));
#8560 = ORIENTED_EDGE('',*,*,#8541,.T.);
#8561 = ORIENTED_EDGE('',*,*,#8562,.F.);
#8562 = EDGE_CURVE('',#8464,#8534,#8563,.T.);
#8563 = LINE('',#8564,#8565);
#8564 = CARTESIAN_POINT('',(0.799999982119,0.35,0.499999988824));
#8565 = VECTOR('',#8566,1.);
#8566 = DIRECTION('',(1.,0.E+000,0.E+000));
#8567 = ORIENTED_EDGE('',*,*,#8463,.F.);
#8568 = PLANE('',#8569);
#8569 = AXIS2_PLACEMENT_3D('',#8570,#8571,#8572);
#8570 = CARTESIAN_POINT('',(0.19999999553,0.E+000,0.499999988824));
#8571 = DIRECTION('',(0.E+000,0.E+000,1.));
#8572 = DIRECTION('',(1.,0.E+000,-0.E+000));
#8573 = ADVANCED_FACE('',(#8574),#8580,.T.);
#8574 = FACE_BOUND('',#8575,.T.);
#8575 = EDGE_LOOP('',(#8576,#8577,#8578,#8579));
#8576 = ORIENTED_EDGE('',*,*,#8562,.T.);
#8577 = ORIENTED_EDGE('',*,*,#8533,.T.);
#8578 = ORIENTED_EDGE('',*,*,#8502,.T.);
#8579 = ORIENTED_EDGE('',*,*,#8471,.T.);
#8580 = PLANE('',#8581);
#8581 = AXIS2_PLACEMENT_3D('',#8582,#8583,#8584);
#8582 = CARTESIAN_POINT('',(0.499999988824,0.35,0.249999994412));
#8583 = DIRECTION('',(0.E+000,1.,0.E+000));
#8584 = DIRECTION('',(0.E+000,-0.E+000,1.));
#8585 = ADVANCED_FACE('',(#8586),#8592,.F.);
#8586 = FACE_BOUND('',#8587,.T.);
#8587 = EDGE_LOOP('',(#8588,#8589,#8590,#8591));
#8588 = ORIENTED_EDGE('',*,*,#8555,.T.);
#8589 = ORIENTED_EDGE('',*,*,#8453,.T.);
#8590 = ORIENTED_EDGE('',*,*,#8493,.T.);
#8591 = ORIENTED_EDGE('',*,*,#8524,.T.);
#8592 = PLANE('',#8593);
#8593 = AXIS2_PLACEMENT_3D('',#8594,#8595,#8596);
#8594 = CARTESIAN_POINT('',(0.499999988824,0.E+000,0.249999994412));
#8595 = DIRECTION('',(0.E+000,1.,0.E+000));
#8596 = DIRECTION('',(1.,0.E+000,0.E+000));
#8597 = MANIFOLD_SOLID_BREP('',#8598);
#8598 = CLOSED_SHELL('',(#8599,#8680,#8712,#8783,#8800,#8881,#8923,#9000
    ,#9077,#9124,#9188,#9252,#9298,#9328,#9374,#9404,#9422,#9433,#9497,
    #9535,#9582,#9612,#9630,#9641));
#8599 = ADVANCED_FACE('',(#8600),#8659,.F.);
#8600 = FACE_BOUND('',#8601,.F.);
#8601 = EDGE_LOOP('',(#8602,#8613,#8622,#8631));
#8602 = ORIENTED_EDGE('',*,*,#8603,.F.);
#8603 = EDGE_CURVE('',#8604,#8606,#8608,.T.);
#8604 = VERTEX_POINT('',#8605);
#8605 = CARTESIAN_POINT('',(-8.866471329349E-003,0.242,0.432824850199));
#8606 = VERTEX_POINT('',#8607);
#8607 = CARTESIAN_POINT('',(0.E+000,0.242,0.466180489402));
#8608 = B_SPLINE_CURVE_WITH_KNOTS('',3,(#8609,#8610,#8611,#8612),
  .UNSPECIFIED.,.F.,.F.,(4,4),(-9.294778469887E-003,-6.220117803688E-003
    ),.PIECEWISE_BEZIER_KNOTS.);
#8609 = CARTESIAN_POINT('',(-8.866471329349E-003,0.242,0.432824850199));
#8610 = CARTESIAN_POINT('',(-8.866471329349E-003,0.242,0.444459283114));
#8611 = CARTESIAN_POINT('',(-5.777089425767E-003,0.242,0.4560816148));
#8612 = CARTESIAN_POINT('',(1.886511780125E-016,0.242,0.466180489402));
#8613 = ORIENTED_EDGE('',*,*,#8614,.F.);
#8614 = EDGE_CURVE('',#8615,#8604,#8617,.T.);
#8615 = VERTEX_POINT('',#8616);
#8616 = CARTESIAN_POINT('',(-8.664713293486E-004,0.25,0.432824850199));
#8617 = CIRCLE('',#8618,8.E-003);
#8618 = AXIS2_PLACEMENT_3D('',#8619,#8620,#8621);
#8619 = CARTESIAN_POINT('',(-8.664713293486E-004,0.242,0.432824850199));
#8620 = DIRECTION('',(0.E+000,-0.E+000,1.));
#8621 = DIRECTION('',(0.E+000,1.,0.E+000));
#8622 = ORIENTED_EDGE('',*,*,#8623,.F.);
#8623 = EDGE_CURVE('',#8624,#8615,#8626,.T.);
#8624 = VERTEX_POINT('',#8625);
#8625 = CARTESIAN_POINT('',(2.159475376295E-010,0.25,0.442914270874));
#8626 = B_SPLINE_CURVE_WITH_KNOTS('',3,(#8627,#8628,#8629,#8630),
  .UNSPECIFIED.,.F.,.F.,(4,4),(8.280864549502E-003,9.294778469887E-003),
  .PIECEWISE_BEZIER_KNOTS.);
#8627 = CARTESIAN_POINT('',(5.716577016444E-010,0.24999999484,
    0.442914270998));
#8628 = CARTESIAN_POINT('',(-5.792853078519E-004,0.24999999484,
    0.439584124661));
#8629 = CARTESIAN_POINT('',(-8.752733566145E-004,0.24999999484,
    0.436205068156));
#8630 = CARTESIAN_POINT('',(-8.752733566145E-004,0.24999999484,
    0.432824850199));
#8631 = ORIENTED_EDGE('',*,*,#8632,.F.);
#8632 = EDGE_CURVE('',#8606,#8624,#8633,.T.);
#8633 = B_SPLINE_CURVE_WITH_KNOTS('',3,(#8634,#8635,#8636,#8637,#8638,
    #8639,#8640,#8641,#8642,#8643,#8644,#8645,#8646,#8647,#8648,#8649,
    #8650,#8651,#8652,#8653,#8654,#8655,#8656,#8657,#8658),
  .UNSPECIFIED.,.F.,.F.,(4,3,3,3,3,3,3,3,4),(0.E+000,1.588162434186E-004
    ,3.503879509493E-004,6.456617916093E-004,6.467527538791E-004,
    1.071378376481E-003,1.268856157581E-003,2.042194198308E-003,
    2.865111489381E-003),.UNSPECIFIED.);
#8634 = CARTESIAN_POINT('',(7.632783294298E-017,0.242,0.466180489402));
#8635 = CARTESIAN_POINT('',(7.630651816297E-017,0.242529387478,
    0.466180489402));
#8636 = CARTESIAN_POINT('',(1.293902505541E-006,0.243045143232,
    0.466074025139));
#8637 = CARTESIAN_POINT('',(2.000275406602E-006,0.24353831991,
    0.465878140973));
#8638 = CARTESIAN_POINT('',(2.852336001268E-006,0.244133213078,
    0.465641856174));
#8639 = CARTESIAN_POINT('',(2.853988966346E-006,0.244672818014,
    0.46528473992));
#8640 = CARTESIAN_POINT('',(2.160257238347E-006,0.245152501326,
    0.464859706178));
#8641 = CARTESIAN_POINT('',(1.090992708865E-006,0.245891848153,
    0.464204591982));
#8642 = CARTESIAN_POINT('',(-1.238717410362E-006,0.246498647693,
    0.463380421081));
#8643 = CARTESIAN_POINT('',(-8.110378104288E-007,0.246987118154,
    0.462519348587));
#8644 = CARTESIAN_POINT('',(-8.094576423176E-007,0.246988922929,
    0.462516167142));
#8645 = CARTESIAN_POINT('',(-8.078439248893E-007,0.246990726331,
    0.462512984769));
#8646 = CARTESIAN_POINT('',(-8.061964818837E-007,0.246992528359,
    0.462509801472));
#8647 = CARTESIAN_POINT('',(-1.649767703481E-007,0.247693915937,
    0.461270795155));
#8648 = CARTESIAN_POINT('',(4.224785854933E-006,0.248186682215,
    0.459897191235));
#8649 = CARTESIAN_POINT('',(6.828462112635E-006,0.248540003954,
    0.458640895641));
#8650 = CARTESIAN_POINT('',(8.039336310295E-006,0.248704320918,
    0.458056638702));
#8651 = CARTESIAN_POINT('',(9.029550950797E-006,0.248838561359,
    0.457496877817));
#8652 = CARTESIAN_POINT('',(9.757143924568E-006,0.248949244223,
    0.456983457548));
#8653 = CARTESIAN_POINT('',(1.260645346029E-005,0.249382686755,
    0.454972864647));
#8654 = CARTESIAN_POINT('',(1.709941574351E-005,0.249646207472,
    0.452785238007));
#8655 = CARTESIAN_POINT('',(1.667066587253E-005,0.249798794251,
    0.450498926182));
#8656 = CARTESIAN_POINT('',(1.62144285432E-005,0.249961163477,
    0.448066037285));
#8657 = CARTESIAN_POINT('',(1.062659112808E-005,0.25,0.445520427482));
#8658 = CARTESIAN_POINT('',(8.456756465963E-006,0.25,0.442911524783));
#8659 = B_SPLINE_SURFACE_WITH_KNOTS('',3,3,(
    (#8660,#8661,#8662,#8663)
    ,(#8664,#8665,#8666,#8667)
    ,(#8668,#8669,#8670,#8671)
    ,(#8672,#8673,#8674,#8675)
    ,(#8676,#8677,#8678,#8679
  )),.UNSPECIFIED.,.F.,.F.,.F.,(4,1,4),(4,4),(0.E+000,0.571428571429,1.)
  ,(6.220117803688E-003,9.294778469887E-003),.UNSPECIFIED.);
#8660 = CARTESIAN_POINT('',(6.944077136475E-003,0.25,0.462208110678));
#8661 = CARTESIAN_POINT('',(1.854990928978E-003,0.25,0.453311927902));
#8662 = CARTESIAN_POINT('',(-8.664713293486E-004,0.25,0.443073719087));
#8663 = CARTESIAN_POINT('',(-8.664713293486E-004,0.25,0.432824850199));
#8664 = CARTESIAN_POINT('',(4.866414115722E-003,0.25,0.463396643613));
#8665 = CARTESIAN_POINT('',(-4.294140770714E-004,0.25,0.454139057156));
#8666 = CARTESIAN_POINT('',(-3.260065732084E-003,0.25,0.443490075072));
#8667 = CARTESIAN_POINT('',(-3.260065732084E-003,0.25,0.432824850199));
#8668 = CARTESIAN_POINT('',(1.263842304406E-003,0.247996281532,
    0.465457504881));
#8669 = CARTESIAN_POINT('',(-4.387107758575E-003,0.247996281532,
    0.45557913329));
#8670 = CARTESIAN_POINT('',(-7.410447982181E-003,0.247996281532,
    0.444205252088));
#8671 = CARTESIAN_POINT('',(-7.410447982181E-003,0.247996281532,
    0.432824850199));
#8672 = CARTESIAN_POINT('',(1.886438871389E-016,0.243795195802,
    0.466180489402));
#8673 = CARTESIAN_POINT('',(-5.777648596621E-003,0.243795195802,
    0.456080637319));
#8674 = CARTESIAN_POINT('',(-8.866471329349E-003,0.243795195802,
    0.444460409223));
#8675 = CARTESIAN_POINT('',(-8.866471329349E-003,0.243795195802,
    0.432824850199));
#8676 = CARTESIAN_POINT('',(1.886511780125E-016,0.242,0.466180489402));
#8677 = CARTESIAN_POINT('',(-5.777089425767E-003,0.242,0.4560816148));
#8678 = CARTESIAN_POINT('',(-8.866471329349E-003,0.242,0.444459283114));
#8679 = CARTESIAN_POINT('',(-8.866471329349E-003,0.242,0.432824850199));
#8680 = ADVANCED_FACE('',(#8681),#8707,.T.);
#8681 = FACE_BOUND('',#8682,.T.);
#8682 = EDGE_LOOP('',(#8683,#8694,#8700,#8701));
#8683 = ORIENTED_EDGE('',*,*,#8684,.T.);
#8684 = EDGE_CURVE('',#8685,#8687,#8689,.T.);
#8685 = VERTEX_POINT('',#8686);
#8686 = CARTESIAN_POINT('',(-8.664713293486E-004,0.25,
    6.717514980081E-002));
#8687 = VERTEX_POINT('',#8688);
#8688 = CARTESIAN_POINT('',(-8.866471329349E-003,0.242,
    6.717514980081E-002));
#8689 = CIRCLE('',#8690,8.E-003);
#8690 = AXIS2_PLACEMENT_3D('',#8691,#8692,#8693);
#8691 = CARTESIAN_POINT('',(-8.664713293486E-004,0.242,
    6.717514980081E-002));
#8692 = DIRECTION('',(0.E+000,-0.E+000,1.));
#8693 = DIRECTION('',(0.E+000,1.,0.E+000));
#8694 = ORIENTED_EDGE('',*,*,#8695,.T.);
#8695 = EDGE_CURVE('',#8687,#8604,#8696,.T.);
#8696 = LINE('',#8697,#8698);
#8697 = CARTESIAN_POINT('',(-8.866471329349E-003,0.242,0.125000002794));
#8698 = VECTOR('',#8699,1.);
#8699 = DIRECTION('',(0.E+000,0.E+000,1.));
#8700 = ORIENTED_EDGE('',*,*,#8614,.F.);
#8701 = ORIENTED_EDGE('',*,*,#8702,.T.);
#8702 = EDGE_CURVE('',#8615,#8685,#8703,.T.);
#8703 = LINE('',#8704,#8705);
#8704 = CARTESIAN_POINT('',(-8.664713293486E-004,0.25,0.125000002794));
#8705 = VECTOR('',#8706,1.);
#8706 = DIRECTION('',(0.E+000,0.E+000,-1.));
#8707 = CYLINDRICAL_SURFACE('',#8708,8.E-003);
#8708 = AXIS2_PLACEMENT_3D('',#8709,#8710,#8711);
#8709 = CARTESIAN_POINT('',(-8.664713293486E-004,0.242,0.125000002794));
#8710 = DIRECTION('',(0.E+000,0.E+000,1.));
#8711 = DIRECTION('',(-0.707106781187,0.707106781187,0.E+000));
#8712 = ADVANCED_FACE('',(#8713),#8762,.F.);
#8713 = FACE_BOUND('',#8714,.F.);
#8714 = EDGE_LOOP('',(#8715,#8724,#8725,#8734));
#8715 = ORIENTED_EDGE('',*,*,#8716,.F.);
#8716 = EDGE_CURVE('',#8685,#8717,#8719,.T.);
#8717 = VERTEX_POINT('',#8718);
#8718 = CARTESIAN_POINT('',(2.159475376295E-010,0.25,5.708572912653E-002
    ));
#8719 = B_SPLINE_CURVE_WITH_KNOTS('',3,(#8720,#8721,#8722,#8723),
  .UNSPECIFIED.,.F.,.F.,(4,4),(0.E+000,1.013913920385E-003),
  .PIECEWISE_BEZIER_KNOTS.);
#8720 = CARTESIAN_POINT('',(-8.664713293486E-004,0.25,
    6.717514980081E-002));
#8721 = CARTESIAN_POINT('',(-8.664713293486E-004,0.25,
    6.379543673286E-002));
#8722 = CARTESIAN_POINT('',(-5.705269452131E-004,0.25,6.04168828904E-002
    ));
#8723 = CARTESIAN_POINT('',(8.673140510825E-006,0.25,5.708723121048E-002
    ));
#8724 = ORIENTED_EDGE('',*,*,#8684,.T.);
#8725 = ORIENTED_EDGE('',*,*,#8726,.F.);
#8726 = EDGE_CURVE('',#8727,#8687,#8729,.T.);
#8727 = VERTEX_POINT('',#8728);
#8728 = CARTESIAN_POINT('',(0.E+000,0.242,3.381951059872E-002));
#8729 = B_SPLINE_CURVE_WITH_KNOTS('',3,(#8730,#8731,#8732,#8733),
  .UNSPECIFIED.,.F.,.F.,(4,4),(-3.0746606662E-003,0.E+000),
  .PIECEWISE_BEZIER_KNOTS.);
#8730 = CARTESIAN_POINT('',(7.806255641896E-017,0.242,
    3.381951059872E-002));
#8731 = CARTESIAN_POINT('',(-5.777089425767E-003,0.242,
    4.391838519993E-002));
#8732 = CARTESIAN_POINT('',(-8.866471329349E-003,0.242,
    5.554071688673E-002));
#8733 = CARTESIAN_POINT('',(-8.866471329349E-003,0.242,
    6.717514980081E-002));
#8734 = ORIENTED_EDGE('',*,*,#8735,.F.);
#8735 = EDGE_CURVE('',#8717,#8727,#8736,.T.);
#8736 = B_SPLINE_CURVE_WITH_KNOTS('',3,(#8737,#8738,#8739,#8740,#8741,
    #8742,#8743,#8744,#8745,#8746,#8747,#8748,#8749,#8750,#8751,#8752,
    #8753,#8754,#8755,#8756,#8757,#8758,#8759,#8760,#8761),
  .UNSPECIFIED.,.F.,.F.,(4,3,3,3,3,3,3,3,4),(2.168404344971E-019,
    8.092419842057E-004,1.178387149334E-003,1.632027119676E-003,
    2.028371414784E-003,2.044775386478E-003,2.420367974891E-003,
    2.640786758055E-003,2.843086178318E-003),.UNSPECIFIED.);
#8737 = CARTESIAN_POINT('',(8.456756465924E-006,0.25,5.708847521703E-002
    ));
#8738 = CARTESIAN_POINT('',(1.069968318679E-005,0.25,5.439169021397E-002
    ));
#8739 = CARTESIAN_POINT('',(1.441248236304E-005,0.249958093815,
    5.177556843542E-002));
#8740 = CARTESIAN_POINT('',(1.39681682429E-005,0.249783434223,
    4.928506681034E-002));
#8741 = CARTESIAN_POINT('',(1.376548917724E-005,0.249703761214,
    4.814899546014E-002));
#8742 = CARTESIAN_POINT('',(1.294737180694E-005,0.249596452759,
    4.703961293921E-002));
#8743 = CARTESIAN_POINT('',(1.242141718328E-005,0.249454060568,
    4.59646205298E-002));
#8744 = CARTESIAN_POINT('',(1.177507514114E-005,0.249279075778,
    4.464356970539E-002));
#8745 = CARTESIAN_POINT('',(8.814730436591E-006,0.24901647129,
    4.310835987554E-002));
#8746 = CARTESIAN_POINT('',(6.002350482376E-006,0.248595087956,
    4.156028522077E-002));
#8747 = CARTESIAN_POINT('',(3.545179987261E-006,0.248226926217,
    4.020773562653E-002));
#8748 = CARTESIAN_POINT('',(1.7175990628E-007,0.247736449009,
    3.884463484799E-002));
#8749 = CARTESIAN_POINT('',(-8.329474364644E-007,0.247075187939,
    3.763829991951E-002));
#8750 = CARTESIAN_POINT('',(-8.745304515731E-007,0.247047819543,
    3.758837190423E-002));
#8751 = CARTESIAN_POINT('',(-9.054948605424E-007,0.247020306156,
    3.753897694366E-002));
#8752 = CARTESIAN_POINT('',(-9.258369250802E-007,0.246992649841,
    3.749011345926E-002));
#8753 = CARTESIAN_POINT('',(-1.391597828332E-006,0.246359418618,
    3.637131351687E-002));
#8754 = CARTESIAN_POINT('',(1.626539944191E-006,0.245651666277,
    3.553193314872E-002));
#8755 = CARTESIAN_POINT('',(2.386562511782E-006,0.244913044903,
    3.493790633795E-002));
#8756 = CARTESIAN_POINT('',(2.832586354355E-006,0.244479580481,
    3.458929810969E-002));
#8757 = CARTESIAN_POINT('',(2.656063699621E-006,0.244001338671,
    3.429830430958E-002));
#8758 = CARTESIAN_POINT('',(1.897178609429E-006,0.243482163391,
    3.409995946194E-002));
#8759 = CARTESIAN_POINT('',(1.200677106298E-006,0.243005666532,
    3.391791940567E-002));
#8760 = CARTESIAN_POINT('',(7.812065766484E-017,0.242508925601,
    3.381951059872E-002));
#8761 = CARTESIAN_POINT('',(7.762887554996E-017,0.242,
    3.381951059872E-002));
#8762 = B_SPLINE_SURFACE_WITH_KNOTS('',3,3,(
    (#8763,#8764,#8765,#8766)
    ,(#8767,#8768,#8769,#8770)
    ,(#8771,#8772,#8773,#8774)
    ,(#8775,#8776,#8777,#8778)
    ,(#8779,#8780,#8781,#8782
  )),.UNSPECIFIED.,.F.,.F.,.F.,(4,1,4),(4,4),(0.E+000,0.571428571429,1.)
  ,(0.E+000,3.0746606662E-003),.UNSPECIFIED.);
#8763 = CARTESIAN_POINT('',(-8.664713293486E-004,0.25,
    6.717514980081E-002));
#8764 = CARTESIAN_POINT('',(-8.664713293486E-004,0.25,
    5.692628091348E-002));
#8765 = CARTESIAN_POINT('',(1.854990928978E-003,0.25,4.668807209808E-002
    ));
#8766 = CARTESIAN_POINT('',(6.944077136475E-003,0.25,3.77918893222E-002)
  );
#8767 = CARTESIAN_POINT('',(-3.260065732084E-003,0.25,
    6.717514980081E-002));
#8768 = CARTESIAN_POINT('',(-3.260065732084E-003,0.25,
    5.650992492845E-002));
#8769 = CARTESIAN_POINT('',(-4.294140770715E-004,0.25,
    4.586094284439E-002));
#8770 = CARTESIAN_POINT('',(4.866414115722E-003,0.25,3.660335638744E-002
    ));
#8771 = CARTESIAN_POINT('',(-7.410745578401E-003,0.247996529558,
    6.717514980081E-002));
#8772 = CARTESIAN_POINT('',(-7.410745578401E-003,0.247996529558,
    5.579474791274E-002));
#8773 = CARTESIAN_POINT('',(-4.387366074964E-003,0.247996529558,
    4.442071894003E-002));
#8774 = CARTESIAN_POINT('',(1.263583988017E-003,0.247996529558,
    3.454234734876E-002));
#8775 = CARTESIAN_POINT('',(-8.866471329349E-003,0.243795195802,
    6.717514980081E-002));
#8776 = CARTESIAN_POINT('',(-8.866471329349E-003,0.243795195802,
    5.553959077715E-002));
#8777 = CARTESIAN_POINT('',(-5.777648596621E-003,0.243795195802,
    4.391936268114E-002));
#8778 = CARTESIAN_POINT('',(7.964467913897E-017,0.243795195802,
    3.381951059872E-002));
#8779 = CARTESIAN_POINT('',(-8.866471329349E-003,0.242,
    6.717514980081E-002));
#8780 = CARTESIAN_POINT('',(-8.866471329349E-003,0.242,
    5.554071688673E-002));
#8781 = CARTESIAN_POINT('',(-5.777089425767E-003,0.242,
    4.391838519993E-002));
#8782 = CARTESIAN_POINT('',(7.806255641896E-017,0.242,
    3.381951059872E-002));
#8783 = ADVANCED_FACE('',(#8784),#8795,.T.);
#8784 = FACE_BOUND('',#8785,.T.);
#8785 = EDGE_LOOP('',(#8786,#8787,#8788,#8789));
#8786 = ORIENTED_EDGE('',*,*,#8716,.F.);
#8787 = ORIENTED_EDGE('',*,*,#8702,.F.);
#8788 = ORIENTED_EDGE('',*,*,#8623,.F.);
#8789 = ORIENTED_EDGE('',*,*,#8790,.T.);
#8790 = EDGE_CURVE('',#8624,#8717,#8791,.T.);
#8791 = LINE('',#8792,#8793);
#8792 = CARTESIAN_POINT('',(0.E+000,0.25,5.588089158071E-009));
#8793 = VECTOR('',#8794,1.);
#8794 = DIRECTION('',(0.E+000,0.E+000,-1.));
#8795 = PLANE('',#8796);
#8796 = AXIS2_PLACEMENT_3D('',#8797,#8798,#8799);
#8797 = CARTESIAN_POINT('',(-4.433235664674E-003,0.25,0.25));
#8798 = DIRECTION('',(0.E+000,1.,0.E+000));
#8799 = DIRECTION('',(0.E+000,-0.E+000,1.));
#8800 = ADVANCED_FACE('',(#8801),#8876,.T.);
#8801 = FACE_BOUND('',#8802,.T.);
#8802 = EDGE_LOOP('',(#8803,#8804,#8805,#8806,#8815,#8830,#8838,#8846,
    #8854,#8869));
#8803 = ORIENTED_EDGE('',*,*,#8735,.F.);
#8804 = ORIENTED_EDGE('',*,*,#8790,.F.);
#8805 = ORIENTED_EDGE('',*,*,#8632,.F.);
#8806 = ORIENTED_EDGE('',*,*,#8807,.F.);
#8807 = EDGE_CURVE('',#8808,#8606,#8810,.T.);
#8808 = VERTEX_POINT('',#8809);
#8809 = CARTESIAN_POINT('',(2.636779683485E-015,0.225667568262,
    0.466180489402));
#8810 = B_SPLINE_CURVE_WITH_KNOTS('',3,(#8811,#8812,#8813,#8814),
  .UNSPECIFIED.,.F.,.F.,(4,4),(0.E+000,1.63324317381E-003),
  .PIECEWISE_BEZIER_KNOTS.);
#8811 = CARTESIAN_POINT('',(0.E+000,0.225667568262,0.466180489402));
#8812 = CARTESIAN_POINT('',(0.E+000,0.231111712175,0.466180489402));
#8813 = CARTESIAN_POINT('',(0.E+000,0.236555856087,0.466180489402));
#8814 = CARTESIAN_POINT('',(0.E+000,0.242,0.466180489402));
#8815 = ORIENTED_EDGE('',*,*,#8816,.F.);
#8816 = EDGE_CURVE('',#8817,#8808,#8819,.T.);
#8817 = VERTEX_POINT('',#8818);
#8818 = CARTESIAN_POINT('',(-3.988850916237E-011,5.36662162304E-002,
    0.499999994412));
#8819 = B_SPLINE_CURVE_WITH_KNOTS('',3,(#8820,#8821,#8822,#8823,#8824,
    #8825,#8826,#8827,#8828,#8829),.UNSPECIFIED.,.F.,.F.,(4,2,2,2,4),(
    0.E+000,7.558732002466E-003,1.585952290135E-002,2.009427513886E-002,
    2.088631214458E-002),.UNSPECIFIED.);
#8820 = CARTESIAN_POINT('',(3.377967753659E-018,5.366621624966E-002,
    0.499999994412));
#8821 = CARTESIAN_POINT('',(1.979321369307E-018,7.886198959121E-002,
    0.499999994424));
#8822 = CARTESIAN_POINT('',(0.E+000,0.103569724209,0.494770709972));
#8823 = CARTESIAN_POINT('',(0.E+000,0.148319454982,0.48280379799));
#8824 = CARTESIAN_POINT('',(-1.387778780781E-016,0.169546080975,
    0.475445891591));
#8825 = CARTESIAN_POINT('',(-1.387778780781E-016,0.199318825476,
    0.468506426399));
#8826 = CARTESIAN_POINT('',(0.E+000,0.20940140064,0.466783936073));
#8827 = CARTESIAN_POINT('',(0.E+000,0.221782673282,0.466224548988));
#8828 = CARTESIAN_POINT('',(5.615646846005E-017,0.223725191796,
    0.466180489402));
#8829 = CARTESIAN_POINT('',(5.615646846005E-017,0.225667568262,
    0.466180489402));
#8830 = ORIENTED_EDGE('',*,*,#8831,.F.);
#8831 = EDGE_CURVE('',#8832,#8817,#8834,.T.);
#8832 = VERTEX_POINT('',#8833);
#8833 = CARTESIAN_POINT('',(0.E+000,-3.469446951954E-017,0.499999994412)
  );
#8834 = LINE('',#8835,#8836);
#8835 = CARTESIAN_POINT('',(0.E+000,-3.469446951954E-017,0.499999994412)
  );
#8836 = VECTOR('',#8837,1.);
#8837 = DIRECTION('',(0.E+000,1.,0.E+000));
#8838 = ORIENTED_EDGE('',*,*,#8839,.F.);
#8839 = EDGE_CURVE('',#8840,#8832,#8842,.T.);
#8840 = VERTEX_POINT('',#8841);
#8841 = CARTESIAN_POINT('',(0.E+000,-3.469446951954E-017,
    5.588089158071E-009));
#8842 = LINE('',#8843,#8844);
#8843 = CARTESIAN_POINT('',(0.E+000,-3.469446951954E-017,
    5.588089158071E-009));
#8844 = VECTOR('',#8845,1.);
#8845 = DIRECTION('',(0.E+000,0.E+000,1.));
#8846 = ORIENTED_EDGE('',*,*,#8847,.T.);
#8847 = EDGE_CURVE('',#8840,#8848,#8850,.T.);
#8848 = VERTEX_POINT('',#8849);
#8849 = CARTESIAN_POINT('',(-3.986207197659E-011,5.366621623047E-002,
    5.588089158071E-009));
#8850 = LINE('',#8851,#8852);
#8851 = CARTESIAN_POINT('',(0.E+000,-3.469446951954E-017,
    5.588089158071E-009));
#8852 = VECTOR('',#8853,1.);
#8853 = DIRECTION('',(0.E+000,1.,0.E+000));
#8854 = ORIENTED_EDGE('',*,*,#8855,.F.);
#8855 = EDGE_CURVE('',#8856,#8848,#8858,.T.);
#8856 = VERTEX_POINT('',#8857);
#8857 = CARTESIAN_POINT('',(0.E+000,0.225667568262,3.381951059873E-002)
  );
#8858 = B_SPLINE_CURVE_WITH_KNOTS('',3,(#8859,#8860,#8861,#8862,#8863,
    #8864,#8865,#8866,#8867,#8868),.UNSPECIFIED.,.F.,.F.,(4,2,2,2,4),(
    7.102486964606E-003,7.294426060208E-003,1.059099474508E-002,
    1.823018870361E-002,2.475617709657E-002),.UNSPECIFIED.);
#8859 = CARTESIAN_POINT('',(9.983372170675E-018,0.225667568262,
    3.381951059872E-002));
#8860 = CARTESIAN_POINT('',(9.983372170675E-018,0.225118755232,
    3.381951059872E-002));
#8861 = CARTESIAN_POINT('',(1.387778780781E-016,0.224569769004,
    3.381599319408E-002));
#8862 = CARTESIAN_POINT('',(1.387778780781E-016,0.214585425382,
    3.368801438121E-002));
#8863 = CARTESIAN_POINT('',(-6.938893903907E-017,0.20551836819,
    3.252556157434E-002));
#8864 = CARTESIAN_POINT('',(-6.938893903907E-017,0.175005329335,
    2.641379699747E-002));
#8865 = CARTESIAN_POINT('',(1.040834085586E-015,0.152312334553,
    1.83618847481E-002));
#8866 = CARTESIAN_POINT('',(1.040834085586E-015,0.10491906786,
    5.512899423645E-003));
#8867 = CARTESIAN_POINT('',(-7.450287317543E-018,7.953663989401E-002,
    5.576007748248E-009));
#8868 = CARTESIAN_POINT('',(-7.450287317543E-018,5.366621624971E-002,
    5.58808915809E-009));
#8869 = ORIENTED_EDGE('',*,*,#8870,.F.);
#8870 = EDGE_CURVE('',#8727,#8856,#8871,.T.);
#8871 = B_SPLINE_CURVE_WITH_KNOTS('',3,(#8872,#8873,#8874,#8875),
  .UNSPECIFIED.,.F.,.F.,(4,4),(1.555420030707E-002,1.718744348088E-002),
  .PIECEWISE_BEZIER_KNOTS.);
#8872 = CARTESIAN_POINT('',(0.E+000,0.242,3.381951059872E-002));
#8873 = CARTESIAN_POINT('',(0.E+000,0.236555856087,3.381951059872E-002)
  );
#8874 = CARTESIAN_POINT('',(0.E+000,0.231111712175,3.381951059872E-002)
  );
#8875 = CARTESIAN_POINT('',(0.E+000,0.225667568262,3.381951059872E-002)
  );
#8876 = PLANE('',#8877);
#8877 = AXIS2_PLACEMENT_3D('',#8878,#8879,#8880);
#8878 = CARTESIAN_POINT('',(0.E+000,-3.469446951954E-017,0.499999994412)
  );
#8879 = DIRECTION('',(1.,0.E+000,0.E+000));
#8880 = DIRECTION('',(0.E+000,0.E+000,-1.));
#8881 = ADVANCED_FACE('',(#8882),#8918,.T.);
#8882 = FACE_BOUND('',#8883,.T.);
#8883 = EDGE_LOOP('',(#8884,#8895,#8903,#8912));
#8884 = ORIENTED_EDGE('',*,*,#8885,.T.);
#8885 = EDGE_CURVE('',#8886,#8888,#8890,.T.);
#8886 = VERTEX_POINT('',#8887);
#8887 = CARTESIAN_POINT('',(-0.239999994412,1.E-002,6.717514980081E-002)
  );
#8888 = VERTEX_POINT('',#8889);
#8889 = CARTESIAN_POINT('',(-0.249999994412,-3.469446951954E-017,
    6.717514980081E-002));
#8890 = CIRCLE('',#8891,1.E-002);
#8891 = AXIS2_PLACEMENT_3D('',#8892,#8893,#8894);
#8892 = CARTESIAN_POINT('',(-0.239999994412,-3.469446951954E-017,
    6.717514980081E-002));
#8893 = DIRECTION('',(0.E+000,0.E+000,1.));
#8894 = DIRECTION('',(-1.387778780781E-014,1.,0.E+000));
#8895 = ORIENTED_EDGE('',*,*,#8896,.F.);
#8896 = EDGE_CURVE('',#8897,#8888,#8899,.T.);
#8897 = VERTEX_POINT('',#8898);
#8898 = CARTESIAN_POINT('',(-0.249999994412,-3.469446951954E-017,
    0.432824850199));
#8899 = LINE('',#8900,#8901);
#8900 = CARTESIAN_POINT('',(-0.249999994412,-3.469446951954E-017,
    0.499999994412));
#8901 = VECTOR('',#8902,1.);
#8902 = DIRECTION('',(0.E+000,0.E+000,-1.));
#8903 = ORIENTED_EDGE('',*,*,#8904,.T.);
#8904 = EDGE_CURVE('',#8897,#8905,#8907,.T.);
#8905 = VERTEX_POINT('',#8906);
#8906 = CARTESIAN_POINT('',(-0.239999994412,1.E-002,0.432824850199));
#8907 = CIRCLE('',#8908,1.E-002);
#8908 = AXIS2_PLACEMENT_3D('',#8909,#8910,#8911);
#8909 = CARTESIAN_POINT('',(-0.239999994412,-3.469446951954E-017,
    0.432824850199));
#8910 = DIRECTION('',(0.E+000,0.E+000,-1.));
#8911 = DIRECTION('',(-1.,0.E+000,0.E+000));
#8912 = ORIENTED_EDGE('',*,*,#8913,.T.);
#8913 = EDGE_CURVE('',#8905,#8886,#8914,.T.);
#8914 = LINE('',#8915,#8916);
#8915 = CARTESIAN_POINT('',(-0.239999994412,1.E-002,0.125000002794));
#8916 = VECTOR('',#8917,1.);
#8917 = DIRECTION('',(0.E+000,0.E+000,-1.));
#8918 = CYLINDRICAL_SURFACE('',#8919,1.E-002);
#8919 = AXIS2_PLACEMENT_3D('',#8920,#8921,#8922);
#8920 = CARTESIAN_POINT('',(-0.239999994412,-3.469446951954E-017,
    0.125000002794));
#8921 = DIRECTION('',(0.E+000,0.E+000,1.));
#8922 = DIRECTION('',(-0.707106781187,0.707106781187,0.E+000));
#8923 = ADVANCED_FACE('',(#8924),#8979,.F.);
#8924 = FACE_BOUND('',#8925,.F.);
#8925 = EDGE_LOOP('',(#8926,#8927,#8936));
#8926 = ORIENTED_EDGE('',*,*,#8904,.T.);
#8927 = ORIENTED_EDGE('',*,*,#8928,.F.);
#8928 = EDGE_CURVE('',#8929,#8905,#8931,.T.);
#8929 = VERTEX_POINT('',#8930);
#8930 = CARTESIAN_POINT('',(-0.239999994412,-4.336808689942E-017,
    0.46808818646));
#8931 = B_SPLINE_CURVE_WITH_KNOTS('',3,(#8932,#8933,#8934,#8935),
  .UNSPECIFIED.,.F.,.F.,(4,4),(-3.159621227738E-003,-4.856857186664E-020
    ),.PIECEWISE_BEZIER_KNOTS.);
#8932 = CARTESIAN_POINT('',(-0.239999994412,-1.919037845299E-016,
    0.46808818646));
#8933 = CARTESIAN_POINT('',(-0.239999994412,6.49586183665E-003,
    0.457555948826));
#8934 = CARTESIAN_POINT('',(-0.239999994412,1.E-002,0.445198992527));
#8935 = CARTESIAN_POINT('',(-0.239999994412,1.E-002,0.432824850199));
#8936 = ORIENTED_EDGE('',*,*,#8937,.F.);
#8937 = EDGE_CURVE('',#8897,#8929,#8938,.T.);
#8938 = B_SPLINE_CURVE_WITH_KNOTS('',3,(#8939,#8940,#8941,#8942,#8943,
    #8944,#8945,#8946,#8947,#8948,#8949,#8950,#8951,#8952,#8953,#8954,
    #8955,#8956,#8957,#8958,#8959,#8960,#8961,#8962,#8963,#8964,#8965,
    #8966,#8967,#8968,#8969,#8970,#8971,#8972,#8973,#8974,#8975,#8976,
    #8977,#8978),.UNSPECIFIED.,.F.,.F.,(4,3,3,3,3,3,3,3,3,3,3,3,3,4),(
    0.E+000,3.561894129859E-004,4.901541431399E-004,1.064176752288E-003,
    1.307467431939E-003,2.700249207986E-003,3.072278146465E-003,
    4.205855173464E-003,5.199293829921E-003,5.623490478044E-003,
    6.383886779326E-003,7.136415732679E-003,7.477438552812E-003,
    7.807929181116E-003),.UNSPECIFIED.);
#8939 = CARTESIAN_POINT('',(-0.249999994412,-3.469446951954E-017,
    0.432824850199));
#8940 = CARTESIAN_POINT('',(-0.249999994412,-3.474867040871E-017,
    0.434012148243));
#8941 = CARTESIAN_POINT('',(-0.250000020343,-4.321558902722E-006,
    0.434854126905));
#8942 = CARTESIAN_POINT('',(-0.249999777841,-3.019307936973E-006,
    0.435560724742));
#8943 = CARTESIAN_POINT('',(-0.249999686635,-2.52952443174E-006,
    0.435826479942));
#8944 = CARTESIAN_POINT('',(-0.249999557732,-1.8361411994E-006,
    0.436073042583));
#8945 = CARTESIAN_POINT('',(-0.249999393659,-2.086579250183E-006,
    0.436311456436));
#8946 = CARTESIAN_POINT('',(-0.249998690625,-3.159675901629E-006,
    0.437333030859));
#8947 = CARTESIAN_POINT('',(-0.249996928966,-2.381657978471E-007,
    0.438548697048));
#8948 = CARTESIAN_POINT('',(-0.249990675337,-4.023846310117E-006,
    0.439740003761));
#8949 = CARTESIAN_POINT('',(-0.249988024832,-5.628348937879E-006,
    0.440244920842));
#8950 = CARTESIAN_POINT('',(-0.249984558281,-7.797152480178E-006,
    0.440745412764));
#8951 = CARTESIAN_POINT('',(-0.249980042639,-8.453655838908E-006,
    0.441224629029));
#8952 = CARTESIAN_POINT('',(-0.249954191655,-1.22119827722E-005,
    0.443968029154));
#8953 = CARTESIAN_POINT('',(-0.249892877538,-1.687831990036E-005,
    0.446555506315));
#8954 = CARTESIAN_POINT('',(-0.249735019956,-1.712504898267E-005,
    0.449005210813));
#8955 = CARTESIAN_POINT('',(-0.249692854278,-1.719095331898E-005,
    0.449659556655));
#8956 = CARTESIAN_POINT('',(-0.249643833899,-1.71349858269E-005,
    0.450303859768));
#8957 = CARTESIAN_POINT('',(-0.249586976162,-1.723917750953E-005,
    0.450937986538));
#8958 = CARTESIAN_POINT('',(-0.249413729897,-1.755665092523E-005,
    0.452870179074));
#8959 = CARTESIAN_POINT('',(-0.249149464999,-1.413381222167E-005,
    0.454905481563));
#8960 = CARTESIAN_POINT('',(-0.248720508417,-1.153312790502E-005,
    0.456900338404));
#8961 = CARTESIAN_POINT('',(-0.248344581558,-9.253952981874E-006,
    0.458648581225));
#8962 = CARTESIAN_POINT('',(-0.247841274582,-6.491484596163E-006,
    0.460366277353));
#8963 = CARTESIAN_POINT('',(-0.247160429852,-2.665092296841E-006,
    0.461923597595));
#8964 = CARTESIAN_POINT('',(-0.246869710289,-1.0312291718E-006,
    0.462588570739));
#8965 = CARTESIAN_POINT('',(-0.246562039966,-1.938751071037E-007,
    0.463190311373));
#8966 = CARTESIAN_POINT('',(-0.24624065405,5.33901500354E-009,
    0.463732299747));
#8967 = CARTESIAN_POINT('',(-0.245664551757,3.624415104694E-007,
    0.464703844328));
#8968 = CARTESIAN_POINT('',(-0.245044584707,-7.292098752984E-007,
    0.465482994362));
#8969 = CARTESIAN_POINT('',(-0.244409370315,-1.934183702779E-006,
    0.466100286177));
#8970 = CARTESIAN_POINT('',(-0.243780728091,-3.126690414981E-006,
    0.466711191257));
#8971 = CARTESIAN_POINT('',(-0.24306429269,-3.746259077562E-006,
    0.46723247577));
#8972 = CARTESIAN_POINT('',(-0.242264935608,-2.883831007331E-006,
    0.467589760798));
#8973 = CARTESIAN_POINT('',(-0.241902691731,-2.493005310375E-006,
    0.467751671309));
#8974 = CARTESIAN_POINT('',(-0.241526948019,-1.839144856838E-006,
    0.467878164564));
#8975 = CARTESIAN_POINT('',(-0.241139739474,-1.203900400099E-006,
    0.467963271256));
#8976 = CARTESIAN_POINT('',(-0.240764489527,-5.882749133572E-007,
    0.468045749502));
#8977 = CARTESIAN_POINT('',(-0.240383734514,-2.581637215749E-017,
    0.46808818646));
#8978 = CARTESIAN_POINT('',(-0.239999994412,-2.580401170515E-017,
    0.46808818646));
#8979 = B_SPLINE_SURFACE_WITH_KNOTS('',3,3,(
    (#8980,#8981,#8982,#8983)
    ,(#8984,#8985,#8986,#8987)
    ,(#8988,#8989,#8990,#8991)
    ,(#8992,#8993,#8994,#8995)
    ,(#8996,#8997,#8998,#8999
  )),.UNSPECIFIED.,.F.,.F.,.F.,(4,1,4),(4,4),(0.E+000,0.571428571429,1.)
  ,(4.856857186664E-020,3.159621227738E-003),.UNSPECIFIED.);
#8980 = CARTESIAN_POINT('',(-0.249999994412,-3.469446951954E-017,
    0.432824850199));
#8981 = CARTESIAN_POINT('',(-0.249999994412,-3.457427063535E-017,
    0.443356920959));
#8982 = CARTESIAN_POINT('',(-0.249999994412,-2.982496088083E-003,
    0.453874364079));
#8983 = CARTESIAN_POINT('',(-0.249999994412,-8.511354144871E-003,
    0.462838724524));
#8984 = CARTESIAN_POINT('',(-0.249999994412,2.991993003419E-003,
    0.432824850199));
#8985 = CARTESIAN_POINT('',(-0.249999994412,2.991993003419E-003,
    0.443910455482));
#8986 = CARTESIAN_POINT('',(-0.249999994412,-1.453244381045E-004,
    0.454973859117));
#8987 = CARTESIAN_POINT('',(-0.249999994412,-5.964762939763E-003,
    0.464409359863));
#8988 = CARTESIAN_POINT('',(-0.247495344671,8.179968830325E-003,
    0.432824850199));
#8989 = CARTESIAN_POINT('',(-0.247495344671,8.179968830325E-003,
    0.444861264843));
#8990 = CARTESIAN_POINT('',(-0.247495344671,4.769477181111E-003,
    0.456887986938));
#8991 = CARTESIAN_POINT('',(-0.247495344671,-1.549092983981E-003,
    0.467132768026));
#8992 = CARTESIAN_POINT('',(-0.242243989165,1.E-002,0.432824850199));
#8993 = CARTESIAN_POINT('',(-0.242243989165,1.E-002,0.445200489661));
#8994 = CARTESIAN_POINT('',(-0.242243989165,6.496647763684E-003,
    0.457554674542));
#8995 = CARTESIAN_POINT('',(-0.242243989165,-1.920207348337E-016,
    0.46808818646));
#8996 = CARTESIAN_POINT('',(-0.239999994412,1.E-002,0.432824850199));
#8997 = CARTESIAN_POINT('',(-0.239999994412,1.E-002,0.445198992527));
#8998 = CARTESIAN_POINT('',(-0.239999994412,6.49586183665E-003,
    0.457555948826));
#8999 = CARTESIAN_POINT('',(-0.239999994412,-1.919037845299E-016,
    0.46808818646));
#9000 = ADVANCED_FACE('',(#9001),#9056,.F.);
#9001 = FACE_BOUND('',#9002,.F.);
#9002 = EDGE_LOOP('',(#9003,#9012,#9013));
#9003 = ORIENTED_EDGE('',*,*,#9004,.F.);
#9004 = EDGE_CURVE('',#8886,#9005,#9007,.T.);
#9005 = VERTEX_POINT('',#9006);
#9006 = CARTESIAN_POINT('',(-0.239999994412,-4.336808689942E-017,
    3.191181353984E-002));
#9007 = B_SPLINE_CURVE_WITH_KNOTS('',3,(#9008,#9009,#9010,#9011),
  .UNSPECIFIED.,.F.,.F.,(4,4),(-8.980633786556E-003,-5.821012558818E-003
    ),.PIECEWISE_BEZIER_KNOTS.);
#9008 = CARTESIAN_POINT('',(-0.239999994412,1.E-002,6.717514980081E-002)
  );
#9009 = CARTESIAN_POINT('',(-0.239999994412,1.E-002,5.480100747297E-002)
  );
#9010 = CARTESIAN_POINT('',(-0.239999994412,6.49586183665E-003,
    4.244405117464E-002));
#9011 = CARTESIAN_POINT('',(-0.239999994412,-6.505213034913E-017,
    3.191181353984E-002));
#9012 = ORIENTED_EDGE('',*,*,#8885,.T.);
#9013 = ORIENTED_EDGE('',*,*,#9014,.F.);
#9014 = EDGE_CURVE('',#9005,#8888,#9015,.T.);
#9015 = B_SPLINE_CURVE_WITH_KNOTS('',3,(#9016,#9017,#9018,#9019,#9020,
    #9021,#9022,#9023,#9024,#9025,#9026,#9027,#9028,#9029,#9030,#9031,
    #9032,#9033,#9034,#9035,#9036,#9037,#9038,#9039,#9040,#9041,#9042,
    #9043,#9044,#9045,#9046,#9047,#9048,#9049,#9050,#9051,#9052,#9053,
    #9054,#9055),.UNSPECIFIED.,.F.,.F.,(4,3,3,3,3,3,3,3,3,3,3,3,3,4),(
    0.E+000,2.096551186729E-004,4.598352937417E-004,7.940112174037E-004,
    8.361657112289E-004,1.322424928757E-003,1.603224001868E-003,
    2.47013750174E-003,3.089358378018E-003,3.517666796431E-003,
    3.67396310482E-003,3.961355121995E-003,4.14501292581E-003,
    4.166287188349E-003),.UNSPECIFIED.);
#9016 = CARTESIAN_POINT('',(-0.239999994412,-5.399326818978E-017,
    3.191181353984E-002));
#9017 = CARTESIAN_POINT('',(-0.240698844808,-5.403828880112E-017,
    3.191181353984E-002));
#9018 = CARTESIAN_POINT('',(-0.241380435527,-1.731574778065E-006,
    3.205229119416E-002));
#9019 = CARTESIAN_POINT('',(-0.242031350014,-2.57217490002E-006,
    3.231151042419E-002));
#9020 = CARTESIAN_POINT('',(-0.242808082304,-3.575257901305E-006,
    3.26208351512E-002));
#9021 = CARTESIAN_POINT('',(-0.243511723657,-3.342993132049E-006,
    3.308701466655E-002));
#9022 = CARTESIAN_POINT('',(-0.244135981212,-2.316041342041E-006,
    3.36447056911E-002));
#9023 = CARTESIAN_POINT('',(-0.244969827638,-9.4429970469E-007,
    3.438963647227E-002));
#9024 = CARTESIAN_POINT('',(-0.245666945737,1.276001255203E-006,
    3.530123911455E-002));
#9025 = CARTESIAN_POINT('',(-0.246240806728,7.550839474612E-007,
    3.626870668089E-002));
#9026 = CARTESIAN_POINT('',(-0.246313196203,6.893730333042E-007,
    3.639074750628E-002));
#9027 = CARTESIAN_POINT('',(-0.246383652203,5.72612463717E-007,
    3.651370043314E-002));
#9028 = CARTESIAN_POINT('',(-0.24645224143,4.098265933648E-007,
    3.663735370537E-002));
#9029 = CARTESIAN_POINT('',(-0.247243429767,-1.467935959544E-006,
    3.806371511885E-002));
#9030 = CARTESIAN_POINT('',(-0.247810322986,-5.67033068857E-006,
    3.962774151904E-002));
#9031 = CARTESIAN_POINT('',(-0.248226334449,-9.202855258817E-006,
    4.10981590894E-002));
#9032 = CARTESIAN_POINT('',(-0.248466567701,-1.124277468721E-005,
    4.194727798723E-002));
#9033 = CARTESIAN_POINT('',(-0.248656582498,-1.316847986395E-005,
    4.276647189682E-002));
#9034 = CARTESIAN_POINT('',(-0.248809267427,-1.41899122238E-005,
    4.351861544647E-002));
#9035 = CARTESIAN_POINT('',(-0.249280652976,-1.734338952038E-005,
    4.584071498123E-002));
#9036 = CARTESIAN_POINT('',(-0.249563379722,-1.999798801101E-005,
    4.834283497324E-002));
#9037 = CARTESIAN_POINT('',(-0.249732170733,-1.818509650398E-005,
    5.09464777262E-002));
#9038 = CARTESIAN_POINT('',(-0.249852735147,-1.689018038172E-005,
    5.280621338292E-002));
#9039 = CARTESIAN_POINT('',(-0.249916135026,-1.36736540735E-005,
    5.471919897585E-002));
#9040 = CARTESIAN_POINT('',(-0.249951659078,-1.122676747409E-005,
    5.667206237697E-002));
#9041 = CARTESIAN_POINT('',(-0.249976230682,-9.534282337403E-006,
    5.80228369822E-002));
#9042 = CARTESIAN_POINT('',(-0.249987714878,-3.712607315123E-006,
    5.947124624175E-002));
#9043 = CARTESIAN_POINT('',(-0.249993397826,-3.891815126081E-006,
    6.083255226009E-002));
#9044 = CARTESIAN_POINT('',(-0.249995471621,-3.957210803782E-006,
    6.132931369673E-002));
#9045 = CARTESIAN_POINT('',(-0.249996784473,-4.30379767235E-006,
    6.181453603478E-002));
#9046 = CARTESIAN_POINT('',(-0.249997666194,-3.721544006906E-006,
    6.2279436909E-002));
#9047 = CARTESIAN_POINT('',(-0.249999287471,-2.650916957911E-006,
    6.313427987623E-002));
#9048 = CARTESIAN_POINT('',(-0.249999723195,-1.616314772928E-006,
    6.407552132425E-002));
#9049 = CARTESIAN_POINT('',(-0.249999881496,-9.818895656241E-007,
    6.488030928339E-002));
#9050 = CARTESIAN_POINT('',(-0.249999982658,-5.764602798584E-007,
    6.539460884733E-002));
#9051 = CARTESIAN_POINT('',(-0.249999994073,-1.254845271366E-006,
    6.596636661662E-002));
#9052 = CARTESIAN_POINT('',(-0.249999994385,-2.071425045765E-007,
    6.685368388137E-002));
#9053 = CARTESIAN_POINT('',(-0.249999994421,-8.578036661919E-008,
    6.695646753692E-002));
#9054 = CARTESIAN_POINT('',(-0.249999994412,-3.642943422665E-017,
    6.706348830223E-002));
#9055 = CARTESIAN_POINT('',(-0.249999994412,-3.642919299551E-017,
    6.717514980081E-002));
#9056 = B_SPLINE_SURFACE_WITH_KNOTS('',3,3,(
    (#9057,#9058,#9059,#9060)
    ,(#9061,#9062,#9063,#9064)
    ,(#9065,#9066,#9067,#9068)
    ,(#9069,#9070,#9071,#9072)
    ,(#9073,#9074,#9075,#9076
  )),.UNSPECIFIED.,.F.,.F.,.F.,(4,1,4),(4,4),(0.E+000,0.571428571429,1.)
  ,(5.821012558818E-003,8.980633786556E-003),.UNSPECIFIED.);
#9057 = CARTESIAN_POINT('',(-0.249999994412,-8.51135414487E-003,
    3.716127547613E-002));
#9058 = CARTESIAN_POINT('',(-0.249999994412,-2.982496088083E-003,
    4.61256359209E-002));
#9059 = CARTESIAN_POINT('',(-0.249999994412,-3.457427063535E-017,
    5.664307904168E-002));
#9060 = CARTESIAN_POINT('',(-0.249999994412,-3.469446951954E-017,
    6.717514980081E-002));
#9061 = CARTESIAN_POINT('',(-0.249999994412,-5.964762939763E-003,
    3.559064013762E-002));
#9062 = CARTESIAN_POINT('',(-0.249999994412,-1.453244381045E-004,
    4.502614088284E-002));
#9063 = CARTESIAN_POINT('',(-0.249999994412,2.991993003419E-003,
    5.608954451879E-002));
#9064 = CARTESIAN_POINT('',(-0.249999994412,2.991993003419E-003,
    6.717514980081E-002));
#9065 = CARTESIAN_POINT('',(-0.24749565639,-1.548774644174E-003,
    3.286703563542E-002));
#9066 = CARTESIAN_POINT('',(-0.24749565639,4.769795520918E-003,
    4.311181672288E-002));
#9067 = CARTESIAN_POINT('',(-0.24749565639,8.180342848138E-003,
    5.513873515754E-002));
#9068 = CARTESIAN_POINT('',(-0.24749565639,8.180342848138E-003,
    6.717514980081E-002));
#9069 = CARTESIAN_POINT('',(-0.242243989165,-6.516908065293E-017,
    3.191181353984E-002));
#9070 = CARTESIAN_POINT('',(-0.242243989165,6.496647763684E-003,
    4.244532545825E-002));
#9071 = CARTESIAN_POINT('',(-0.242243989165,1.E-002,5.479951033938E-002)
  );
#9072 = CARTESIAN_POINT('',(-0.242243989165,1.E-002,6.717514980081E-002)
  );
#9073 = CARTESIAN_POINT('',(-0.239999994412,-6.505213034913E-017,
    3.191181353984E-002));
#9074 = CARTESIAN_POINT('',(-0.239999994412,6.49586183665E-003,
    4.244405117464E-002));
#9075 = CARTESIAN_POINT('',(-0.239999994412,1.E-002,5.480100747297E-002)
  );
#9076 = CARTESIAN_POINT('',(-0.239999994412,1.E-002,6.717514980081E-002)
  );
#9077 = ADVANCED_FACE('',(#9078),#9107,.T.);
#9078 = FACE_BOUND('',#9079,.T.);
#9079 = EDGE_LOOP('',(#9080,#9081,#9090,#9100));
#9080 = ORIENTED_EDGE('',*,*,#8928,.F.);
#9081 = ORIENTED_EDGE('',*,*,#9082,.T.);
#9082 = EDGE_CURVE('',#8929,#9083,#9085,.T.);
#9083 = VERTEX_POINT('',#9084);
#9084 = CARTESIAN_POINT('',(-0.224534039591,-3.469446951954E-017,
    0.46808818646));
#9085 = B_SPLINE_CURVE_WITH_KNOTS('',3,(#9086,#9087,#9088,#9089),
  .UNSPECIFIED.,.F.,.F.,(4,4),(1.575306683439E-002,1.729966231647E-002),
  .PIECEWISE_BEZIER_KNOTS.);
#9086 = CARTESIAN_POINT('',(-0.239999994412,-3.469446951954E-017,
    0.46808818646));
#9087 = CARTESIAN_POINT('',(-0.234844676138,-3.469446951954E-017,
    0.46808818646));
#9088 = CARTESIAN_POINT('',(-0.229689357865,-3.469446951954E-017,
    0.46808818646));
#9089 = CARTESIAN_POINT('',(-0.224534039591,-3.469446951954E-017,
    0.46808818646));
#9090 = ORIENTED_EDGE('',*,*,#9091,.F.);
#9091 = EDGE_CURVE('',#9092,#9083,#9094,.T.);
#9092 = VERTEX_POINT('',#9093);
#9093 = CARTESIAN_POINT('',(-0.224534039591,1.E-002,0.432824850199));
#9094 = B_SPLINE_CURVE_WITH_KNOTS('',3,(#9095,#9096,#9097,#9098,#9099),
  .UNSPECIFIED.,.F.,.F.,(4,1,4),(0.E+000,0.285714285714,0.358967730311),
  .UNSPECIFIED.);
#9095 = CARTESIAN_POINT('',(-0.224534047914,1.E-002,0.432824850199));
#9096 = CARTESIAN_POINT('',(-0.224534047914,1.E-002,0.441872469247));
#9097 = CARTESIAN_POINT('',(-0.224534048004,7.66475409185E-003,
    0.454265112786));
#9098 = CARTESIAN_POINT('',(-0.224534048246,1.412427719308E-003,
    0.465794876833));
#9099 = CARTESIAN_POINT('',(-0.224534048301,-8.914035904206E-006,
    0.468082648459));
#9100 = ORIENTED_EDGE('',*,*,#9101,.T.);
#9101 = EDGE_CURVE('',#9092,#8905,#9102,.T.);
#9102 = B_SPLINE_CURVE_WITH_KNOTS('',3,(#9103,#9104,#9105,#9106),
  .UNSPECIFIED.,.F.,.F.,(4,4),(-2.546500538206E-003,-9.999955122014E-004
    ),.PIECEWISE_BEZIER_KNOTS.);
#9103 = CARTESIAN_POINT('',(-0.224534039591,1.E-002,0.432824850199));
#9104 = CARTESIAN_POINT('',(-0.229689577098,1.E-002,0.432824850199));
#9105 = CARTESIAN_POINT('',(-0.234844860535,1.E-002,0.432824850199));
#9106 = CARTESIAN_POINT('',(-0.239999994412,1.E-002,0.432824850199));
#9107 = B_SPLINE_SURFACE_WITH_KNOTS('',3,3,(
    (#9108,#9109,#9110,#9111)
    ,(#9112,#9113,#9114,#9115)
    ,(#9116,#9117,#9118,#9119)
    ,(#9120,#9121,#9122,#9123
    )),.UNSPECIFIED.,.F.,.F.,.F.,(4,4),(4,4),(0.E+000,0.358887626512),(
    9.999955122014E-004,2.546500538206E-003),.PIECEWISE_BEZIER_KNOTS.);
#9108 = CARTESIAN_POINT('',(-0.239999994412,1.E-002,0.432824850199));
#9109 = CARTESIAN_POINT('',(-0.234844860535,1.E-002,0.432824850199));
#9110 = CARTESIAN_POINT('',(-0.229689577098,1.E-002,0.432824850199));
#9111 = CARTESIAN_POINT('',(-0.224534039591,1.E-002,0.432824850199));
#9112 = CARTESIAN_POINT('',(-0.239999994412,1.E-002,0.444189625039));
#9113 = CARTESIAN_POINT('',(-0.234844860535,1.E-002,0.444189625039));
#9114 = CARTESIAN_POINT('',(-0.229689577098,1.E-002,0.444189625039));
#9115 = CARTESIAN_POINT('',(-0.224534039591,1.E-002,0.444189625039));
#9116 = CARTESIAN_POINT('',(-0.239999994412,6.895250512782E-003,
    0.456908390095));
#9117 = CARTESIAN_POINT('',(-0.234844860535,6.895250512782E-003,
    0.456908390095));
#9118 = CARTESIAN_POINT('',(-0.229689577098,6.895250512782E-003,
    0.456908390095));
#9119 = CARTESIAN_POINT('',(-0.224534039591,6.895250512782E-003,
    0.456908390095));
#9120 = CARTESIAN_POINT('',(-0.239999994412,-9.544895377572E-010,
    0.468088188008));
#9121 = CARTESIAN_POINT('',(-0.234844860535,-9.544895377572E-010,
    0.468088188008));
#9122 = CARTESIAN_POINT('',(-0.229689577098,-9.544895377572E-010,
    0.468088188008));
#9123 = CARTESIAN_POINT('',(-0.224534039591,-9.544895377572E-010,
    0.468088188008));
#9124 = ADVANCED_FACE('',(#9125),#9183,.F.);
#9125 = FACE_BOUND('',#9126,.T.);
#9126 = EDGE_LOOP('',(#9127,#9128,#9129,#9130,#9139,#9154,#9160,#9161,
    #9169,#9182));
#9127 = ORIENTED_EDGE('',*,*,#8937,.F.);
#9128 = ORIENTED_EDGE('',*,*,#8896,.T.);
#9129 = ORIENTED_EDGE('',*,*,#9014,.F.);
#9130 = ORIENTED_EDGE('',*,*,#9131,.F.);
#9131 = EDGE_CURVE('',#9132,#9005,#9134,.T.);
#9132 = VERTEX_POINT('',#9133);
#9133 = CARTESIAN_POINT('',(-0.224534039591,-3.469446951954E-017,
    3.191181353984E-002));
#9134 = B_SPLINE_CURVE_WITH_KNOTS('',3,(#9135,#9136,#9137,#9138),
  .UNSPECIFIED.,.F.,.F.,(4,4),(0.E+000,1.546595482082E-003),
  .PIECEWISE_BEZIER_KNOTS.);
#9135 = CARTESIAN_POINT('',(-0.224534039591,-3.469446951954E-017,
    3.191181353984E-002));
#9136 = CARTESIAN_POINT('',(-0.229689357865,-3.469446951954E-017,
    3.191181353984E-002));
#9137 = CARTESIAN_POINT('',(-0.234844676138,-3.469446951954E-017,
    3.191181353984E-002));
#9138 = CARTESIAN_POINT('',(-0.239999994412,-3.469446951954E-017,
    3.191181353984E-002));
#9139 = ORIENTED_EDGE('',*,*,#9140,.F.);
#9140 = EDGE_CURVE('',#9141,#9132,#9143,.T.);
#9141 = VERTEX_POINT('',#9142);
#9142 = CARTESIAN_POINT('',(-5.402260691499E-002,4.27030806549E-011,
    5.588089158071E-009));
#9143 = B_SPLINE_CURVE_WITH_KNOTS('',3,(#9144,#9145,#9146,#9147,#9148,
    #9149,#9150,#9151,#9152,#9153),.UNSPECIFIED.,.F.,.F.,(4,2,2,2,4),(
    0.E+000,7.571067484205E-003,1.578059632636E-002,1.990177333476E-002,
    2.039534522259E-002),.UNSPECIFIED.);
#9144 = CARTESIAN_POINT('',(-5.402260693553E-002,-3.025318425862E-017,
    5.588089158094E-009));
#9145 = CARTESIAN_POINT('',(-7.925949854955E-002,-2.885225535163E-017,
    5.575460595619E-009));
#9146 = CARTESIAN_POINT('',(-0.104066484101,-2.602085213965E-017,
    5.157628168613E-003));
#9147 = CARTESIAN_POINT('',(-0.149079269676,-3.469446951954E-017,
    1.683370754477E-002));
#9148 = CARTESIAN_POINT('',(-0.170321369333,-6.071532165919E-017,
    2.386228622932E-002));
#9149 = CARTESIAN_POINT('',(-0.200474299999,-6.071532165919E-017,
    3.015758162234E-002));
#9150 = CARTESIAN_POINT('',(-0.21044606283,1.012037675885E-013,
    3.158547911266E-002));
#9151 = CARTESIAN_POINT('',(-0.22205365506,1.012037675885E-013,
    3.189523172082E-002));
#9152 = CARTESIAN_POINT('',(-0.223293635482,-4.385839954281E-017,
    3.191181353984E-002));
#9153 = CARTESIAN_POINT('',(-0.224534039591,-4.385839954281E-017,
    3.191181353984E-002));
#9154 = ORIENTED_EDGE('',*,*,#9155,.T.);
#9155 = EDGE_CURVE('',#9141,#8840,#9156,.T.);
#9156 = LINE('',#9157,#9158);
#9157 = CARTESIAN_POINT('',(-8.866471329349E-003,-3.469446951954E-017,
    5.588089158071E-009));
#9158 = VECTOR('',#9159,1.);
#9159 = DIRECTION('',(1.,0.E+000,0.E+000));
#9160 = ORIENTED_EDGE('',*,*,#8839,.T.);
#9161 = ORIENTED_EDGE('',*,*,#9162,.T.);
#9162 = EDGE_CURVE('',#8832,#9163,#9165,.T.);
#9163 = VERTEX_POINT('',#9164);
#9164 = CARTESIAN_POINT('',(-5.402260691507E-002,4.267489139842E-011,
    0.499999994412));
#9165 = LINE('',#9166,#9167);
#9166 = CARTESIAN_POINT('',(0.E+000,-3.469446951954E-017,0.499999994412)
  );
#9167 = VECTOR('',#9168,1.);
#9168 = DIRECTION('',(-1.,0.E+000,0.E+000));
#9169 = ORIENTED_EDGE('',*,*,#9170,.F.);
#9170 = EDGE_CURVE('',#9083,#9163,#9171,.T.);
#9171 = B_SPLINE_CURVE_WITH_KNOTS('',3,(#9172,#9173,#9174,#9175,#9176,
    #9177,#9178,#9179,#9180,#9181),.UNSPECIFIED.,.F.,.F.,(4,2,2,2,4),(
    7.261406796477E-003,7.452416483558E-003,1.08670527962E-002,
    1.838083653096E-002,2.476483856793E-002),.UNSPECIFIED.);
#9172 = CARTESIAN_POINT('',(-0.224534039591,3.821946245873E-017,
    0.46808818646));
#9173 = CARTESIAN_POINT('',(-0.223978155331,3.821946245873E-017,
    0.46808818646));
#9174 = CARTESIAN_POINT('',(-0.223422091278,-3.469446951954E-017,
    0.468091516698));
#9175 = CARTESIAN_POINT('',(-0.212918724857,-3.469446951954E-017,
    0.468217366552));
#9176 = CARTESIAN_POINT('',(-0.203367200649,1.110491906764E-012,
    0.469404488465));
#9177 = CARTESIAN_POINT('',(-0.172283014703,1.110491906764E-012,
    0.475438100151));
#9178 = CARTESIAN_POINT('',(-0.149750746694,7.806255641896E-016,
    0.483038366917));
#9179 = CARTESIAN_POINT('',(-0.103340697818,7.806255641896E-016,
    0.494989603881));
#9180 = CARTESIAN_POINT('',(-7.889645521113E-002,-4.78418352163E-017,
    0.499999994425));
#9181 = CARTESIAN_POINT('',(-5.402260693559E-002,-4.78418352163E-017,
    0.499999994412));
#9182 = ORIENTED_EDGE('',*,*,#9082,.F.);
#9183 = PLANE('',#9184);
#9184 = AXIS2_PLACEMENT_3D('',#9185,#9186,#9187);
#9185 = CARTESIAN_POINT('',(-4.433235664674E-003,-3.469446951954E-017,
    0.25));
#9186 = DIRECTION('',(0.E+000,1.,0.E+000));
#9187 = DIRECTION('',(1.,0.E+000,0.E+000));
#9188 = ADVANCED_FACE('',(#9189),#9227,.T.);
#9189 = FACE_BOUND('',#9190,.T.);
#9190 = EDGE_LOOP('',(#9191,#9202,#9209,#9220));
#9191 = ORIENTED_EDGE('',*,*,#9192,.T.);
#9192 = EDGE_CURVE('',#9193,#8848,#9195,.T.);
#9193 = VERTEX_POINT('',#9194);
#9194 = CARTESIAN_POINT('',(-5.332683445247E-002,9.451653735261E-002,
    6.717514980081E-002));
#9195 = B_SPLINE_CURVE_WITH_KNOTS('',3,(#9196,#9197,#9198,#9199,#9200,
    #9201),.UNSPECIFIED.,.F.,.F.,(4,1,1,4),(0.E+000,0.285714285714,
    0.571428571429,1.),.UNSPECIFIED.);
#9196 = CARTESIAN_POINT('',(-5.332683445247E-002,9.451653735261E-002,
    6.717514980081E-002));
#9197 = CARTESIAN_POINT('',(-5.332683445247E-002,9.451653735261E-002,
    5.812753075319E-002));
#9198 = CARTESIAN_POINT('',(-5.037912080676E-002,9.225848002876E-002,
    3.8408315966E-002));
#9199 = CARTESIAN_POINT('',(-3.141550456187E-002,7.773165086716E-002,
    7.689783116311E-003));
#9200 = CARTESIAN_POINT('',(-1.077364755487E-002,6.191922741129E-002,
    5.588089156318E-009));
#9201 = CARTESIAN_POINT('',(-6.498286633878E-011,5.366621624971E-002,
    5.588089158071E-009));
#9202 = ORIENTED_EDGE('',*,*,#9203,.T.);
#9203 = EDGE_CURVE('',#8848,#9141,#9204,.T.);
#9204 = B_SPLINE_CURVE_WITH_KNOTS('',3,(#9205,#9206,#9207,#9208),
  .UNSPECIFIED.,.F.,.F.,(4,4),(-2.847014079301E-002,-2.083762006558E-002
    ),.PIECEWISE_BEZIER_KNOTS.);
#9205 = CARTESIAN_POINT('',(-6.498286633878E-011,5.366621624971E-002,
    5.588089158071E-009));
#9206 = CARTESIAN_POINT('',(-1.548256816384E-002,3.345495908919E-002,
    5.588089158071E-009));
#9207 = CARTESIAN_POINT('',(-3.370930133186E-002,1.53484653731E-002,
    5.588089158071E-009));
#9208 = CARTESIAN_POINT('',(-5.402260693553E-002,6.988669146555E-011,
    5.588089158071E-009));
#9209 = ORIENTED_EDGE('',*,*,#9210,.T.);
#9210 = EDGE_CURVE('',#9141,#9211,#9213,.T.);
#9211 = VERTEX_POINT('',#9212);
#9212 = CARTESIAN_POINT('',(-9.451907219126E-002,5.359604751549E-002,
    6.717514980081E-002));
#9213 = B_SPLINE_CURVE_WITH_KNOTS('',3,(#9214,#9215,#9216,#9217,#9218,
    #9219),.UNSPECIFIED.,.F.,.F.,(4,1,1,4),(-1.,-0.571428571429,
    -0.285714285714,0.E+000),.UNSPECIFIED.);
#9214 = CARTESIAN_POINT('',(-5.402260693553E-002,6.988669146555E-011,
    5.588089158071E-009));
#9215 = CARTESIAN_POINT('',(-6.220412842022E-002,1.082803681091E-002,
    5.588089154566E-009));
#9216 = CARTESIAN_POINT('',(-7.787958065171E-002,3.157410134333E-002,
    7.689783116311E-003));
#9217 = CARTESIAN_POINT('',(-9.228057473293E-002,5.06334527501E-002,
    3.8408315966E-002));
#9218 = CARTESIAN_POINT('',(-9.451907219126E-002,5.359604751549E-002,
    5.812753075319E-002));
#9219 = CARTESIAN_POINT('',(-9.451907219126E-002,5.359604751549E-002,
    6.717514980081E-002));
#9220 = ORIENTED_EDGE('',*,*,#9221,.T.);
#9221 = EDGE_CURVE('',#9211,#9193,#9222,.T.);
#9222 = B_SPLINE_CURVE_WITH_KNOTS('',3,(#9223,#9224,#9225,#9226),
  .UNSPECIFIED.,.F.,.F.,(4,4),(2.083762006558E-002,2.847014079301E-002),
  .PIECEWISE_BEZIER_KNOTS.);
#9223 = CARTESIAN_POINT('',(-9.451907219126E-002,5.359604751549E-002,
    6.717514980081E-002));
#9224 = CARTESIAN_POINT('',(-7.903017666846E-002,6.529925230919E-002,
    6.717514980081E-002));
#9225 = CARTESIAN_POINT('',(-6.513229262785E-002,7.910545376771E-002,
    6.717514980081E-002));
#9226 = CARTESIAN_POINT('',(-5.332683445247E-002,9.451653735261E-002,
    6.717514980081E-002));
#9227 = B_SPLINE_SURFACE_WITH_KNOTS('',3,3,(
    (#9228,#9229,#9230,#9231)
    ,(#9232,#9233,#9234,#9235)
    ,(#9236,#9237,#9238,#9239)
    ,(#9240,#9241,#9242,#9243)
    ,(#9244,#9245,#9246,#9247)
    ,(#9248,#9249,#9250,#9251
    )),.UNSPECIFIED.,.F.,.F.,.F.,(4,1,1,4),(4,4),(0.E+000,0.285714285714
    ,0.571428571429,1.),(-2.847014079301E-002,-2.083762006558E-002),
  .UNSPECIFIED.);
#9228 = CARTESIAN_POINT('',(-5.332683445247E-002,9.451653735261E-002,
    6.717514980081E-002));
#9229 = CARTESIAN_POINT('',(-6.513229262785E-002,7.910545376771E-002,
    6.717514980081E-002));
#9230 = CARTESIAN_POINT('',(-7.903017666846E-002,6.529925230919E-002,
    6.717514980081E-002));
#9231 = CARTESIAN_POINT('',(-9.451907219126E-002,5.359604751549E-002,
    6.717514980081E-002));
#9232 = CARTESIAN_POINT('',(-5.332683445247E-002,9.451653735261E-002,
    5.812753075319E-002));
#9233 = CARTESIAN_POINT('',(-6.513372141452E-002,7.910358860072E-002,
    5.812753075319E-002));
#9234 = CARTESIAN_POINT('',(-7.902830208408E-002,6.530066872038E-002,
    5.812753075319E-002));
#9235 = CARTESIAN_POINT('',(-9.451907219126E-002,5.359604751549E-002,
    5.812753075319E-002));
#9236 = CARTESIAN_POINT('',(-5.037912080676E-002,9.225848002876E-002,
    3.8408315966E-002));
#9237 = CARTESIAN_POINT('',(-6.238895856398E-002,7.658059520904E-002,
    3.8408315966E-002));
#9238 = CARTESIAN_POINT('',(-7.652353087205E-002,6.253926688486E-002,
    3.8408315966E-002));
#9239 = CARTESIAN_POINT('',(-9.228057473293E-002,5.06334527501E-002,
    3.8408315966E-002));
#9240 = CARTESIAN_POINT('',(-3.141550456187E-002,7.773165086716E-002,
    7.689783116311E-003));
#9241 = CARTESIAN_POINT('',(-4.47279099392E-002,6.035336796289E-002,
    7.689783116311E-003));
#9242 = CARTESIAN_POINT('',(-6.041355324443E-002,4.477120086401E-002,
    7.689783116311E-003));
#9243 = CARTESIAN_POINT('',(-7.787958065171E-002,3.157410134333E-002,
    7.689783116311E-003));
#9244 = CARTESIAN_POINT('',(-1.077364755487E-002,6.191922741129E-002,
    5.588089156318E-009));
#9245 = CARTESIAN_POINT('',(-2.552089607833E-002,4.266787127872E-002,
    5.588089157176E-009));
#9246 = CARTESIAN_POINT('',(-4.285557047055E-002,2.54475515345E-002,
    5.588089154129E-009));
#9247 = CARTESIAN_POINT('',(-6.220412842022E-002,1.082803681091E-002,
    5.588089154566E-009));
#9248 = CARTESIAN_POINT('',(-6.498286633878E-011,5.366621624971E-002,
    5.588089158071E-009));
#9249 = CARTESIAN_POINT('',(-1.548256816384E-002,3.345495908919E-002,
    5.588089158071E-009));
#9250 = CARTESIAN_POINT('',(-3.370930133186E-002,1.53484653731E-002,
    5.588089158071E-009));
#9251 = CARTESIAN_POINT('',(-5.402260693553E-002,6.988669146555E-011,
    5.588089158071E-009));
#9252 = ADVANCED_FACE('',(#9253),#9273,.T.);
#9253 = FACE_BOUND('',#9254,.T.);
#9254 = EDGE_LOOP('',(#9255,#9256,#9257,#9266));
#9255 = ORIENTED_EDGE('',*,*,#8855,.T.);
#9256 = ORIENTED_EDGE('',*,*,#9192,.F.);
#9257 = ORIENTED_EDGE('',*,*,#9258,.T.);
#9258 = EDGE_CURVE('',#9193,#9259,#9261,.T.);
#9259 = VERTEX_POINT('',#9260);
#9260 = CARTESIAN_POINT('',(-8.866471329348E-003,0.225667568262,
    6.717514980081E-002));
#9261 = B_SPLINE_CURVE_WITH_KNOTS('',3,(#9262,#9263,#9264,#9265),
  .UNSPECIFIED.,.F.,.F.,(4,4),(2.847014079301E-002,4.69483384356E-002),
  .PIECEWISE_BEZIER_KNOTS.);
#9262 = CARTESIAN_POINT('',(-5.332683445247E-002,9.451653735261E-002,
    6.717514980081E-002));
#9263 = CARTESIAN_POINT('',(-2.474602907817E-002,0.131826498051,
    6.717514980081E-002));
#9264 = CARTESIAN_POINT('',(-8.866471384338E-003,0.178697364124,
    6.717514980081E-002));
#9265 = CARTESIAN_POINT('',(-8.866471329349E-003,0.225667568262,
    6.717514980081E-002));
#9266 = ORIENTED_EDGE('',*,*,#9267,.T.);
#9267 = EDGE_CURVE('',#9259,#8856,#9268,.T.);
#9268 = B_SPLINE_CURVE_WITH_KNOTS('',3,(#9269,#9270,#9271,#9272),
  .UNSPECIFIED.,.F.,.F.,(4,4),(-1.,-0.661735139245),
  .PIECEWISE_BEZIER_KNOTS.);
#9269 = CARTESIAN_POINT('',(-8.866471329349E-003,0.225667575502,
    6.717514980081E-002));
#9270 = CARTESIAN_POINT('',(-8.866471329349E-003,0.225667575502,
    5.646342921022E-002));
#9271 = CARTESIAN_POINT('',(-5.99127400342E-003,0.225667575599,
    4.448659556872E-002));
#9272 = CARTESIAN_POINT('',(1.163887180953E-005,0.2256675758,
    3.382606281289E-002));
#9273 = B_SPLINE_SURFACE_WITH_KNOTS('',3,3,(
    (#9274,#9275,#9276,#9277)
    ,(#9278,#9279,#9280,#9281)
    ,(#9282,#9283,#9284,#9285)
    ,(#9286,#9287,#9288,#9289)
    ,(#9290,#9291,#9292,#9293)
    ,(#9294,#9295,#9296,#9297
    )),.UNSPECIFIED.,.F.,.F.,.F.,(4,1,1,4),(4,4),(0.E+000,0.285714285714
    ,0.571428571429,1.),(2.847014079301E-002,4.694833938504E-002),
  .UNSPECIFIED.);
#9274 = CARTESIAN_POINT('',(-6.498279184119E-011,5.366621624971E-002,
    5.588089158071E-009));
#9275 = CARTESIAN_POINT('',(3.748302530265E-002,0.102597314761,
    5.588089158071E-009));
#9276 = CARTESIAN_POINT('',(5.830867495135E-002,0.164067306857,
    5.588089158071E-009));
#9277 = CARTESIAN_POINT('',(5.830867288337E-002,0.225667577757,
    5.588089158071E-009));
#9278 = CARTESIAN_POINT('',(-7.182431724907E-003,5.916822369076E-002,
    5.588089156902E-009));
#9279 = CARTESIAN_POINT('',(2.910601159756E-002,0.106539890669,
    5.588089156888E-009));
#9280 = CARTESIAN_POINT('',(4.926105583782E-002,0.166030503944,
    5.588089158071E-009));
#9281 = CARTESIAN_POINT('',(4.926105383575E-002,0.225667577453,
    5.588089158071E-009));
#9282 = CARTESIAN_POINT('',(-2.283768357133E-002,7.116072375604E-002,
    3.713983130199E-003));
#9283 = CARTESIAN_POINT('',(1.082254798113E-002,0.115101469997,
    3.713983130199E-003));
#9284 = CARTESIAN_POINT('',(2.954033136052E-002,0.170349753274,
    3.713983130199E-003));
#9285 = CARTESIAN_POINT('',(2.954032950345E-002,0.225667576791,
    3.713983130199E-003));
#9286 = CARTESIAN_POINT('',(-4.722042023435E-002,8.983879894074E-002,
    2.760004715683E-002));
#9287 = CARTESIAN_POINT('',(-1.760113537869E-002,0.128504411732,
    2.760004715683E-002));
#9288 = CARTESIAN_POINT('',(-1.174296318785E-003,0.176990715953,
    2.760004715683E-002));
#9289 = CARTESIAN_POINT('',(-1.174297952911E-003,0.22566757576,
    2.760004715683E-002));
#9290 = CARTESIAN_POINT('',(-5.332683445247E-002,9.451653735261E-002,
    5.360372122938E-002));
#9291 = CARTESIAN_POINT('',(-2.477693197392E-002,0.131786156786,
    5.360372122938E-002));
#9292 = CARTESIAN_POINT('',(-8.866469754222E-003,0.178748157723,
    5.360372122938E-002));
#9293 = CARTESIAN_POINT('',(-8.866471329349E-003,0.225667575502,
    5.360372122938E-002));
#9294 = CARTESIAN_POINT('',(-5.332683445247E-002,9.451653735261E-002,
    6.717514980081E-002));
#9295 = CARTESIAN_POINT('',(-2.474602760965E-002,0.131826499968,
    6.717514980081E-002));
#9296 = CARTESIAN_POINT('',(-8.866469752517E-003,0.178697368941,
    6.717514980081E-002));
#9297 = CARTESIAN_POINT('',(-8.866471329349E-003,0.225667575502,
    6.717514980081E-002));
#9298 = ADVANCED_FACE('',(#9299),#9311,.T.);
#9299 = FACE_BOUND('',#9300,.T.);
#9300 = EDGE_LOOP('',(#9301,#9302,#9303,#9304));
#9301 = ORIENTED_EDGE('',*,*,#8726,.F.);
#9302 = ORIENTED_EDGE('',*,*,#8870,.T.);
#9303 = ORIENTED_EDGE('',*,*,#9267,.F.);
#9304 = ORIENTED_EDGE('',*,*,#9305,.T.);
#9305 = EDGE_CURVE('',#9259,#8687,#9306,.T.);
#9306 = B_SPLINE_CURVE_WITH_KNOTS('',3,(#9307,#9308,#9309,#9310),
  .UNSPECIFIED.,.F.,.F.,(4,4),(4.69483384356E-002,4.858149092784E-002),
  .PIECEWISE_BEZIER_KNOTS.);
#9307 = CARTESIAN_POINT('',(-8.866471329349E-003,0.225667568262,
    6.717514980081E-002));
#9308 = CARTESIAN_POINT('',(-8.866471329349E-003,0.231111964556,
    6.717514980081E-002));
#9309 = CARTESIAN_POINT('',(-8.866471329349E-003,0.236556068566,
    6.717514980081E-002));
#9310 = CARTESIAN_POINT('',(-8.866471329349E-003,0.242,
    6.717514980081E-002));
#9311 = B_SPLINE_SURFACE_WITH_KNOTS('',3,3,(
    (#9312,#9313,#9314,#9315)
    ,(#9316,#9317,#9318,#9319)
    ,(#9320,#9321,#9322,#9323)
    ,(#9324,#9325,#9326,#9327
    )),.UNSPECIFIED.,.F.,.F.,.F.,(4,4),(4,4),(0.661364385891,1.),(
    4.69483384356E-002,4.858149092784E-002),.PIECEWISE_BEZIER_KNOTS.);
#9312 = CARTESIAN_POINT('',(1.186860555976E-009,0.225667568262,
    3.381950852399E-002));
#9313 = CARTESIAN_POINT('',(1.186860555976E-009,0.231111964556,
    3.381950852399E-002));
#9314 = CARTESIAN_POINT('',(1.186860555976E-009,0.236556068566,
    3.381950852399E-002));
#9315 = CARTESIAN_POINT('',(1.186860555976E-009,0.242,
    3.381950852399E-002));
#9316 = CARTESIAN_POINT('',(-6.128759615952E-003,0.225667568262,
    4.453313560109E-002));
#9317 = CARTESIAN_POINT('',(-6.128759615952E-003,0.231111964556,
    4.453313560109E-002));
#9318 = CARTESIAN_POINT('',(-6.128759615952E-003,0.236556068566,
    4.453313560109E-002));
#9319 = CARTESIAN_POINT('',(-6.128759615952E-003,0.242,
    4.453313560109E-002));
#9320 = CARTESIAN_POINT('',(-8.866471329349E-003,0.225667568262,
    5.645168868737E-002));
#9321 = CARTESIAN_POINT('',(-8.866471329349E-003,0.231111964556,
    5.645168868737E-002));
#9322 = CARTESIAN_POINT('',(-8.866471329349E-003,0.236556068566,
    5.645168868737E-002));
#9323 = CARTESIAN_POINT('',(-8.866471329349E-003,0.242,
    5.645168868737E-002));
#9324 = CARTESIAN_POINT('',(-8.866471329349E-003,0.225667568262,
    6.717514980081E-002));
#9325 = CARTESIAN_POINT('',(-8.866471329349E-003,0.231111964556,
    6.717514980081E-002));
#9326 = CARTESIAN_POINT('',(-8.866471329349E-003,0.236556068566,
    6.717514980081E-002));
#9327 = CARTESIAN_POINT('',(-8.866471329349E-003,0.242,
    6.717514980081E-002));
#9328 = ADVANCED_FACE('',(#9329),#9349,.T.);
#9329 = FACE_BOUND('',#9330,.T.);
#9330 = EDGE_LOOP('',(#9331,#9332,#9341,#9348));
#9331 = ORIENTED_EDGE('',*,*,#9140,.T.);
#9332 = ORIENTED_EDGE('',*,*,#9333,.T.);
#9333 = EDGE_CURVE('',#9132,#9334,#9336,.T.);
#9334 = VERTEX_POINT('',#9335);
#9335 = CARTESIAN_POINT('',(-0.224534039591,1.E-002,6.717514980081E-002)
  );
#9336 = B_SPLINE_CURVE_WITH_KNOTS('',3,(#9337,#9338,#9339,#9340),
  .UNSPECIFIED.,.F.,.F.,(4,4),(0.641323864573,1.),
  .PIECEWISE_BEZIER_KNOTS.);
#9337 = CARTESIAN_POINT('',(-0.224534047462,1.002680532077E-006,
    3.191120320627E-002));
#9338 = CARTESIAN_POINT('',(-0.224534047226,6.767348786962E-003,
    4.303659853518E-002));
#9339 = CARTESIAN_POINT('',(-0.224534047113,1.E-002,5.581707217896E-002)
  );
#9340 = CARTESIAN_POINT('',(-0.224534047113,1.E-002,6.717514980081E-002)
  );
#9341 = ORIENTED_EDGE('',*,*,#9342,.T.);
#9342 = EDGE_CURVE('',#9334,#9211,#9343,.T.);
#9343 = B_SPLINE_CURVE_WITH_KNOTS('',3,(#9344,#9345,#9346,#9347),
  .UNSPECIFIED.,.F.,.F.,(4,4),(2.546500538104E-003,2.083762006558E-002),
  .PIECEWISE_BEZIER_KNOTS.);
#9344 = CARTESIAN_POINT('',(-0.224534039591,1.E-002,6.717514980081E-002)
  );
#9345 = CARTESIAN_POINT('',(-0.178039414447,1.000000005547E-002,
    6.717514980081E-002));
#9346 = CARTESIAN_POINT('',(-0.131637771173,2.554964903447E-002,
    6.717514980081E-002));
#9347 = CARTESIAN_POINT('',(-9.451907219126E-002,5.359604751549E-002,
    6.717514980081E-002));
#9348 = ORIENTED_EDGE('',*,*,#9210,.F.);
#9349 = B_SPLINE_SURFACE_WITH_KNOTS('',3,3,(
    (#9350,#9351,#9352,#9353)
    ,(#9354,#9355,#9356,#9357)
    ,(#9358,#9359,#9360,#9361)
    ,(#9362,#9363,#9364,#9365)
    ,(#9366,#9367,#9368,#9369)
    ,(#9370,#9371,#9372,#9373
    )),.UNSPECIFIED.,.F.,.F.,.F.,(4,1,1,4),(4,4),(0.E+000,0.285714285714
    ,0.571428571429,1.),(2.546499551727E-003,2.083762006558E-002),
  .UNSPECIFIED.);
#9350 = CARTESIAN_POINT('',(-0.224534049456,-5.717514421272E-002,
    5.588089158071E-009));
#9351 = CARTESIAN_POINT('',(-0.163557488588,-5.717514633942E-002,
    5.588089158071E-009));
#9352 = CARTESIAN_POINT('',(-0.102702870521,-3.678216385597E-002,
    5.588089158071E-009));
#9353 = CARTESIAN_POINT('',(-5.402260693553E-002,6.988663980923E-011,
    5.588089158071E-009));
#9354 = CARTESIAN_POINT('',(-0.22453404914,-4.81275251651E-002,
    5.588089156902E-009));
#9355 = CARTESIAN_POINT('',(-0.165500808058,-4.812752722402E-002,
    5.588089156902E-009));
#9356 = CARTESIAN_POINT('',(-0.10660578074,-2.839122706738E-002,
    5.58808915807E-009));
#9357 = CARTESIAN_POINT('',(-5.947695459199E-002,7.218691230569E-003,
    5.588089158071E-009));
#9358 = CARTESIAN_POINT('',(-0.224534048453,-2.840680083279E-002,
    3.713983130201E-003));
#9359 = CARTESIAN_POINT('',(-0.169776324444,-2.840680274259E-002,
    3.713983130201E-003));
#9360 = CARTESIAN_POINT('',(-0.115081065878,-1.007787267607E-002,
    3.713983130201E-003));
#9361 = CARTESIAN_POINT('',(-7.136557257861E-002,2.295297642435E-002,
    3.713983130201E-003));
#9362 = CARTESIAN_POINT('',(-0.224534047381,2.307826623554E-003,
    2.760004715683E-002));
#9363 = CARTESIAN_POINT('',(-0.17635004654,2.30782494303E-003,
    2.760004715683E-002));
#9364 = CARTESIAN_POINT('',(-0.128349255243,1.839334548181E-002,
    2.760004715683E-002));
#9365 = CARTESIAN_POINT('',(-8.988185353649E-002,4.745880592002E-002,
    2.760004715683E-002));
#9366 = CARTESIAN_POINT('',(-0.224534047113,1.E-002,5.360372122938E-002)
  );
#9367 = CARTESIAN_POINT('',(-0.178089693991,9.99999838015E-003,
    5.360372122938E-002));
#9368 = CARTESIAN_POINT('',(-0.131597636804,2.557997403333E-002,
    5.360372122938E-002));
#9369 = CARTESIAN_POINT('',(-9.451907219126E-002,5.359604751549E-002,
    5.360372122938E-002));
#9370 = CARTESIAN_POINT('',(-0.224534047113,1.E-002,6.717514980081E-002)
  );
#9371 = CARTESIAN_POINT('',(-0.178039419452,9.999998378397E-003,
    6.717514980081E-002));
#9372 = CARTESIAN_POINT('',(-0.131637773175,2.554964752202E-002,
    6.717514980081E-002));
#9373 = CARTESIAN_POINT('',(-9.451907219126E-002,5.359604751549E-002,
    6.717514980081E-002));
#9374 = ADVANCED_FACE('',(#9375),#9387,.T.);
#9375 = FACE_BOUND('',#9376,.T.);
#9376 = EDGE_LOOP('',(#9377,#9378,#9385,#9386));
#9377 = ORIENTED_EDGE('',*,*,#9004,.F.);
#9378 = ORIENTED_EDGE('',*,*,#9379,.T.);
#9379 = EDGE_CURVE('',#8886,#9334,#9380,.T.);
#9380 = B_SPLINE_CURVE_WITH_KNOTS('',3,(#9381,#9382,#9383,#9384),
  .UNSPECIFIED.,.F.,.F.,(4,4),(9.999955110813E-004,2.546500538104E-003),
  .PIECEWISE_BEZIER_KNOTS.);
#9381 = CARTESIAN_POINT('',(-0.239999994412,1.E-002,6.717514980081E-002)
  );
#9382 = CARTESIAN_POINT('',(-0.234844860537,1.E-002,6.717514980081E-002)
  );
#9383 = CARTESIAN_POINT('',(-0.229689577101,1.E-002,6.717514980081E-002)
  );
#9384 = CARTESIAN_POINT('',(-0.224534039591,1.E-002,6.717514980081E-002)
  );
#9385 = ORIENTED_EDGE('',*,*,#9333,.F.);
#9386 = ORIENTED_EDGE('',*,*,#9131,.T.);
#9387 = B_SPLINE_SURFACE_WITH_KNOTS('',3,3,(
    (#9388,#9389,#9390,#9391)
    ,(#9392,#9393,#9394,#9395)
    ,(#9396,#9397,#9398,#9399)
    ,(#9400,#9401,#9402,#9403
    )),.UNSPECIFIED.,.F.,.F.,.F.,(4,4),(4,4),(0.E+000,0.358887626512),(
    -2.546500538104E-003,-9.999955110813E-004),
  .PIECEWISE_BEZIER_KNOTS.);
#9388 = CARTESIAN_POINT('',(-0.224534039591,1.E-002,6.717514980081E-002)
  );
#9389 = CARTESIAN_POINT('',(-0.229689577101,1.E-002,6.717514980081E-002)
  );
#9390 = CARTESIAN_POINT('',(-0.234844860537,1.E-002,6.717514980081E-002)
  );
#9391 = CARTESIAN_POINT('',(-0.239999994412,1.E-002,6.717514980081E-002)
  );
#9392 = CARTESIAN_POINT('',(-0.224534039591,1.E-002,5.581037496127E-002)
  );
#9393 = CARTESIAN_POINT('',(-0.229689577101,1.E-002,5.581037496127E-002)
  );
#9394 = CARTESIAN_POINT('',(-0.234844860537,1.E-002,5.581037496127E-002)
  );
#9395 = CARTESIAN_POINT('',(-0.239999994412,1.E-002,5.581037496127E-002)
  );
#9396 = CARTESIAN_POINT('',(-0.224534039591,6.895250512782E-003,
    4.30916099054E-002));
#9397 = CARTESIAN_POINT('',(-0.229689577101,6.895250512782E-003,
    4.30916099054E-002));
#9398 = CARTESIAN_POINT('',(-0.234844860537,6.895250512782E-003,
    4.30916099054E-002));
#9399 = CARTESIAN_POINT('',(-0.239999994412,6.895250512782E-003,
    4.30916099054E-002));
#9400 = CARTESIAN_POINT('',(-0.224534039591,-9.544895208403E-010,
    3.191181199225E-002));
#9401 = CARTESIAN_POINT('',(-0.229689577101,-9.544895208403E-010,
    3.191181199225E-002));
#9402 = CARTESIAN_POINT('',(-0.234844860537,-9.544895208403E-010,
    3.191181199225E-002));
#9403 = CARTESIAN_POINT('',(-0.239999994412,-9.544895208403E-010,
    3.191181199225E-002));
#9404 = ADVANCED_FACE('',(#9405),#9417,.T.);
#9405 = FACE_BOUND('',#9406,.T.);
#9406 = EDGE_LOOP('',(#9407,#9408,#9409,#9416));
#9407 = ORIENTED_EDGE('',*,*,#8913,.F.);
#9408 = ORIENTED_EDGE('',*,*,#9101,.F.);
#9409 = ORIENTED_EDGE('',*,*,#9410,.F.);
#9410 = EDGE_CURVE('',#9334,#9092,#9411,.T.);
#9411 = B_SPLINE_CURVE_WITH_KNOTS('',3,(#9412,#9413,#9414,#9415),
  .UNSPECIFIED.,.F.,.F.,(4,4),(6.717514470325E-003,4.328248441209E-002),
  .PIECEWISE_BEZIER_KNOTS.);
#9412 = CARTESIAN_POINT('',(-0.224534039591,1.E-002,6.717514980081E-002)
  );
#9413 = CARTESIAN_POINT('',(-0.224534039591,1.E-002,0.189058386039));
#9414 = CARTESIAN_POINT('',(-0.224534039591,1.E-002,0.310941613962));
#9415 = CARTESIAN_POINT('',(-0.224534039591,1.E-002,0.432824850199));
#9416 = ORIENTED_EDGE('',*,*,#9379,.F.);
#9417 = PLANE('',#9418);
#9418 = AXIS2_PLACEMENT_3D('',#9419,#9420,#9421);
#9419 = CARTESIAN_POINT('',(-0.129433232871,1.E-002,0.25));
#9420 = DIRECTION('',(0.E+000,1.,0.E+000));
#9421 = DIRECTION('',(0.E+000,-0.E+000,1.));
#9422 = ADVANCED_FACE('',(#9423),#9428,.T.);
#9423 = FACE_BOUND('',#9424,.T.);
#9424 = EDGE_LOOP('',(#9425,#9426,#9427));
#9425 = ORIENTED_EDGE('',*,*,#9203,.F.);
#9426 = ORIENTED_EDGE('',*,*,#8847,.F.);
#9427 = ORIENTED_EDGE('',*,*,#9155,.F.);
#9428 = PLANE('',#9429);
#9429 = AXIS2_PLACEMENT_3D('',#9430,#9431,#9432);
#9430 = CARTESIAN_POINT('',(0.E+000,-3.469446951954E-017,
    5.588089158071E-009));
#9431 = DIRECTION('',(0.E+000,0.E+000,-1.));
#9432 = DIRECTION('',(-1.,0.E+000,0.E+000));
#9433 = ADVANCED_FACE('',(#9434),#9472,.T.);
#9434 = FACE_BOUND('',#9435,.T.);
#9435 = EDGE_LOOP('',(#9436,#9447,#9454,#9465));
#9436 = ORIENTED_EDGE('',*,*,#9437,.T.);
#9437 = EDGE_CURVE('',#9438,#9163,#9440,.T.);
#9438 = VERTEX_POINT('',#9439);
#9439 = CARTESIAN_POINT('',(-9.451907219131E-002,5.359604751545E-002,
    0.432824850199));
#9440 = B_SPLINE_CURVE_WITH_KNOTS('',3,(#9441,#9442,#9443,#9444,#9445,
    #9446),.UNSPECIFIED.,.F.,.F.,(4,1,1,4),(0.E+000,0.285714285714,
    0.571428571429,1.),.UNSPECIFIED.);
#9441 = CARTESIAN_POINT('',(-9.451907219131E-002,5.359604751545E-002,
    0.432824850199));
#9442 = CARTESIAN_POINT('',(-9.451907219131E-002,5.359604751545E-002,
    0.441872469247));
#9443 = CARTESIAN_POINT('',(-9.227871830512E-002,5.063099581475E-002,
    0.46159768348));
#9444 = CARTESIAN_POINT('',(-7.788303559041E-002,3.157867386719E-002,
    0.492300339472));
#9445 = CARTESIAN_POINT('',(-6.220412842028E-002,1.082803681087E-002,
    0.499999994412));
#9446 = CARTESIAN_POINT('',(-5.402260693559E-002,6.984054022144E-011,
    0.499999994412));
#9447 = ORIENTED_EDGE('',*,*,#9448,.T.);
#9448 = EDGE_CURVE('',#9163,#8817,#9449,.T.);
#9449 = B_SPLINE_CURVE_WITH_KNOTS('',3,(#9450,#9451,#9452,#9453),
  .UNSPECIFIED.,.F.,.F.,(4,4),(2.083762302976E-002,2.847014395621E-002),
  .PIECEWISE_BEZIER_KNOTS.);
#9450 = CARTESIAN_POINT('',(-5.402260693559E-002,6.984054022144E-011,
    0.499999994412));
#9451 = CARTESIAN_POINT('',(-3.370932192906E-002,1.534844981012E-002,
    0.499999994412));
#9452 = CARTESIAN_POINT('',(-1.54825854019E-002,3.345493658629E-002,
    0.499999994412));
#9453 = CARTESIAN_POINT('',(-6.502589807757E-011,5.366621624966E-002,
    0.499999994412));
#9454 = ORIENTED_EDGE('',*,*,#9455,.T.);
#9455 = EDGE_CURVE('',#8817,#9456,#9458,.T.);
#9456 = VERTEX_POINT('',#9457);
#9457 = CARTESIAN_POINT('',(-5.33268344525E-002,9.451653735257E-002,
    0.432824850199));
#9458 = B_SPLINE_CURVE_WITH_KNOTS('',3,(#9459,#9460,#9461,#9462,#9463,
    #9464),.UNSPECIFIED.,.F.,.F.,(4,1,1,4),(-1.,-0.571428571429,
    -0.285714285714,0.E+000),.UNSPECIFIED.);
#9459 = CARTESIAN_POINT('',(-6.502589807757E-011,5.366621624966E-002,
    0.499999994412));
#9460 = CARTESIAN_POINT('',(-1.077364755491E-002,6.191922741123E-002,
    0.499999994412));
#9461 = CARTESIAN_POINT('',(-3.142005411801E-002,7.773513599481E-002,
    0.492300339472));
#9462 = CARTESIAN_POINT('',(-5.037667621267E-002,9.225660737949E-002,
    0.46159768348));
#9463 = CARTESIAN_POINT('',(-5.33268344525E-002,9.451653735257E-002,
    0.441872469247));
#9464 = CARTESIAN_POINT('',(-5.33268344525E-002,9.451653735257E-002,
    0.432824850199));
#9465 = ORIENTED_EDGE('',*,*,#9466,.T.);
#9466 = EDGE_CURVE('',#9456,#9438,#9467,.T.);
#9467 = B_SPLINE_CURVE_WITH_KNOTS('',3,(#9468,#9469,#9470,#9471),
  .UNSPECIFIED.,.F.,.F.,(4,4),(-2.847014395621E-002,-2.083762302976E-002
    ),.PIECEWISE_BEZIER_KNOTS.);
#9468 = CARTESIAN_POINT('',(-5.33268344525E-002,9.451653735257E-002,
    0.432824850199));
#9469 = CARTESIAN_POINT('',(-6.513230577187E-002,7.910543660925E-002,
    0.432824850199));
#9470 = CARTESIAN_POINT('',(-7.903019237383E-002,6.529924044242E-002,
    0.432824850199));
#9471 = CARTESIAN_POINT('',(-9.451907219131E-002,5.359604751545E-002,
    0.432824850199));
#9472 = B_SPLINE_SURFACE_WITH_KNOTS('',3,3,(
    (#9473,#9474,#9475,#9476)
    ,(#9477,#9478,#9479,#9480)
    ,(#9481,#9482,#9483,#9484)
    ,(#9485,#9486,#9487,#9488)
    ,(#9489,#9490,#9491,#9492)
    ,(#9493,#9494,#9495,#9496
    )),.UNSPECIFIED.,.F.,.F.,.F.,(4,1,1,4),(4,4),(0.E+000,0.285714285714
    ,0.571428571429,1.),(2.083762302976E-002,2.847014395621E-002),
  .UNSPECIFIED.);
#9473 = CARTESIAN_POINT('',(-9.451907219131E-002,5.359604751545E-002,
    0.432824850199));
#9474 = CARTESIAN_POINT('',(-7.903019237383E-002,6.529924044242E-002,
    0.432824850199));
#9475 = CARTESIAN_POINT('',(-6.513230577187E-002,7.910543660925E-002,
    0.432824850199));
#9476 = CARTESIAN_POINT('',(-5.33268344525E-002,9.451653735257E-002,
    0.432824850199));
#9477 = CARTESIAN_POINT('',(-9.451907219131E-002,5.359604751545E-002,
    0.441872469247));
#9478 = CARTESIAN_POINT('',(-7.902831779135E-002,6.530065685217E-002,
    0.441872469247));
#9479 = CARTESIAN_POINT('',(-6.513373456013E-002,7.910357144018E-002,
    0.441872469247));
#9480 = CARTESIAN_POINT('',(-5.33268344525E-002,9.451653735257E-002,
    0.441872469247));
#9481 = CARTESIAN_POINT('',(-9.227871830512E-002,5.063099581475E-002,
    0.46159768348));
#9482 = CARTESIAN_POINT('',(-7.652169042144E-002,6.253679787734E-002,
    0.46159768348));
#9483 = CARTESIAN_POINT('',(-6.238652734143E-002,7.65787051043E-002,
    0.46159768348));
#9484 = CARTESIAN_POINT('',(-5.037667621267E-002,9.225660737949E-002,
    0.46159768348));
#9485 = CARTESIAN_POINT('',(-7.788303559041E-002,3.157867386719E-002,
    0.492300339472));
#9486 = CARTESIAN_POINT('',(-6.04170258932E-002,4.477576000637E-002,
    0.492300339472));
#9487 = CARTESIAN_POINT('',(-4.473247431714E-002,6.035683374189E-002,
    0.492300339472));
#9488 = CARTESIAN_POINT('',(-3.142005411801E-002,7.773513599481E-002,
    0.492300339472));
#9489 = CARTESIAN_POINT('',(-6.220412842028E-002,1.082803681087E-002,
    0.499999994412));
#9490 = CARTESIAN_POINT('',(-4.285559008952E-002,2.544753671066E-002,
    0.499999994412));
#9491 = CARTESIAN_POINT('',(-2.552091249769E-002,4.266784984456E-002,
    0.499999994412));
#9492 = CARTESIAN_POINT('',(-1.077364755491E-002,6.191922741123E-002,
    0.499999994412));
#9493 = CARTESIAN_POINT('',(-5.402260693559E-002,6.984054022144E-011,
    0.499999994412));
#9494 = CARTESIAN_POINT('',(-3.370932192906E-002,1.534844981012E-002,
    0.499999994412));
#9495 = CARTESIAN_POINT('',(-1.54825854019E-002,3.345493658629E-002,
    0.499999994412));
#9496 = CARTESIAN_POINT('',(-6.502589807757E-011,5.366621624966E-002,
    0.499999994412));
#9497 = ADVANCED_FACE('',(#9498),#9510,.T.);
#9498 = FACE_BOUND('',#9499,.T.);
#9499 = EDGE_LOOP('',(#9500,#9501,#9502,#9509));
#9500 = ORIENTED_EDGE('',*,*,#9170,.T.);
#9501 = ORIENTED_EDGE('',*,*,#9437,.F.);
#9502 = ORIENTED_EDGE('',*,*,#9503,.T.);
#9503 = EDGE_CURVE('',#9438,#9092,#9504,.T.);
#9504 = B_SPLINE_CURVE_WITH_KNOTS('',3,(#9505,#9506,#9507,#9508),
  .UNSPECIFIED.,.F.,.F.,(4,4),(-2.083762302976E-002,-2.546500538206E-003
    ),.PIECEWISE_BEZIER_KNOTS.);
#9505 = CARTESIAN_POINT('',(-9.451907219131E-002,5.359604751545E-002,
    0.432824850199));
#9506 = CARTESIAN_POINT('',(-0.131637738583,2.554967365914E-002,
    0.432824850199));
#9507 = CARTESIAN_POINT('',(-0.178039406912,1.000000006139E-002,
    0.432824850199));
#9508 = CARTESIAN_POINT('',(-0.224534039591,1.E-002,0.432824850199));
#9509 = ORIENTED_EDGE('',*,*,#9091,.T.);
#9510 = B_SPLINE_SURFACE_WITH_KNOTS('',3,3,(
    (#9511,#9512,#9513,#9514)
    ,(#9515,#9516,#9517,#9518)
    ,(#9519,#9520,#9521,#9522)
    ,(#9523,#9524,#9525,#9526)
    ,(#9527,#9528,#9529,#9530)
    ,(#9531,#9532,#9533,#9534
    )),.UNSPECIFIED.,.F.,.F.,.F.,(4,1,1,4),(4,4),(0.E+000,0.285714285714
    ,0.571428571429,1.),(2.546499446776E-003,2.083762302976E-002),
  .UNSPECIFIED.);
#9511 = CARTESIAN_POINT('',(-0.224534047914,1.E-002,0.432824850199));
#9512 = CARTESIAN_POINT('',(-0.178039412449,9.99999820569E-003,
    0.432824850199));
#9513 = CARTESIAN_POINT('',(-0.131637740798,2.554967198561E-002,
    0.432824850199));
#9514 = CARTESIAN_POINT('',(-9.451907219131E-002,5.359604751545E-002,
    0.432824850199));
#9515 = CARTESIAN_POINT('',(-0.224534047914,1.E-002,0.441872469247));
#9516 = CARTESIAN_POINT('',(-0.178033785314,9.999998205472E-003,
    0.441872469247));
#9517 = CARTESIAN_POINT('',(-0.131642233183,2.554627759913E-002,
    0.441872469247));
#9518 = CARTESIAN_POINT('',(-9.451907219131E-002,5.359604751545E-002,
    0.441872469247));
#9519 = CARTESIAN_POINT('',(-0.224534048058,6.282601134999E-003,
    0.46159989875));
#9520 = CARTESIAN_POINT('',(-0.177234483719,6.282599309625E-003,
    0.46159989875));
#9521 = CARTESIAN_POINT('',(-0.130039320154,2.209817831049E-002,
    0.46159989875));
#9522 = CARTESIAN_POINT('',(-9.227804218322E-002,5.063010098452E-002,
    0.46159989875));
#9523 = CARTESIAN_POINT('',(-0.224534048979,-1.759339913424E-002,
    0.492296404236));
#9524 = CARTESIAN_POINT('',(-0.172104450231,-1.759340115759E-002,
    0.492296404236));
#9525 = CARTESIAN_POINT('',(-0.11974122569,-4.594225852073E-005,
    0.492296404236));
#9526 = CARTESIAN_POINT('',(-7.788442045482E-002,3.158050670022E-002,
    0.492296404236));
#9527 = CARTESIAN_POINT('',(-0.224534049983,-4.360371564129E-002,
    0.499999994412));
#9528 = CARTESIAN_POINT('',(-0.16645346268,-4.360371788273E-002,
    0.499999994412));
#9529 = CARTESIAN_POINT('',(-0.108572361035,-2.42071870641E-002,
    0.499999994412));
#9530 = CARTESIAN_POINT('',(-6.220412842028E-002,1.082803681087E-002,
    0.499999994412));
#9531 = CARTESIAN_POINT('',(-0.224534050507,-5.717514421272E-002,
    0.499999994412));
#9532 = CARTESIAN_POINT('',(-0.163557479405,-5.717514656592E-002,
    0.499999994412));
#9533 = CARTESIAN_POINT('',(-0.102702828059,-3.678213177258E-002,
    0.499999994412));
#9534 = CARTESIAN_POINT('',(-5.402260693559E-002,6.984039798549E-011,
    0.499999994412));
#9535 = ADVANCED_FACE('',(#9536),#9557,.T.);
#9536 = FACE_BOUND('',#9537,.T.);
#9537 = EDGE_LOOP('',(#9538,#9539,#9549,#9556));
#9538 = ORIENTED_EDGE('',*,*,#8816,.T.);
#9539 = ORIENTED_EDGE('',*,*,#9540,.T.);
#9540 = EDGE_CURVE('',#8808,#9541,#9543,.T.);
#9541 = VERTEX_POINT('',#9542);
#9542 = CARTESIAN_POINT('',(-8.866471329349E-003,0.225667568262,
    0.432824850199));
#9543 = B_SPLINE_CURVE_WITH_KNOTS('',3,(#9544,#9545,#9546,#9547,#9548),
  .UNSPECIFIED.,.F.,.F.,(4,1,4),(-0.338803747959,-0.285714285714,0.E+000
    ),.UNSPECIFIED.);
#9544 = CARTESIAN_POINT('',(2.145395203398E-006,0.225667568262,
    0.466179251527));
#9545 = CARTESIAN_POINT('',(-9.689496953632E-004,0.225667568262,
    0.464496858339));
#9546 = CARTESIAN_POINT('',(-6.662393358374E-003,0.225667568262,
    0.453569007073));
#9547 = CARTESIAN_POINT('',(-8.866471329349E-003,0.225667568262,
    0.441872469247));
#9548 = CARTESIAN_POINT('',(-8.866471329349E-003,0.225667568262,
    0.432824850199));
#9549 = ORIENTED_EDGE('',*,*,#9550,.T.);
#9550 = EDGE_CURVE('',#9541,#9456,#9551,.T.);
#9551 = B_SPLINE_CURVE_WITH_KNOTS('',3,(#9552,#9553,#9554,#9555),
  .UNSPECIFIED.,.F.,.F.,(4,4),(-4.694833843575E-002,-2.847014395621E-002
    ),.PIECEWISE_BEZIER_KNOTS.);
#9552 = CARTESIAN_POINT('',(-8.866471329349E-003,0.225667568262,
    0.432824850199));
#9553 = CARTESIAN_POINT('',(-8.866471329349E-003,0.178697372152,
    0.432824850199));
#9554 = CARTESIAN_POINT('',(-2.47460028945E-002,0.131826532231,
    0.432824850199));
#9555 = CARTESIAN_POINT('',(-5.33268344525E-002,9.451653735257E-002,
    0.432824850199));
#9556 = ORIENTED_EDGE('',*,*,#9455,.F.);
#9557 = B_SPLINE_SURFACE_WITH_KNOTS('',3,3,(
    (#9558,#9559,#9560,#9561)
    ,(#9562,#9563,#9564,#9565)
    ,(#9566,#9567,#9568,#9569)
    ,(#9570,#9571,#9572,#9573)
    ,(#9574,#9575,#9576,#9577)
    ,(#9578,#9579,#9580,#9581
    )),.UNSPECIFIED.,.F.,.F.,.F.,(4,1,1,4),(4,4),(0.E+000,0.285714285714
    ,0.571428571429,1.),(2.847014395621E-002,4.694833843575E-002),
  .UNSPECIFIED.);
#9558 = CARTESIAN_POINT('',(-5.33268344525E-002,9.451653735257E-002,
    0.432824850199));
#9559 = CARTESIAN_POINT('',(-2.47460028945E-002,0.131826532231,
    0.432824850199));
#9560 = CARTESIAN_POINT('',(-8.866471329349E-003,0.178697372152,
    0.432824850199));
#9561 = CARTESIAN_POINT('',(-8.866471329349E-003,0.225667568262,
    0.432824850199));
#9562 = CARTESIAN_POINT('',(-5.33268344525E-002,9.451653735257E-002,
    0.441872469247));
#9563 = CARTESIAN_POINT('',(-2.474254382407E-002,0.131831047772,
    0.441872469247));
#9564 = CARTESIAN_POINT('',(-8.866471329349E-003,0.17869168746,
    0.441872469247));
#9565 = CARTESIAN_POINT('',(-8.866471329349E-003,0.225667568262,
    0.441872469247));
#9566 = CARTESIAN_POINT('',(-5.037577543133E-002,9.225591734778E-002,
    0.461599924864));
#9567 = CARTESIAN_POINT('',(-2.130014406839E-002,0.130211833888,
    0.461599924864));
#9568 = CARTESIAN_POINT('',(-5.149059305846E-003,0.177884210231,
    0.461599924864));
#9569 = CARTESIAN_POINT('',(-5.149059305846E-003,0.225667568262,
    0.461599924864));
#9570 = CARTESIAN_POINT('',(-3.142189982118E-002,7.773654987148E-002,
    0.492296356685));
#9571 = CARTESIAN_POINT('',(8.072275933664E-004,0.119809103861,
    0.492296356685));
#9572 = CARTESIAN_POINT('',(1.872689999544E-002,0.172701704338,
    0.492296356685));
#9573 = CARTESIAN_POINT('',(1.872689999544E-002,0.225667568262,
    0.492296356685));
#9574 = CARTESIAN_POINT('',(-1.077364755491E-002,6.191922741123E-002,
    0.499999994412));
#9575 = CARTESIAN_POINT('',(2.492921291282E-002,0.108526462701,
    0.499999994412));
#9576 = CARTESIAN_POINT('',(4.473724431194E-002,0.16699291583,
    0.499999994412));
#9577 = CARTESIAN_POINT('',(4.473724431194E-002,0.225667568262,
    0.499999994412));
#9578 = CARTESIAN_POINT('',(-6.502579833097E-011,5.366621624966E-002,
    0.499999994412));
#9579 = CARTESIAN_POINT('',(3.748305771597E-002,0.102597357074,
    0.499999994412));
#9580 = CARTESIAN_POINT('',(5.830867288337E-002,0.164067311068,
    0.499999994412));
#9581 = CARTESIAN_POINT('',(5.830867288337E-002,0.225667568262,
    0.499999994412));
#9582 = ADVANCED_FACE('',(#9583),#9595,.T.);
#9583 = FACE_BOUND('',#9584,.T.);
#9584 = EDGE_LOOP('',(#9585,#9586,#9593,#9594));
#9585 = ORIENTED_EDGE('',*,*,#8603,.F.);
#9586 = ORIENTED_EDGE('',*,*,#9587,.T.);
#9587 = EDGE_CURVE('',#8604,#9541,#9588,.T.);
#9588 = B_SPLINE_CURVE_WITH_KNOTS('',3,(#9589,#9590,#9591,#9592),
  .UNSPECIFIED.,.F.,.F.,(4,4),(-4.858149092785E-002,-4.694833843575E-002
    ),.PIECEWISE_BEZIER_KNOTS.);
#9589 = CARTESIAN_POINT('',(-8.866471329349E-003,0.242,0.432824850199));
#9590 = CARTESIAN_POINT('',(-8.866471329349E-003,0.236556068567,
    0.432824850199));
#9591 = CARTESIAN_POINT('',(-8.866471329349E-003,0.231111964556,
    0.432824850199));
#9592 = CARTESIAN_POINT('',(-8.866471329349E-003,0.225667568262,
    0.432824850199));
#9593 = ORIENTED_EDGE('',*,*,#9540,.F.);
#9594 = ORIENTED_EDGE('',*,*,#8807,.T.);
#9595 = B_SPLINE_SURFACE_WITH_KNOTS('',3,3,(
    (#9596,#9597,#9598,#9599)
    ,(#9600,#9601,#9602,#9603)
    ,(#9604,#9605,#9606,#9607)
    ,(#9608,#9609,#9610,#9611
    )),.UNSPECIFIED.,.F.,.F.,.F.,(4,4),(4,4),(0.E+000,0.338635614109),(
    4.694833843575E-002,4.858149092785E-002),.PIECEWISE_BEZIER_KNOTS.);
#9596 = CARTESIAN_POINT('',(-8.866471329349E-003,0.225667568262,
    0.432824850199));
#9597 = CARTESIAN_POINT('',(-8.866471329349E-003,0.231111964556,
    0.432824850199));
#9598 = CARTESIAN_POINT('',(-8.866471329349E-003,0.236556068567,
    0.432824850199));
#9599 = CARTESIAN_POINT('',(-8.866471329349E-003,0.242,0.432824850199));
#9600 = CARTESIAN_POINT('',(-8.866471329349E-003,0.225667568262,
    0.443548311313));
#9601 = CARTESIAN_POINT('',(-8.866471329349E-003,0.231111964556,
    0.443548311313));
#9602 = CARTESIAN_POINT('',(-8.866471329349E-003,0.236556068567,
    0.443548311313));
#9603 = CARTESIAN_POINT('',(-8.866471329349E-003,0.242,0.443548311313));
#9604 = CARTESIAN_POINT('',(-6.128759615952E-003,0.225667568262,
    0.455466864399));
#9605 = CARTESIAN_POINT('',(-6.128759615952E-003,0.231111964556,
    0.455466864399));
#9606 = CARTESIAN_POINT('',(-6.128759615952E-003,0.236556068567,
    0.455466864399));
#9607 = CARTESIAN_POINT('',(-6.128759615952E-003,0.242,0.455466864399));
#9608 = CARTESIAN_POINT('',(1.18686051417E-009,0.225667568262,
    0.466180491476));
#9609 = CARTESIAN_POINT('',(1.18686051417E-009,0.231111964556,
    0.466180491476));
#9610 = CARTESIAN_POINT('',(1.18686051417E-009,0.236556068567,
    0.466180491476));
#9611 = CARTESIAN_POINT('',(1.18686051417E-009,0.242,0.466180491476));
#9612 = ADVANCED_FACE('',(#9613),#9625,.T.);
#9613 = FACE_BOUND('',#9614,.T.);
#9614 = EDGE_LOOP('',(#9615,#9616,#9617,#9624));
#9615 = ORIENTED_EDGE('',*,*,#8695,.F.);
#9616 = ORIENTED_EDGE('',*,*,#9305,.F.);
#9617 = ORIENTED_EDGE('',*,*,#9618,.F.);
#9618 = EDGE_CURVE('',#9541,#9259,#9619,.T.);
#9619 = B_SPLINE_CURVE_WITH_KNOTS('',3,(#9620,#9621,#9622,#9623),
  .UNSPECIFIED.,.F.,.F.,(4,4),(-4.328248441209E-002,-6.717514470325E-003
    ),.PIECEWISE_BEZIER_KNOTS.);
#9620 = CARTESIAN_POINT('',(-8.866471329349E-003,0.225667568262,
    0.432824850199));
#9621 = CARTESIAN_POINT('',(-8.866471329349E-003,0.225667568262,
    0.310941613962));
#9622 = CARTESIAN_POINT('',(-8.866471329349E-003,0.225667568262,
    0.189058386039));
#9623 = CARTESIAN_POINT('',(-8.866471329349E-003,0.225667568262,
    6.717514980081E-002));
#9624 = ORIENTED_EDGE('',*,*,#9587,.F.);
#9625 = PLANE('',#9626);
#9626 = AXIS2_PLACEMENT_3D('',#9627,#9628,#9629);
#9627 = CARTESIAN_POINT('',(-8.866471329349E-003,-3.469446951954E-017,
    5.588089158071E-009));
#9628 = DIRECTION('',(-1.,0.E+000,0.E+000));
#9629 = DIRECTION('',(0.E+000,0.E+000,1.));
#9630 = ADVANCED_FACE('',(#9631),#9636,.T.);
#9631 = FACE_BOUND('',#9632,.T.);
#9632 = EDGE_LOOP('',(#9633,#9634,#9635));
#9633 = ORIENTED_EDGE('',*,*,#9448,.F.);
#9634 = ORIENTED_EDGE('',*,*,#9162,.F.);
#9635 = ORIENTED_EDGE('',*,*,#8831,.T.);
#9636 = PLANE('',#9637);
#9637 = AXIS2_PLACEMENT_3D('',#9638,#9639,#9640);
#9638 = CARTESIAN_POINT('',(-8.866471329349E-003,-3.469446951954E-017,
    0.499999994412));
#9639 = DIRECTION('',(0.E+000,0.E+000,1.));
#9640 = DIRECTION('',(1.,0.E+000,-0.E+000));
#9641 = ADVANCED_FACE('',(#9642),#9652,.T.);
#9642 = FACE_BOUND('',#9643,.T.);
#9643 = EDGE_LOOP('',(#9644,#9645,#9646,#9647,#9648,#9649,#9650,#9651));
#9644 = ORIENTED_EDGE('',*,*,#9342,.F.);
#9645 = ORIENTED_EDGE('',*,*,#9410,.T.);
#9646 = ORIENTED_EDGE('',*,*,#9503,.F.);
#9647 = ORIENTED_EDGE('',*,*,#9466,.F.);
#9648 = ORIENTED_EDGE('',*,*,#9550,.F.);
#9649 = ORIENTED_EDGE('',*,*,#9618,.T.);
#9650 = ORIENTED_EDGE('',*,*,#9258,.F.);
#9651 = ORIENTED_EDGE('',*,*,#9221,.F.);
#9652 = B_SPLINE_SURFACE_WITH_KNOTS('',3,3,(
    (#9653,#9654,#9655,#9656)
    ,(#9657,#9658,#9659,#9660)
    ,(#9661,#9662,#9663,#9664)
    ,(#9665,#9666,#9667,#9668)
    ,(#9669,#9670,#9671,#9672)
    ,(#9673,#9674,#9675,#9676)
    ,(#9677,#9678,#9679,#9680
    )),.UNSPECIFIED.,.F.,.F.,.F.,(4,1,1,1,4),(4,4),(0.E+000,
    0.285714285714,0.5,0.785714285714,1.),(6.717514470325E-003,
    4.328248441209E-002),.UNSPECIFIED.);
#9653 = CARTESIAN_POINT('',(-8.866471329349E-003,0.225667568262,
    6.717514980081E-002));
#9654 = CARTESIAN_POINT('',(-8.866471329349E-003,0.225667568262,
    0.189058386039));
#9655 = CARTESIAN_POINT('',(-8.866471329349E-003,0.225667568262,
    0.310941613962));
#9656 = CARTESIAN_POINT('',(-8.866471329349E-003,0.225667568262,
    0.432824850199));
#9657 = CARTESIAN_POINT('',(-8.866471329349E-003,0.196619949214,
    6.717514980081E-002));
#9658 = CARTESIAN_POINT('',(-8.866471329349E-003,0.196619949214,
    0.189058386039));
#9659 = CARTESIAN_POINT('',(-8.866471329349E-003,0.196619949214,
    0.310941613962));
#9660 = CARTESIAN_POINT('',(-8.866471329349E-003,0.196619949214,
    0.432824850199));
#9661 = CARTESIAN_POINT('',(-1.958295864377E-002,0.141125947474,
    6.717514980081E-002));
#9662 = CARTESIAN_POINT('',(-1.958295864377E-002,0.141125947474,
    0.189058386039));
#9663 = CARTESIAN_POINT('',(-1.958295864377E-002,0.141125947474,
    0.310941613962));
#9664 = CARTESIAN_POINT('',(-1.958295864377E-002,0.141125947474,
    0.432824850199));
#9665 = CARTESIAN_POINT('',(-7.363530989373E-002,6.257942721429E-002,
    6.717514980081E-002));
#9666 = CARTESIAN_POINT('',(-7.363530989373E-002,6.257942721429E-002,
    0.189058386039));
#9667 = CARTESIAN_POINT('',(-7.363530989373E-002,6.257942721429E-002,
    0.310941613962));
#9668 = CARTESIAN_POINT('',(-7.363530989373E-002,6.257942721429E-002,
    0.432824850199));
#9669 = CARTESIAN_POINT('',(-0.148463526957,1.768110982599E-002,
    6.717514980081E-002));
#9670 = CARTESIAN_POINT('',(-0.148463526957,1.768110982599E-002,
    0.189058386039));
#9671 = CARTESIAN_POINT('',(-0.148463526957,1.768110982599E-002,
    0.310941613962));
#9672 = CARTESIAN_POINT('',(-0.148463526957,1.768110982599E-002,
    0.432824850199));
#9673 = CARTESIAN_POINT('',(-0.202748325306,1.E-002,6.717514980081E-002)
  );
#9674 = CARTESIAN_POINT('',(-0.202748325306,1.E-002,0.189058386039));
#9675 = CARTESIAN_POINT('',(-0.202748325306,1.E-002,0.310941613962));
#9676 = CARTESIAN_POINT('',(-0.202748325306,1.E-002,0.432824850199));
#9677 = CARTESIAN_POINT('',(-0.224534039591,1.E-002,6.717514980081E-002)
  );
#9678 = CARTESIAN_POINT('',(-0.224534039591,1.E-002,0.189058386039));
#9679 = CARTESIAN_POINT('',(-0.224534039591,1.E-002,0.310941613962));
#9680 = CARTESIAN_POINT('',(-0.224534039591,1.E-002,0.432824850199));
#9681 = MANIFOLD_SOLID_BREP('',#9682);
#9682 = CLOSED_SHELL('',(#9683,#9764,#9796,#9867,#9884,#9965,#10007,
    #10084,#10161,#10208,#10272,#10336,#10382,#10412,#10458,#10488,
    #10506,#10517,#10581,#10619,#10666,#10696,#10714,#10725));
#9683 = ADVANCED_FACE('',(#9684),#9743,.F.);
#9684 = FACE_BOUND('',#9685,.F.);
#9685 = EDGE_LOOP('',(#9686,#9697,#9706,#9715));
#9686 = ORIENTED_EDGE('',*,*,#9687,.F.);
#9687 = EDGE_CURVE('',#9688,#9690,#9692,.T.);
#9688 = VERTEX_POINT('',#9689);
#9689 = CARTESIAN_POINT('',(1.008866470397,0.242,6.717514980062E-002));
#9690 = VERTEX_POINT('',#9691);
#9691 = CARTESIAN_POINT('',(0.999999999068,0.242,3.381951059854E-002));
#9692 = B_SPLINE_CURVE_WITH_KNOTS('',3,(#9693,#9694,#9695,#9696),
  .UNSPECIFIED.,.F.,.F.,(4,4),(-9.294778469887E-003,-6.220117803688E-003
    ),.PIECEWISE_BEZIER_KNOTS.);
#9693 = CARTESIAN_POINT('',(1.008866470397,0.242,6.717514980062E-002));
#9694 = CARTESIAN_POINT('',(1.008866470397,0.242,5.554071688654E-002));
#9695 = CARTESIAN_POINT('',(1.005777088493,0.242,4.391838519974E-002));
#9696 = CARTESIAN_POINT('',(0.999999999068,0.242,3.381951059854E-002));
#9697 = ORIENTED_EDGE('',*,*,#9698,.F.);
#9698 = EDGE_CURVE('',#9699,#9688,#9701,.T.);
#9699 = VERTEX_POINT('',#9700);
#9700 = CARTESIAN_POINT('',(1.000866470397,0.25,6.717514980062E-002));
#9701 = CIRCLE('',#9702,8.E-003);
#9702 = AXIS2_PLACEMENT_3D('',#9703,#9704,#9705);
#9703 = CARTESIAN_POINT('',(1.000866470397,0.242,6.717514980062E-002));
#9704 = DIRECTION('',(-1.224646799147E-016,0.E+000,-1.));
#9705 = DIRECTION('',(0.E+000,1.,0.E+000));
#9706 = ORIENTED_EDGE('',*,*,#9707,.F.);
#9707 = EDGE_CURVE('',#9708,#9699,#9710,.T.);
#9708 = VERTEX_POINT('',#9709);
#9709 = CARTESIAN_POINT('',(0.999999998852,0.25,5.708572912634E-002));
#9710 = B_SPLINE_CURVE_WITH_KNOTS('',3,(#9711,#9712,#9713,#9714),
  .UNSPECIFIED.,.F.,.F.,(4,4),(8.280864549502E-003,9.294778469887E-003),
  .PIECEWISE_BEZIER_KNOTS.);
#9711 = CARTESIAN_POINT('',(0.999999998495,0.249999994839,
    5.708572900216E-002));
#9712 = CARTESIAN_POINT('',(1.000579284374,0.249999994839,
    6.041587533929E-002));
#9713 = CARTESIAN_POINT('',(1.000875272423,0.249999994839,
    6.379493184366E-002));
#9714 = CARTESIAN_POINT('',(1.000875272423,0.249999994839,
    6.717514980062E-002));
#9715 = ORIENTED_EDGE('',*,*,#9716,.F.);
#9716 = EDGE_CURVE('',#9690,#9708,#9717,.T.);
#9717 = B_SPLINE_CURVE_WITH_KNOTS('',3,(#9718,#9719,#9720,#9721,#9722,
    #9723,#9724,#9725,#9726,#9727,#9728,#9729,#9730,#9731,#9732,#9733,
    #9734,#9735,#9736,#9737,#9738,#9739,#9740,#9741,#9742),
  .UNSPECIFIED.,.F.,.F.,(4,3,3,3,3,3,3,3,4),(0.E+000,1.588162434186E-004
    ,3.503879509493E-004,6.456617916093E-004,6.467527538791E-004,
    1.071432406742E-003,1.268856157581E-003,2.042251582071E-003,
    2.865111489381E-003),.UNSPECIFIED.);
#9718 = CARTESIAN_POINT('',(0.999999999068,0.242,3.381951059854E-002));
#9719 = CARTESIAN_POINT('',(0.999999999068,0.242529387478,
    3.381951059854E-002));
#9720 = CARTESIAN_POINT('',(0.999998691957,0.24304513055,
    3.392598241991E-002));
#9721 = CARTESIAN_POINT('',(0.999997967442,0.24353828981,
    3.41218769575E-002));
#9722 = CARTESIAN_POINT('',(0.999997093498,0.244133161968,
    3.435817426724E-002));
#9723 = CARTESIAN_POINT('',(0.999997064022,0.244672740193,
    3.471530641993E-002));
#9724 = CARTESIAN_POINT('',(0.999997733968,0.24515240071,
    3.514035357463E-002));
#9725 = CARTESIAN_POINT('',(0.999998766571,0.245891712402,
    3.579548844527E-002));
#9726 = CARTESIAN_POINT('',(1.000001069258,0.24649848619,
    3.661967392927E-002));
#9727 = CARTESIAN_POINT('',(1.000000633431,0.246986949151,
    3.74807496257E-002));
#9728 = CARTESIAN_POINT('',(1.000000631821,0.246988753898,
    3.748393108293E-002));
#9729 = CARTESIAN_POINT('',(1.000000630178,0.246990557272,
    3.748711346775E-002));
#9730 = CARTESIAN_POINT('',(1.000000628501,0.246992359273,
    3.749029677554E-002));
#9731 = CARTESIAN_POINT('',(0.99999997566,0.247693825483,
    3.87294652458E-002));
#9732 = CARTESIAN_POINT('',(0.999995605031,0.248186647714,
    4.01032454535E-002));
#9733 = CARTESIAN_POINT('',(0.999993020431,0.248539997768,
    4.135965938818E-002));
#9734 = CARTESIAN_POINT('',(0.999991818911,0.248704262037,
    4.194373717462E-002));
#9735 = CARTESIAN_POINT('',(0.999990838324,0.24883846839,
    4.250332620345E-002));
#9736 = CARTESIAN_POINT('',(0.999990119396,0.248949129192,
    4.301660073779E-002));
#9737 = CARTESIAN_POINT('',(0.999987303039,0.249382636093,
    4.502732221725E-002));
#9738 = CARTESIAN_POINT('',(0.999982844662,0.249646196537,
    4.721510567382E-002));
#9739 = CARTESIAN_POINT('',(0.999983295927,0.24979879874,
    4.950159329369E-002));
#9740 = CARTESIAN_POINT('',(0.999983776054,0.249961161008,
    5.193431907842E-002));
#9741 = CARTESIAN_POINT('',(0.999989372628,0.25,5.447975444207E-002));
#9742 = CARTESIAN_POINT('',(0.999991542311,0.25,5.708847521684E-002));
#9743 = B_SPLINE_SURFACE_WITH_KNOTS('',3,3,(
    (#9744,#9745,#9746,#9747)
    ,(#9748,#9749,#9750,#9751)
    ,(#9752,#9753,#9754,#9755)
    ,(#9756,#9757,#9758,#9759)
    ,(#9760,#9761,#9762,#9763
  )),.UNSPECIFIED.,.F.,.F.,.F.,(4,1,4),(4,4),(0.E+000,0.571428571429,1.)
  ,(6.220117803688E-003,9.294778469887E-003),.UNSPECIFIED.);
#9744 = CARTESIAN_POINT('',(0.993055921931,0.25,3.779188932201E-002));
#9745 = CARTESIAN_POINT('',(0.998145008139,0.25,4.668807209789E-002));
#9746 = CARTESIAN_POINT('',(1.000866470397,0.25,5.692628091329E-002));
#9747 = CARTESIAN_POINT('',(1.000866470397,0.25,6.717514980062E-002));
#9748 = CARTESIAN_POINT('',(0.995133584952,0.25,3.660335638725E-002));
#9749 = CARTESIAN_POINT('',(1.000429413145,0.25,4.58609428442E-002));
#9750 = CARTESIAN_POINT('',(1.0032600648,0.25,5.650992492826E-002));
#9751 = CARTESIAN_POINT('',(1.0032600648,0.25,6.717514980062E-002));
#9752 = CARTESIAN_POINT('',(0.998735797223,0.247995936314,
    3.454270079501E-002));
#9753 = CARTESIAN_POINT('',(1.004386747286,0.247995936314,
    4.442107238628E-002));
#9754 = CARTESIAN_POINT('',(1.007410032838,0.247995936314,
    5.579474791255E-002));
#9755 = CARTESIAN_POINT('',(1.007410032838,0.247995936314,
    6.717514980062E-002));
#9756 = CARTESIAN_POINT('',(0.999999999068,0.243795195802,
    3.381951059854E-002));
#9757 = CARTESIAN_POINT('',(1.005777647664,0.243795195802,
    4.391936268095E-002));
#9758 = CARTESIAN_POINT('',(1.008866470397,0.243795195802,
    5.553959077696E-002));
#9759 = CARTESIAN_POINT('',(1.008866470397,0.243795195802,
    6.717514980062E-002));
#9760 = CARTESIAN_POINT('',(0.999999999068,0.242,3.381951059854E-002));
#9761 = CARTESIAN_POINT('',(1.005777088493,0.242,4.391838519974E-002));
#9762 = CARTESIAN_POINT('',(1.008866470397,0.242,5.554071688654E-002));
#9763 = CARTESIAN_POINT('',(1.008866470397,0.242,6.717514980062E-002));
#9764 = ADVANCED_FACE('',(#9765),#9791,.T.);
#9765 = FACE_BOUND('',#9766,.T.);
#9766 = EDGE_LOOP('',(#9767,#9778,#9784,#9785));
#9767 = ORIENTED_EDGE('',*,*,#9768,.T.);
#9768 = EDGE_CURVE('',#9769,#9771,#9773,.T.);
#9769 = VERTEX_POINT('',#9770);
#9770 = CARTESIAN_POINT('',(1.000866470397,0.25,0.432824850199));
#9771 = VERTEX_POINT('',#9772);
#9772 = CARTESIAN_POINT('',(1.008866470397,0.242,0.432824850199));
#9773 = CIRCLE('',#9774,8.E-003);
#9774 = AXIS2_PLACEMENT_3D('',#9775,#9776,#9777);
#9775 = CARTESIAN_POINT('',(1.000866470397,0.242,0.432824850199));
#9776 = DIRECTION('',(-1.224646799147E-016,0.E+000,-1.));
#9777 = DIRECTION('',(0.E+000,1.,0.E+000));
#9778 = ORIENTED_EDGE('',*,*,#9779,.T.);
#9779 = EDGE_CURVE('',#9771,#9688,#9780,.T.);
#9780 = LINE('',#9781,#9782);
#9781 = CARTESIAN_POINT('',(1.008866470397,0.242,0.374999997206));
#9782 = VECTOR('',#9783,1.);
#9783 = DIRECTION('',(-1.224646799147E-016,0.E+000,-1.));
#9784 = ORIENTED_EDGE('',*,*,#9698,.F.);
#9785 = ORIENTED_EDGE('',*,*,#9786,.T.);
#9786 = EDGE_CURVE('',#9699,#9769,#9787,.T.);
#9787 = LINE('',#9788,#9789);
#9788 = CARTESIAN_POINT('',(1.000866470397,0.25,0.374999997206));
#9789 = VECTOR('',#9790,1.);
#9790 = DIRECTION('',(1.224646799147E-016,0.E+000,1.));
#9791 = CYLINDRICAL_SURFACE('',#9792,8.E-003);
#9792 = AXIS2_PLACEMENT_3D('',#9793,#9794,#9795);
#9793 = CARTESIAN_POINT('',(1.000866470397,0.242,0.374999997206));
#9794 = DIRECTION('',(-1.224646799147E-016,0.E+000,-1.));
#9795 = DIRECTION('',(0.707106781187,0.707106781187,-8.659560562355E-017
    ));
#9796 = ADVANCED_FACE('',(#9797),#9846,.F.);
#9797 = FACE_BOUND('',#9798,.F.);
#9798 = EDGE_LOOP('',(#9799,#9808,#9809,#9818));
#9799 = ORIENTED_EDGE('',*,*,#9800,.F.);
#9800 = EDGE_CURVE('',#9769,#9801,#9803,.T.);
#9801 = VERTEX_POINT('',#9802);
#9802 = CARTESIAN_POINT('',(0.999999998852,0.25,0.442914270874));
#9803 = B_SPLINE_CURVE_WITH_KNOTS('',3,(#9804,#9805,#9806,#9807),
  .UNSPECIFIED.,.F.,.F.,(4,4),(0.E+000,1.013913920385E-003),
  .PIECEWISE_BEZIER_KNOTS.);
#9804 = CARTESIAN_POINT('',(1.000866470397,0.25,0.432824850199));
#9805 = CARTESIAN_POINT('',(1.000866470397,0.25,0.436204563267));
#9806 = CARTESIAN_POINT('',(1.000570526013,0.25,0.43958311711));
#9807 = CARTESIAN_POINT('',(0.999991325927,0.25,0.44291276879));
#9808 = ORIENTED_EDGE('',*,*,#9768,.T.);
#9809 = ORIENTED_EDGE('',*,*,#9810,.F.);
#9810 = EDGE_CURVE('',#9811,#9771,#9813,.T.);
#9811 = VERTEX_POINT('',#9812);
#9812 = CARTESIAN_POINT('',(0.999999999068,0.242,0.466180489401));
#9813 = B_SPLINE_CURVE_WITH_KNOTS('',3,(#9814,#9815,#9816,#9817),
  .UNSPECIFIED.,.F.,.F.,(4,4),(-3.0746606662E-003,0.E+000),
  .PIECEWISE_BEZIER_KNOTS.);
#9814 = CARTESIAN_POINT('',(0.999999999068,0.242,0.466180489401));
#9815 = CARTESIAN_POINT('',(1.005777088493,0.242,0.4560816148));
#9816 = CARTESIAN_POINT('',(1.008866470397,0.242,0.444459283113));
#9817 = CARTESIAN_POINT('',(1.008866470397,0.242,0.432824850199));
#9818 = ORIENTED_EDGE('',*,*,#9819,.F.);
#9819 = EDGE_CURVE('',#9801,#9811,#9820,.T.);
#9820 = B_SPLINE_CURVE_WITH_KNOTS('',3,(#9821,#9822,#9823,#9824,#9825,
    #9826,#9827,#9828,#9829,#9830,#9831,#9832,#9833,#9834,#9835,#9836,
    #9837,#9838,#9839,#9840,#9841,#9842,#9843,#9844,#9845),
  .UNSPECIFIED.,.F.,.F.,(4,3,3,3,3,3,3,3,4),(2.168404344971E-019,
    8.09364877822E-004,1.178387149334E-003,1.632146954924E-003,
    2.028371414784E-003,2.044775386478E-003,2.420367974891E-003,
    2.640786758055E-003,2.843086178318E-003),.UNSPECIFIED.);
#9821 = CARTESIAN_POINT('',(0.999991542311,0.25,0.442911524783));
#9822 = CARTESIAN_POINT('',(0.999989299044,0.25,0.445608719327));
#9823 = CARTESIAN_POINT('',(0.999985562805,0.249958061122,0.448225224862
    ));
#9824 = CARTESIAN_POINT('',(0.999985950571,0.249783281659,0.45071604135)
  );
#9825 = CARTESIAN_POINT('',(0.999986127369,0.249703592614,0.451851705602
    ));
#9826 = CARTESIAN_POINT('',(0.999986912519,0.249596277492,0.45296069203)
  );
#9827 = CARTESIAN_POINT('',(0.99998740203,0.249453898186,0.454035307181)
  );
#9828 = CARTESIAN_POINT('',(0.999988003947,0.249278824724,0.455356683152
    ));
#9829 = CARTESIAN_POINT('',(0.999990903032,0.249016067987,0.456892319931
    ));
#9830 = CARTESIAN_POINT('',(0.999993660608,0.248594434332,0.458440771594
    ));
#9831 = CARTESIAN_POINT('',(0.999996068533,0.248226262526,0.459792884355
    ));
#9832 = CARTESIAN_POINT('',(0.99999939579,0.247735837136,0.461155494956)
  );
#9833 = CARTESIAN_POINT('',(1.000000419993,0.247074793933,0.462361471617
    ));
#9834 = CARTESIAN_POINT('',(1.000000462395,0.247047426279,0.4624113999)
  );
#9835 = CARTESIAN_POINT('',(1.000000494295,0.247019913747,0.462460795198
    ));
#9836 = CARTESIAN_POINT('',(1.00000051569,0.2469922584,0.462509659093));
#9837 = CARTESIAN_POINT('',(1.000001005566,0.246359049358,0.463628468437
    ));
#9838 = CARTESIAN_POINT('',(0.999998072634,0.245651378508,0.4644678961)
  );
#9839 = CARTESIAN_POINT('',(0.999997397305,0.244912838349,0.465061970884
    ));
#9840 = CARTESIAN_POINT('',(0.999997000985,0.244479421588,0.465410607265
    ));
#9841 = CARTESIAN_POINT('',(0.999997232058,0.244001232149,0.465701632243
    ));
#9842 = CARTESIAN_POINT('',(0.999998034037,0.243482098244,0.46590000173)
  );
#9843 = CARTESIAN_POINT('',(0.99999877009,0.243005639357,0.466082064399)
  );
#9844 = CARTESIAN_POINT('',(0.999999999068,0.242508925601,0.466180489401
    ));
#9845 = CARTESIAN_POINT('',(0.999999999068,0.242,0.466180489401));
#9846 = B_SPLINE_SURFACE_WITH_KNOTS('',3,3,(
    (#9847,#9848,#9849,#9850)
    ,(#9851,#9852,#9853,#9854)
    ,(#9855,#9856,#9857,#9858)
    ,(#9859,#9860,#9861,#9862)
    ,(#9863,#9864,#9865,#9866
  )),.UNSPECIFIED.,.F.,.F.,.F.,(4,1,4),(4,4),(0.E+000,0.571428571429,1.)
  ,(0.E+000,3.0746606662E-003),.UNSPECIFIED.);
#9847 = CARTESIAN_POINT('',(1.000866470397,0.25,0.432824850199));
#9848 = CARTESIAN_POINT('',(1.000866470397,0.25,0.443073719087));
#9849 = CARTESIAN_POINT('',(0.998145008139,0.25,0.453311927902));
#9850 = CARTESIAN_POINT('',(0.993055921931,0.25,0.462208110678));
#9851 = CARTESIAN_POINT('',(1.0032600648,0.25,0.432824850199));
#9852 = CARTESIAN_POINT('',(1.0032600648,0.25,0.443490075072));
#9853 = CARTESIAN_POINT('',(1.000429413145,0.25,0.454139057156));
#9854 = CARTESIAN_POINT('',(0.995133584952,0.25,0.463396643613));
#9855 = CARTESIAN_POINT('',(1.007409785729,0.247995730366,0.432824850199
    ));
#9856 = CARTESIAN_POINT('',(1.007409785729,0.247995730366,0.444205252087
    ));
#9857 = CARTESIAN_POINT('',(1.004386532793,0.247995730366,0.455578804912
    ));
#9858 = CARTESIAN_POINT('',(0.99873558273,0.247995730366,0.465457176504)
  );
#9859 = CARTESIAN_POINT('',(1.008866470397,0.243795195802,0.432824850199
    ));
#9860 = CARTESIAN_POINT('',(1.008866470397,0.243795195802,0.444460409223
    ));
#9861 = CARTESIAN_POINT('',(1.005777647664,0.243795195802,0.456080637319
    ));
#9862 = CARTESIAN_POINT('',(0.999999999068,0.243795195802,0.466180489401
    ));
#9863 = CARTESIAN_POINT('',(1.008866470397,0.242,0.432824850199));
#9864 = CARTESIAN_POINT('',(1.008866470397,0.242,0.444459283113));
#9865 = CARTESIAN_POINT('',(1.005777088493,0.242,0.4560816148));
#9866 = CARTESIAN_POINT('',(0.999999999068,0.242,0.466180489401));
#9867 = ADVANCED_FACE('',(#9868),#9879,.T.);
#9868 = FACE_BOUND('',#9869,.T.);
#9869 = EDGE_LOOP('',(#9870,#9871,#9872,#9873));
#9870 = ORIENTED_EDGE('',*,*,#9800,.F.);
#9871 = ORIENTED_EDGE('',*,*,#9786,.F.);
#9872 = ORIENTED_EDGE('',*,*,#9707,.F.);
#9873 = ORIENTED_EDGE('',*,*,#9874,.T.);
#9874 = EDGE_CURVE('',#9708,#9801,#9875,.T.);
#9875 = LINE('',#9876,#9877);
#9876 = CARTESIAN_POINT('',(0.999999999068,0.25,0.499999994412));
#9877 = VECTOR('',#9878,1.);
#9878 = DIRECTION('',(1.224646799147E-016,0.E+000,1.));
#9879 = PLANE('',#9880);
#9880 = AXIS2_PLACEMENT_3D('',#9881,#9882,#9883);
#9881 = CARTESIAN_POINT('',(1.004433234732,0.25,0.25));
#9882 = DIRECTION('',(0.E+000,1.,0.E+000));
#9883 = DIRECTION('',(-1.224646799147E-016,0.E+000,-1.));
#9884 = ADVANCED_FACE('',(#9885),#9960,.T.);
#9885 = FACE_BOUND('',#9886,.T.);
#9886 = EDGE_LOOP('',(#9887,#9888,#9889,#9890,#9899,#9914,#9922,#9930,
    #9938,#9953));
#9887 = ORIENTED_EDGE('',*,*,#9819,.F.);
#9888 = ORIENTED_EDGE('',*,*,#9874,.F.);
#9889 = ORIENTED_EDGE('',*,*,#9716,.F.);
#9890 = ORIENTED_EDGE('',*,*,#9891,.F.);
#9891 = EDGE_CURVE('',#9892,#9690,#9894,.T.);
#9892 = VERTEX_POINT('',#9893);
#9893 = CARTESIAN_POINT('',(0.999999999068,0.225667568262,
    3.381951059853E-002));
#9894 = B_SPLINE_CURVE_WITH_KNOTS('',3,(#9895,#9896,#9897,#9898),
  .UNSPECIFIED.,.F.,.F.,(4,4),(0.E+000,1.63324317381E-003),
  .PIECEWISE_BEZIER_KNOTS.);
#9895 = CARTESIAN_POINT('',(0.999999999068,0.225667568262,
    3.381951059853E-002));
#9896 = CARTESIAN_POINT('',(0.999999999068,0.231111712175,
    3.381951059853E-002));
#9897 = CARTESIAN_POINT('',(0.999999999068,0.236555856087,
    3.381951059854E-002));
#9898 = CARTESIAN_POINT('',(0.999999999068,0.242,3.381951059854E-002));
#9899 = ORIENTED_EDGE('',*,*,#9900,.F.);
#9900 = EDGE_CURVE('',#9901,#9892,#9903,.T.);
#9901 = VERTEX_POINT('',#9902);
#9902 = CARTESIAN_POINT('',(0.999999999107,5.36662162304E-002,
    5.587899309933E-009));
#9903 = B_SPLINE_CURVE_WITH_KNOTS('',3,(#9904,#9905,#9906,#9907,#9908,
    #9909,#9910,#9911,#9912,#9913),.UNSPECIFIED.,.F.,.F.,(4,2,2,2,4),(
    0.E+000,7.558732002466E-003,1.585952290135E-002,2.009427513886E-002,
    2.088631214458E-002),.UNSPECIFIED.);
#9904 = CARTESIAN_POINT('',(0.999999999068,5.366621624966E-002,
    5.587899311039E-009));
#9905 = CARTESIAN_POINT('',(0.999999999068,7.886198959121E-002,
    5.576125164441E-009));
#9906 = CARTESIAN_POINT('',(0.999999999068,0.103569724209,
    5.229290027856E-003));
#9907 = CARTESIAN_POINT('',(0.999999999068,0.148319454982,
    1.71962020097E-002));
#9908 = CARTESIAN_POINT('',(0.999999999068,0.169546080975,
    2.455410840884E-002));
#9909 = CARTESIAN_POINT('',(0.999999999068,0.199318825476,
    3.149357360077E-002));
#9910 = CARTESIAN_POINT('',(0.999999999068,0.20940140064,
    3.32160639271E-002));
#9911 = CARTESIAN_POINT('',(0.999999999068,0.221782673282,
    3.377545101221E-002));
#9912 = CARTESIAN_POINT('',(0.999999999068,0.223725191796,
    3.381951059853E-002));
#9913 = CARTESIAN_POINT('',(0.999999999068,0.225667568262,
    3.381951059853E-002));
#9914 = ORIENTED_EDGE('',*,*,#9915,.F.);
#9915 = EDGE_CURVE('',#9916,#9901,#9918,.T.);
#9916 = VERTEX_POINT('',#9917);
#9917 = CARTESIAN_POINT('',(0.999999999068,-3.469446951954E-017,
    5.587899309933E-009));
#9918 = LINE('',#9919,#9920);
#9919 = CARTESIAN_POINT('',(0.999999999068,-3.469446951954E-017,
    5.587899309933E-009));
#9920 = VECTOR('',#9921,1.);
#9921 = DIRECTION('',(0.E+000,1.,0.E+000));
#9922 = ORIENTED_EDGE('',*,*,#9923,.F.);
#9923 = EDGE_CURVE('',#9924,#9916,#9926,.T.);
#9924 = VERTEX_POINT('',#9925);
#9925 = CARTESIAN_POINT('',(0.999999999068,-3.469446951954E-017,
    0.499999994412));
#9926 = LINE('',#9927,#9928);
#9927 = CARTESIAN_POINT('',(0.999999999068,-3.469446951954E-017,
    0.499999994412));
#9928 = VECTOR('',#9929,1.);
#9929 = DIRECTION('',(-1.224646799147E-016,0.E+000,-1.));
#9930 = ORIENTED_EDGE('',*,*,#9931,.T.);
#9931 = EDGE_CURVE('',#9924,#9932,#9934,.T.);
#9932 = VERTEX_POINT('',#9933);
#9933 = CARTESIAN_POINT('',(0.999999999107,5.366621623047E-002,
    0.499999994412));
#9934 = LINE('',#9935,#9936);
#9935 = CARTESIAN_POINT('',(0.999999999068,-3.469446951954E-017,
    0.499999994412));
#9936 = VECTOR('',#9937,1.);
#9937 = DIRECTION('',(0.E+000,1.,0.E+000));
#9938 = ORIENTED_EDGE('',*,*,#9939,.F.);
#9939 = EDGE_CURVE('',#9940,#9932,#9942,.T.);
#9940 = VERTEX_POINT('',#9941);
#9941 = CARTESIAN_POINT('',(0.999999999068,0.225667568262,0.466180489401
    ));
#9942 = B_SPLINE_CURVE_WITH_KNOTS('',3,(#9943,#9944,#9945,#9946,#9947,
    #9948,#9949,#9950,#9951,#9952),.UNSPECIFIED.,.F.,.F.,(4,2,2,2,4),(
    7.102486964606E-003,7.294426060208E-003,1.059099474508E-002,
    1.823018870361E-002,2.475617709657E-002),.UNSPECIFIED.);
#9943 = CARTESIAN_POINT('',(0.999999999068,0.225667568262,0.466180489401
    ));
#9944 = CARTESIAN_POINT('',(0.999999999068,0.225118755232,0.466180489401
    ));
#9945 = CARTESIAN_POINT('',(0.999999999068,0.224569769004,0.466184006806
    ));
#9946 = CARTESIAN_POINT('',(0.999999999068,0.214585425382,0.466311985619
    ));
#9947 = CARTESIAN_POINT('',(0.999999999068,0.20551836819,0.467474438426)
  );
#9948 = CARTESIAN_POINT('',(0.999999999068,0.175005329335,0.473586203003
    ));
#9949 = CARTESIAN_POINT('',(0.999999999068,0.152312334553,0.481638115252
    ));
#9950 = CARTESIAN_POINT('',(0.999999999068,0.10491906786,0.494487100576)
  );
#9951 = CARTESIAN_POINT('',(0.999999999068,7.953663989401E-002,
    0.499999994424));
#9952 = CARTESIAN_POINT('',(0.999999999068,5.366621624971E-002,
    0.499999994412));
#9953 = ORIENTED_EDGE('',*,*,#9954,.F.);
#9954 = EDGE_CURVE('',#9811,#9940,#9955,.T.);
#9955 = B_SPLINE_CURVE_WITH_KNOTS('',3,(#9956,#9957,#9958,#9959),
  .UNSPECIFIED.,.F.,.F.,(4,4),(1.555420030707E-002,1.718744348088E-002),
  .PIECEWISE_BEZIER_KNOTS.);
#9956 = CARTESIAN_POINT('',(0.999999999068,0.242,0.466180489401));
#9957 = CARTESIAN_POINT('',(0.999999999068,0.236555856087,0.466180489401
    ));
#9958 = CARTESIAN_POINT('',(0.999999999068,0.231111712175,0.466180489401
    ));
#9959 = CARTESIAN_POINT('',(0.999999999068,0.225667568262,0.466180489401
    ));
#9960 = PLANE('',#9961);
#9961 = AXIS2_PLACEMENT_3D('',#9962,#9963,#9964);
#9962 = CARTESIAN_POINT('',(0.999999999068,-3.469446951954E-017,
    5.587899309933E-009));
#9963 = DIRECTION('',(-1.,0.E+000,1.224646799147E-016));
#9964 = DIRECTION('',(1.224646799147E-016,0.E+000,1.));
#9965 = ADVANCED_FACE('',(#9966),#10002,.T.);
#9966 = FACE_BOUND('',#9967,.T.);
#9967 = EDGE_LOOP('',(#9968,#9979,#9987,#9996));
#9968 = ORIENTED_EDGE('',*,*,#9969,.T.);
#9969 = EDGE_CURVE('',#9970,#9972,#9974,.T.);
#9970 = VERTEX_POINT('',#9971);
#9971 = CARTESIAN_POINT('',(1.23999999348,1.E-002,0.432824850199));
#9972 = VERTEX_POINT('',#9973);
#9973 = CARTESIAN_POINT('',(1.24999999348,-3.469446951954E-017,
    0.432824850199));
#9974 = CIRCLE('',#9975,1.E-002);
#9975 = AXIS2_PLACEMENT_3D('',#9976,#9977,#9978);
#9976 = CARTESIAN_POINT('',(1.23999999348,-3.469446951954E-017,
    0.432824850199));
#9977 = DIRECTION('',(-1.224646799147E-016,0.E+000,-1.));
#9978 = DIRECTION('',(1.387778780781E-014,1.,-1.699538841809E-030));
#9979 = ORIENTED_EDGE('',*,*,#9980,.F.);
#9980 = EDGE_CURVE('',#9981,#9972,#9983,.T.);
#9981 = VERTEX_POINT('',#9982);
#9982 = CARTESIAN_POINT('',(1.24999999348,-3.469446951954E-017,
    6.717514980062E-002));
#9983 = LINE('',#9984,#9985);
#9984 = CARTESIAN_POINT('',(1.24999999348,-3.469446951954E-017,
    5.587899309933E-009));
#9985 = VECTOR('',#9986,1.);
#9986 = DIRECTION('',(1.224646799147E-016,0.E+000,1.));
#9987 = ORIENTED_EDGE('',*,*,#9988,.T.);
#9988 = EDGE_CURVE('',#9981,#9989,#9991,.T.);
#9989 = VERTEX_POINT('',#9990);
#9990 = CARTESIAN_POINT('',(1.23999999348,1.E-002,6.717514980062E-002));
#9991 = CIRCLE('',#9992,1.E-002);
#9992 = AXIS2_PLACEMENT_3D('',#9993,#9994,#9995);
#9993 = CARTESIAN_POINT('',(1.23999999348,-3.469446951954E-017,
    6.717514980062E-002));
#9994 = DIRECTION('',(1.224646799147E-016,0.E+000,1.));
#9995 = DIRECTION('',(1.,0.E+000,-1.224646799147E-016));
#9996 = ORIENTED_EDGE('',*,*,#9997,.T.);
#9997 = EDGE_CURVE('',#9989,#9970,#9998,.T.);
#9998 = LINE('',#9999,#10000);
#9999 = CARTESIAN_POINT('',(1.23999999348,1.E-002,0.374999997206));
#10000 = VECTOR('',#10001,1.);
#10001 = DIRECTION('',(1.224646799147E-016,0.E+000,1.));
#10002 = CYLINDRICAL_SURFACE('',#10003,1.E-002);
#10003 = AXIS2_PLACEMENT_3D('',#10004,#10005,#10006);
#10004 = CARTESIAN_POINT('',(1.23999999348,-3.469446951954E-017,
    0.374999997206));
#10005 = DIRECTION('',(-1.224646799147E-016,0.E+000,-1.));
#10006 = DIRECTION('',(0.707106781187,0.707106781187,
    -8.659560562355E-017));
#10007 = ADVANCED_FACE('',(#10008),#10063,.F.);
#10008 = FACE_BOUND('',#10009,.F.);
#10009 = EDGE_LOOP('',(#10010,#10011,#10020));
#10010 = ORIENTED_EDGE('',*,*,#9988,.T.);
#10011 = ORIENTED_EDGE('',*,*,#10012,.F.);
#10012 = EDGE_CURVE('',#10013,#9989,#10015,.T.);
#10013 = VERTEX_POINT('',#10014);
#10014 = CARTESIAN_POINT('',(1.23999999348,-4.336808689942E-017,
    3.191181353965E-002));
#10015 = B_SPLINE_CURVE_WITH_KNOTS('',3,(#10016,#10017,#10018,#10019),
  .UNSPECIFIED.,.F.,.F.,(4,4),(-3.159621227738E-003,-4.856857186664E-020
    ),.PIECEWISE_BEZIER_KNOTS.);
#10016 = CARTESIAN_POINT('',(1.23999999348,-4.336808689942E-018,
    3.191181353965E-002));
#10017 = CARTESIAN_POINT('',(1.23999999348,6.49586183665E-003,
    4.244405117445E-002));
#10018 = CARTESIAN_POINT('',(1.23999999348,1.E-002,5.480100747278E-002)
  );
#10019 = CARTESIAN_POINT('',(1.23999999348,1.E-002,6.717514980062E-002)
  );
#10020 = ORIENTED_EDGE('',*,*,#10021,.F.);
#10021 = EDGE_CURVE('',#9981,#10013,#10022,.T.);
#10022 = B_SPLINE_CURVE_WITH_KNOTS('',3,(#10023,#10024,#10025,#10026,
    #10027,#10028,#10029,#10030,#10031,#10032,#10033,#10034,#10035,
    #10036,#10037,#10038,#10039,#10040,#10041,#10042,#10043,#10044,
    #10045,#10046,#10047,#10048,#10049,#10050,#10051,#10052,#10053,
    #10054,#10055,#10056,#10057,#10058,#10059,#10060,#10061,#10062),
  .UNSPECIFIED.,.F.,.F.,(4,3,3,3,3,3,3,3,3,3,3,3,3,4),(0.E+000,
    3.561895041918E-004,4.901541431399E-004,1.064176246617E-003,
    1.307467431939E-003,2.700303629018E-003,3.072278146465E-003,
    4.205959451407E-003,5.199293829921E-003,5.623490478044E-003,
    6.383886779326E-003,7.136415732679E-003,7.477438552812E-003,
    7.807929181116E-003),.UNSPECIFIED.);
#10023 = CARTESIAN_POINT('',(1.24999999348,-3.469446951954E-017,
    6.717514980062E-002));
#10024 = CARTESIAN_POINT('',(1.24999999348,-3.474867042259E-017,
    6.598785145332E-002));
#10025 = CARTESIAN_POINT('',(1.250000019415,-4.321553645495E-006,
    6.514587266296E-002));
#10026 = CARTESIAN_POINT('',(1.249999776871,-3.01935120514E-006,
    6.443927471566E-002));
#10027 = CARTESIAN_POINT('',(1.249999685649,-2.529586409416E-006,
    6.41735197235E-002));
#10028 = CARTESIAN_POINT('',(1.249999556725,-1.8362304105E-006,
    6.392695725602E-002));
#10029 = CARTESIAN_POINT('',(1.249999392624,-2.086701472481E-006,
    6.368854356622E-002));
#10030 = CARTESIAN_POINT('',(1.249998689472,-3.159939358146E-006,
    6.26669700466E-002));
#10031 = CARTESIAN_POINT('',(1.24999692751,-2.387941134204E-007,
    6.145130509784E-002));
#10032 = CARTESIAN_POINT('',(1.249990672866,-4.025668260314E-006,
    6.025999950652E-002));
#10033 = CARTESIAN_POINT('',(1.249988021923,-5.630681541655E-006,
    5.975508140731E-002));
#10034 = CARTESIAN_POINT('',(1.2499845548,-7.80015084822E-006,
    5.925458847427E-002));
#10035 = CARTESIAN_POINT('',(1.249980038422,-8.457495822676E-006,
    5.877537132781E-002));
#10036 = CARTESIAN_POINT('',(1.249954182264,-1.222078002542E-005,
    5.603186466538E-002));
#10037 = CARTESIAN_POINT('',(1.249892854021,-1.689890935426E-005,
    5.344429419241E-002));
#10038 = CARTESIAN_POINT('',(1.249734962032,-1.716782773182E-005,
    5.099451412149E-002));
#10039 = CARTESIAN_POINT('',(1.24969279498,-1.723964578476E-005,
    5.034026937853E-002));
#10040 = CARTESIAN_POINT('',(1.249643774394,-1.719034649425E-005,
    4.969606494061E-002));
#10041 = CARTESIAN_POINT('',(1.249586918121,-1.730175715746E-005,
    4.906203441883E-002));
#10042 = CARTESIAN_POINT('',(1.249413635032,-1.764130779906E-005,
    4.712967476624E-002));
#10043 = CARTESIAN_POINT('',(1.249149307257,-1.424930787679E-005,
    4.509419289316E-002));
#10044 = CARTESIAN_POINT('',(1.248720248402,-1.168086675667E-005,
    4.309918288053E-002));
#10045 = CARTESIAN_POINT('',(1.248344305965,-9.430392260287E-006,
    4.135115014647E-002));
#10046 = CARTESIAN_POINT('',(1.247841002757,-6.697971252992E-006,
    3.963367341693E-002));
#10047 = CARTESIAN_POINT('',(1.247160218649,-2.882058664484E-006,
    3.807652698794E-002));
#10048 = CARTESIAN_POINT('',(1.246869494454,-1.252499309058E-006,
    3.74115582623E-002));
#10049 = CARTESIAN_POINT('',(1.246561823655,-4.152521454644E-007,
    3.680981926419E-002));
#10050 = CARTESIAN_POINT('',(1.246240442584,-2.107880670496E-007,
    3.626782890837E-002));
#10051 = CARTESIAN_POINT('',(1.245664348974,1.557252697723E-007,
    3.529628077446E-002));
#10052 = CARTESIAN_POINT('',(1.245044407428,-9.09599393672E-007,
    3.451711566177E-002));
#10053 = CARTESIAN_POINT('',(1.244409222179,-2.084677355191E-006,
    3.389980596386E-002));
#10054 = CARTESIAN_POINT('',(1.243780608797,-3.247597515375E-006,
    3.328888318573E-002));
#10055 = CARTESIAN_POINT('',(1.243064210311,-3.829445604928E-006,
    3.276757549173E-002));
#10056 = CARTESIAN_POINT('',(1.242264884476,-2.935101050389E-006,
    3.241027080915E-002));
#10057 = CARTESIAN_POINT('',(1.241902654758,-2.529811791016E-006,
    3.224835139069E-002));
#10058 = CARTESIAN_POINT('',(1.241526923726,-1.863001558676E-006,
    3.212185014949E-002));
#10059 = CARTESIAN_POINT('',(1.241139724316,-1.21842848096E-006,
    3.203673770445E-002));
#10060 = CARTESIAN_POINT('',(1.240764483221,-5.93762479549E-007,
    3.19542538829E-002));
#10061 = CARTESIAN_POINT('',(1.240383733582,1.649470556458E-016,
    3.191181353965E-002));
#10062 = CARTESIAN_POINT('',(1.23999999348,1.647987302178E-016,
    3.191181353965E-002));
#10063 = B_SPLINE_SURFACE_WITH_KNOTS('',3,3,(
    (#10064,#10065,#10066,#10067)
    ,(#10068,#10069,#10070,#10071)
    ,(#10072,#10073,#10074,#10075)
    ,(#10076,#10077,#10078,#10079)
    ,(#10080,#10081,#10082,#10083
    )),.UNSPECIFIED.,.F.,.F.,.F.,(4,1,4),(4,4),(0.E+000,0.571428571429,
    1.),(4.856857186664E-020,3.159621227738E-003),.UNSPECIFIED.);
#10064 = CARTESIAN_POINT('',(1.24999999348,-3.469446951954E-017,
    6.717514980062E-002));
#10065 = CARTESIAN_POINT('',(1.24999999348,-3.457427063535E-017,
    5.664307904149E-002));
#10066 = CARTESIAN_POINT('',(1.24999999348,-2.982496088083E-003,
    4.612563592071E-002));
#10067 = CARTESIAN_POINT('',(1.24999999348,-8.511354144871E-003,
    3.716127547594E-002));
#10068 = CARTESIAN_POINT('',(1.24999999348,2.991993003419E-003,
    6.717514980062E-002));
#10069 = CARTESIAN_POINT('',(1.24999999348,2.991993003419E-003,
    5.60895445186E-002));
#10070 = CARTESIAN_POINT('',(1.24999999348,-1.453244381044E-004,
    4.502614088265E-002));
#10071 = CARTESIAN_POINT('',(1.24999999348,-5.964762939763E-003,
    3.559064013743E-002));
#10072 = CARTESIAN_POINT('',(1.247494913898,8.179453082266E-003,
    6.717514980062E-002));
#10073 = CARTESIAN_POINT('',(1.247494913898,8.179453082266E-003,
    5.513873515735E-002));
#10074 = CARTESIAN_POINT('',(1.247494913898,4.769038209673E-003,
    4.31122838019E-002));
#10075 = CARTESIAN_POINT('',(1.247494913898,-1.549531955419E-003,
    3.286750271444E-002));
#10076 = CARTESIAN_POINT('',(1.242243988232,1.E-002,6.717514980062E-002)
  );
#10077 = CARTESIAN_POINT('',(1.242243988232,1.E-002,5.479951033919E-002)
  );
#10078 = CARTESIAN_POINT('',(1.242243988232,6.496647763685E-003,
    4.244532545806E-002));
#10079 = CARTESIAN_POINT('',(1.242243988232,-3.605573736679E-018,
    3.191181353965E-002));
#10080 = CARTESIAN_POINT('',(1.23999999348,1.E-002,6.717514980062E-002)
  );
#10081 = CARTESIAN_POINT('',(1.23999999348,1.E-002,5.480100747278E-002)
  );
#10082 = CARTESIAN_POINT('',(1.23999999348,6.49586183665E-003,
    4.244405117445E-002));
#10083 = CARTESIAN_POINT('',(1.23999999348,-4.336808689942E-018,
    3.191181353965E-002));
#10084 = ADVANCED_FACE('',(#10085),#10140,.F.);
#10085 = FACE_BOUND('',#10086,.F.);
#10086 = EDGE_LOOP('',(#10087,#10096,#10097));
#10087 = ORIENTED_EDGE('',*,*,#10088,.F.);
#10088 = EDGE_CURVE('',#9970,#10089,#10091,.T.);
#10089 = VERTEX_POINT('',#10090);
#10090 = CARTESIAN_POINT('',(1.23999999348,-4.336808689942E-017,
    0.46808818646));
#10091 = B_SPLINE_CURVE_WITH_KNOTS('',3,(#10092,#10093,#10094,#10095),
  .UNSPECIFIED.,.F.,.F.,(4,4),(-8.980633786556E-003,-5.821012558818E-003
    ),.PIECEWISE_BEZIER_KNOTS.);
#10092 = CARTESIAN_POINT('',(1.23999999348,1.E-002,0.432824850199));
#10093 = CARTESIAN_POINT('',(1.23999999348,1.E-002,0.445198992527));
#10094 = CARTESIAN_POINT('',(1.23999999348,6.49586183665E-003,
    0.457555948825));
#10095 = CARTESIAN_POINT('',(1.23999999348,2.374402757743E-016,
    0.46808818646));
#10096 = ORIENTED_EDGE('',*,*,#9969,.T.);
#10097 = ORIENTED_EDGE('',*,*,#10098,.F.);
#10098 = EDGE_CURVE('',#10089,#9972,#10099,.T.);
#10099 = B_SPLINE_CURVE_WITH_KNOTS('',3,(#10100,#10101,#10102,#10103,
    #10104,#10105,#10106,#10107,#10108,#10109,#10110,#10111,#10112,
    #10113,#10114,#10115,#10116,#10117,#10118,#10119,#10120,#10121,
    #10122,#10123,#10124,#10125,#10126,#10127,#10128,#10129,#10130,
    #10131,#10132,#10133,#10134,#10135,#10136,#10137,#10138,#10139),
  .UNSPECIFIED.,.F.,.F.,(4,3,3,3,3,3,3,3,3,3,3,3,3,4),(0.E+000,
    2.096551186729E-004,4.598352937417E-004,7.940112174037E-004,
    8.361657112289E-004,1.322551926572E-003,1.603224001868E-003,
    2.47029393242E-003,3.089358378018E-003,3.517664176871E-003,
    3.67396310482E-003,3.961355121995E-003,4.145012972867E-003,
    4.166287188349E-003),.UNSPECIFIED.);
#10100 = CARTESIAN_POINT('',(1.23999999348,2.480654570647E-016,
    0.46808818646));
#10101 = CARTESIAN_POINT('',(1.240698843875,2.480654570647E-016,
    0.46808818646));
#10102 = CARTESIAN_POINT('',(1.241380393389,-1.773652565991E-006,
    0.467947682838));
#10103 = CARTESIAN_POINT('',(1.242031252292,-2.671025285273E-006,
    0.467688428627));
#10104 = CARTESIAN_POINT('',(1.242807918254,-3.741854680867E-006,
    0.467379062157));
#10105 = CARTESIAN_POINT('',(1.243511476622,-3.594360859786E-006,
    0.466912830451));
#10106 = CARTESIAN_POINT('',(1.244135665581,-2.637690913376E-006,
    0.466355097029));
#10107 = CARTESIAN_POINT('',(1.244969420381,-1.359827617881E-006,
    0.465610109616));
#10108 = CARTESIAN_POINT('',(1.245666472413,7.922178125956E-007,
    0.464698468131));
#10109 = CARTESIAN_POINT('',(1.246240313167,2.493659893462E-007,
    0.463730992284));
#10110 = CARTESIAN_POINT('',(1.246312700089,1.80888154136E-007,
    0.463608950414));
#10111 = CARTESIAN_POINT('',(1.246383154208,6.20411016692E-008,
    0.463485996886));
#10112 = CARTESIAN_POINT('',(1.246451742136,-1.022407719233E-007,
    0.463362343397));
#10113 = CARTESIAN_POINT('',(1.247243122132,-1.997754903279E-006,
    0.461935606948));
#10114 = CARTESIAN_POINT('',(1.247810160164,-6.147924362276E-006,
    0.460371182701));
#10115 = CARTESIAN_POINT('',(1.248226254986,-9.628044125921E-006,
    0.458900467144));
#10116 = CARTESIAN_POINT('',(1.248466364991,-1.163626805483E-005,
    0.458051781934));
#10117 = CARTESIAN_POINT('',(1.248656309128,-1.352870019999E-005,
    0.457233011665));
#10118 = CARTESIAN_POINT('',(1.248808953358,-1.452108346851E-005,
    0.456481227463));
#10119 = CARTESIAN_POINT('',(1.249280511569,-1.758681664059E-005,
    0.454158768148));
#10120 = CARTESIAN_POINT('',(1.249563337546,-2.015512663795E-005,
    0.451656212113));
#10121 = CARTESIAN_POINT('',(1.249732170257,-1.828505607967E-005,
    0.44905208414));
#10122 = CARTESIAN_POINT('',(1.24985271224,-1.694987635241E-005,
    0.447192807301));
#10123 = CARTESIAN_POINT('',(1.249916112008,-1.370864199707E-005,
    0.445280301821));
#10124 = CARTESIAN_POINT('',(1.249951639973,-1.124774993455E-005,
    0.443327934724));
#10125 = CARTESIAN_POINT('',(1.249976220344,-9.545157662898E-006,
    0.44197717043));
#10126 = CARTESIAN_POINT('',(1.249987709016,-3.718264105082E-006,
    0.440528771089));
#10127 = CARTESIAN_POINT('',(1.249993394202,-3.894868580555E-006,
    0.439167472548));
#10128 = CARTESIAN_POINT('',(1.249995468861,-3.959315735512E-006,
    0.438670702476));
#10129 = CARTESIAN_POINT('',(1.249996782257,-4.305313506901E-006,
    0.438185471699));
#10130 = CARTESIAN_POINT('',(1.24999766434,-3.722639865373E-006,
    0.437720563054));
#10131 = CARTESIAN_POINT('',(1.249999286254,-2.651258536074E-006,
    0.436865720125));
#10132 = CARTESIAN_POINT('',(1.249999722154,-1.616444582077E-006,
    0.435924478675));
#10133 = CARTESIAN_POINT('',(1.249999880518,-9.819436918361E-007,
    0.435119690716));
#10134 = CARTESIAN_POINT('',(1.249999981721,-5.764659370154E-007,
    0.434605391021));
#10135 = CARTESIAN_POINT('',(1.249999993141,-1.254843488914E-006,
    0.434033633091));
#10136 = CARTESIAN_POINT('',(1.249999993452,-2.071417125085E-007,
    0.433146315437));
#10137 = CARTESIAN_POINT('',(1.249999993488,-8.577998881048E-008,
    0.43304353199));
#10138 = CARTESIAN_POINT('',(1.24999999348,-3.470084127593E-017,
    0.432936511451));
#10139 = CARTESIAN_POINT('',(1.24999999348,-3.469446951954E-017,
    0.432824850199));
#10140 = B_SPLINE_SURFACE_WITH_KNOTS('',3,3,(
    (#10141,#10142,#10143,#10144)
    ,(#10145,#10146,#10147,#10148)
    ,(#10149,#10150,#10151,#10152)
    ,(#10153,#10154,#10155,#10156)
    ,(#10157,#10158,#10159,#10160
    )),.UNSPECIFIED.,.F.,.F.,.F.,(4,1,4),(4,4),(0.E+000,0.571428571429,
    1.),(5.821012558818E-003,8.980633786556E-003),.UNSPECIFIED.);
#10141 = CARTESIAN_POINT('',(1.24999999348,-8.51135414487E-003,
    0.462838724524));
#10142 = CARTESIAN_POINT('',(1.24999999348,-2.982496088083E-003,
    0.453874364079));
#10143 = CARTESIAN_POINT('',(1.24999999348,-3.457427063535E-017,
    0.443356920958));
#10144 = CARTESIAN_POINT('',(1.24999999348,-3.469446951954E-017,
    0.432824850199));
#10145 = CARTESIAN_POINT('',(1.24999999348,-5.964762939763E-003,
    0.464409359862));
#10146 = CARTESIAN_POINT('',(1.24999999348,-1.453244381044E-004,
    0.454973859117));
#10147 = CARTESIAN_POINT('',(1.24999999348,2.991993003419E-003,
    0.443910455481));
#10148 = CARTESIAN_POINT('',(1.24999999348,2.991993003419E-003,
    0.432824850199));
#10149 = CARTESIAN_POINT('',(1.247494649672,-1.549801794452E-003,
    0.46713233086));
#10150 = CARTESIAN_POINT('',(1.247494649672,4.76876837064E-003,
    0.456887549772));
#10151 = CARTESIAN_POINT('',(1.247494649672,8.179136048068E-003,
    0.444861264843));
#10152 = CARTESIAN_POINT('',(1.247494649672,8.179136048068E-003,
    0.432824850199));
#10153 = CARTESIAN_POINT('',(1.242243988232,2.373233254705E-016,
    0.46808818646));
#10154 = CARTESIAN_POINT('',(1.242243988232,6.496647763685E-003,
    0.457554674542));
#10155 = CARTESIAN_POINT('',(1.242243988232,1.E-002,0.445200489661));
#10156 = CARTESIAN_POINT('',(1.242243988232,1.E-002,0.432824850199));
#10157 = CARTESIAN_POINT('',(1.23999999348,2.374402757743E-016,
    0.46808818646));
#10158 = CARTESIAN_POINT('',(1.23999999348,6.49586183665E-003,
    0.457555948825));
#10159 = CARTESIAN_POINT('',(1.23999999348,1.E-002,0.445198992527));
#10160 = CARTESIAN_POINT('',(1.23999999348,1.E-002,0.432824850199));
#10161 = ADVANCED_FACE('',(#10162),#10191,.T.);
#10162 = FACE_BOUND('',#10163,.T.);
#10163 = EDGE_LOOP('',(#10164,#10165,#10174,#10184));
#10164 = ORIENTED_EDGE('',*,*,#10012,.F.);
#10165 = ORIENTED_EDGE('',*,*,#10166,.T.);
#10166 = EDGE_CURVE('',#10013,#10167,#10169,.T.);
#10167 = VERTEX_POINT('',#10168);
#10168 = CARTESIAN_POINT('',(1.224534038659,-3.469446951954E-017,
    3.191181353965E-002));
#10169 = B_SPLINE_CURVE_WITH_KNOTS('',3,(#10170,#10171,#10172,#10173),
  .UNSPECIFIED.,.F.,.F.,(4,4),(1.575306683439E-002,1.729966231647E-002),
  .PIECEWISE_BEZIER_KNOTS.);
#10170 = CARTESIAN_POINT('',(1.23999999348,-3.469446951954E-017,
    3.191181353965E-002));
#10171 = CARTESIAN_POINT('',(1.234844675206,-3.469446951954E-017,
    3.191181353965E-002));
#10172 = CARTESIAN_POINT('',(1.229689356932,-3.469446951954E-017,
    3.191181353965E-002));
#10173 = CARTESIAN_POINT('',(1.224534038659,-3.469446951954E-017,
    3.191181353965E-002));
#10174 = ORIENTED_EDGE('',*,*,#10175,.F.);
#10175 = EDGE_CURVE('',#10176,#10167,#10178,.T.);
#10176 = VERTEX_POINT('',#10177);
#10177 = CARTESIAN_POINT('',(1.224534038659,1.E-002,6.717514980062E-002)
  );
#10178 = B_SPLINE_CURVE_WITH_KNOTS('',3,(#10179,#10180,#10181,#10182,
    #10183),.UNSPECIFIED.,.F.,.F.,(4,1,4),(0.E+000,0.285714285714,
    0.358964487064),.UNSPECIFIED.);
#10179 = CARTESIAN_POINT('',(1.224534046982,1.E-002,6.717514980062E-002)
  );
#10180 = CARTESIAN_POINT('',(1.224534046982,1.E-002,5.8127530753E-002));
#10181 = CARTESIAN_POINT('',(1.224534047072,7.663215997899E-003,
    4.573186248875E-002));
#10182 = CARTESIAN_POINT('',(1.224534047313,1.412249879709E-003,
    3.420434688754E-002));
#10183 = CARTESIAN_POINT('',(1.224534047368,-8.700877184761E-006,
    3.191721915282E-002));
#10184 = ORIENTED_EDGE('',*,*,#10185,.T.);
#10185 = EDGE_CURVE('',#10176,#9989,#10186,.T.);
#10186 = B_SPLINE_CURVE_WITH_KNOTS('',3,(#10187,#10188,#10189,#10190),
  .UNSPECIFIED.,.F.,.F.,(4,4),(-2.546500538206E-003,-9.999955122014E-004
    ),.PIECEWISE_BEZIER_KNOTS.);
#10187 = CARTESIAN_POINT('',(1.224534038659,1.E-002,6.717514980062E-002)
  );
#10188 = CARTESIAN_POINT('',(1.229689576165,1.E-002,6.717514980062E-002)
  );
#10189 = CARTESIAN_POINT('',(1.234844859602,1.E-002,6.717514980062E-002)
  );
#10190 = CARTESIAN_POINT('',(1.23999999348,1.E-002,6.717514980062E-002)
  );
#10191 = B_SPLINE_SURFACE_WITH_KNOTS('',3,3,(
    (#10192,#10193,#10194,#10195)
    ,(#10196,#10197,#10198,#10199)
    ,(#10200,#10201,#10202,#10203)
    ,(#10204,#10205,#10206,#10207
    )),.UNSPECIFIED.,.F.,.F.,.F.,(4,4),(4,4),(0.E+000,0.358887626512),(
    9.999955122014E-004,2.546500538206E-003),.PIECEWISE_BEZIER_KNOTS.);
#10192 = CARTESIAN_POINT('',(1.23999999348,1.E-002,6.717514980062E-002)
  );
#10193 = CARTESIAN_POINT('',(1.234844859602,1.E-002,6.717514980062E-002)
  );
#10194 = CARTESIAN_POINT('',(1.229689576165,1.E-002,6.717514980062E-002)
  );
#10195 = CARTESIAN_POINT('',(1.224534038659,1.E-002,6.717514980062E-002)
  );
#10196 = CARTESIAN_POINT('',(1.23999999348,1.E-002,5.581037496108E-002)
  );
#10197 = CARTESIAN_POINT('',(1.234844859602,1.E-002,5.581037496108E-002)
  );
#10198 = CARTESIAN_POINT('',(1.229689576165,1.E-002,5.581037496108E-002)
  );
#10199 = CARTESIAN_POINT('',(1.224534038659,1.E-002,5.581037496108E-002)
  );
#10200 = CARTESIAN_POINT('',(1.23999999348,6.895250512782E-003,
    4.309160990521E-002));
#10201 = CARTESIAN_POINT('',(1.234844859602,6.895250512782E-003,
    4.309160990521E-002));
#10202 = CARTESIAN_POINT('',(1.229689576165,6.895250512782E-003,
    4.309160990521E-002));
#10203 = CARTESIAN_POINT('',(1.224534038659,6.895250512782E-003,
    4.309160990521E-002));
#10204 = CARTESIAN_POINT('',(1.23999999348,-9.544895377572E-010,
    3.191181199206E-002));
#10205 = CARTESIAN_POINT('',(1.234844859602,-9.544895377572E-010,
    3.191181199206E-002));
#10206 = CARTESIAN_POINT('',(1.229689576165,-9.544895452757E-010,
    3.191181199206E-002));
#10207 = CARTESIAN_POINT('',(1.224534038659,-9.544895452757E-010,
    3.191181199206E-002));
#10208 = ADVANCED_FACE('',(#10209),#10267,.F.);
#10209 = FACE_BOUND('',#10210,.T.);
#10210 = EDGE_LOOP('',(#10211,#10212,#10213,#10214,#10223,#10238,#10244,
    #10245,#10253,#10266));
#10211 = ORIENTED_EDGE('',*,*,#10021,.F.);
#10212 = ORIENTED_EDGE('',*,*,#9980,.T.);
#10213 = ORIENTED_EDGE('',*,*,#10098,.F.);
#10214 = ORIENTED_EDGE('',*,*,#10215,.F.);
#10215 = EDGE_CURVE('',#10216,#10089,#10218,.T.);
#10216 = VERTEX_POINT('',#10217);
#10217 = CARTESIAN_POINT('',(1.224534038659,-3.469446951954E-017,
    0.46808818646));
#10218 = B_SPLINE_CURVE_WITH_KNOTS('',3,(#10219,#10220,#10221,#10222),
  .UNSPECIFIED.,.F.,.F.,(4,4),(0.E+000,1.546595482082E-003),
  .PIECEWISE_BEZIER_KNOTS.);
#10219 = CARTESIAN_POINT('',(1.224534038659,-3.469446951954E-017,
    0.46808818646));
#10220 = CARTESIAN_POINT('',(1.229689356932,-3.469446951954E-017,
    0.46808818646));
#10221 = CARTESIAN_POINT('',(1.234844675206,-3.469446951954E-017,
    0.46808818646));
#10222 = CARTESIAN_POINT('',(1.23999999348,-3.469446951954E-017,
    0.46808818646));
#10223 = ORIENTED_EDGE('',*,*,#10224,.F.);
#10224 = EDGE_CURVE('',#10225,#10216,#10227,.T.);
#10225 = VERTEX_POINT('',#10226);
#10226 = CARTESIAN_POINT('',(1.054022605983,4.27030806549E-011,
    0.499999994412));
#10227 = B_SPLINE_CURVE_WITH_KNOTS('',3,(#10228,#10229,#10230,#10231,
    #10232,#10233,#10234,#10235,#10236,#10237),.UNSPECIFIED.,.F.,.F.,(4,
    2,2,2,4),(0.E+000,7.571067484205E-003,1.578059632636E-002,
    1.990177333476E-002,2.039534522259E-002),.UNSPECIFIED.);
#10228 = CARTESIAN_POINT('',(1.054022606003,-5.96896657206E-017,
    0.499999994412));
#10229 = CARTESIAN_POINT('',(1.079259497617,-5.96896657206E-017,
    0.499999994425));
#10230 = CARTESIAN_POINT('',(1.104066483169,-2.602085213965E-017,
    0.494842371832));
#10231 = CARTESIAN_POINT('',(1.149079268744,-3.469446951954E-017,
    0.483166292455));
#10232 = CARTESIAN_POINT('',(1.170321368401,-6.071532165919E-017,
    0.476137713771));
#10233 = CARTESIAN_POINT('',(1.200474299067,-6.071532165919E-017,
    0.469842418378));
#10234 = CARTESIAN_POINT('',(1.210446061898,1.012037675885E-013,
    0.468414520887));
#10235 = CARTESIAN_POINT('',(1.222053654128,1.012037675885E-013,
    0.468104768279));
#10236 = CARTESIAN_POINT('',(1.22329363455,-3.258052537466E-017,
    0.46808818646));
#10237 = CARTESIAN_POINT('',(1.224534038659,-3.258052537466E-017,
    0.46808818646));
#10238 = ORIENTED_EDGE('',*,*,#10239,.T.);
#10239 = EDGE_CURVE('',#10225,#9924,#10240,.T.);
#10240 = LINE('',#10241,#10242);
#10241 = CARTESIAN_POINT('',(1.008866470397,-3.469446951954E-017,
    0.499999994412));
#10242 = VECTOR('',#10243,1.);
#10243 = DIRECTION('',(-1.,0.E+000,1.224646799147E-016));
#10244 = ORIENTED_EDGE('',*,*,#9923,.T.);
#10245 = ORIENTED_EDGE('',*,*,#10246,.T.);
#10246 = EDGE_CURVE('',#9916,#10247,#10249,.T.);
#10247 = VERTEX_POINT('',#10248);
#10248 = CARTESIAN_POINT('',(1.054022605983,4.267489139842E-011,
    5.587899309933E-009));
#10249 = LINE('',#10250,#10251);
#10250 = CARTESIAN_POINT('',(0.999999999068,-3.469446951954E-017,
    5.587899309933E-009));
#10251 = VECTOR('',#10252,1.);
#10252 = DIRECTION('',(1.,0.E+000,-1.224646799147E-016));
#10253 = ORIENTED_EDGE('',*,*,#10254,.F.);
#10254 = EDGE_CURVE('',#10167,#10247,#10255,.T.);
#10255 = B_SPLINE_CURVE_WITH_KNOTS('',3,(#10256,#10257,#10258,#10259,
    #10260,#10261,#10262,#10263,#10264,#10265),.UNSPECIFIED.,.F.,.F.,(4,
    2,2,2,4),(7.261406796477E-003,7.452416483558E-003,1.08670527962E-002
    ,1.838083653096E-002,2.476483856793E-002),.UNSPECIFIED.);
#10256 = CARTESIAN_POINT('',(1.224534038659,4.824423949709E-017,
    3.191181353965E-002));
#10257 = CARTESIAN_POINT('',(1.223978154399,4.824423949709E-017,
    3.191181353965E-002));
#10258 = CARTESIAN_POINT('',(1.223422090346,-3.469446951954E-017,
    3.190848330172E-002));
#10259 = CARTESIAN_POINT('',(1.212918723924,-3.469446951954E-017,
    3.178263344822E-002));
#10260 = CARTESIAN_POINT('',(1.203367199716,1.110491906764E-012,
    3.059551153543E-002));
#10261 = CARTESIAN_POINT('',(1.172283013771,1.110491906764E-012,
    2.456189984866E-002));
#10262 = CARTESIAN_POINT('',(1.149750745762,7.806255641896E-016,
    1.696163308299E-002));
#10263 = CARTESIAN_POINT('',(1.103340696886,7.806255641896E-016,
    5.010396118723E-003));
#10264 = CARTESIAN_POINT('',(1.078896454279,-1.071395218539E-016,
    5.57546059309E-009));
#10265 = CARTESIAN_POINT('',(1.054022606003,-1.095020772041E-016,
    5.587899304427E-009));
#10266 = ORIENTED_EDGE('',*,*,#10166,.F.);
#10267 = PLANE('',#10268);
#10268 = AXIS2_PLACEMENT_3D('',#10269,#10270,#10271);
#10269 = CARTESIAN_POINT('',(1.004433234732,-3.469446951954E-017,0.25));
#10270 = DIRECTION('',(0.E+000,1.,0.E+000));
#10271 = DIRECTION('',(-1.,0.E+000,1.224646799147E-016));
#10272 = ADVANCED_FACE('',(#10273),#10311,.T.);
#10273 = FACE_BOUND('',#10274,.T.);
#10274 = EDGE_LOOP('',(#10275,#10286,#10293,#10304));
#10275 = ORIENTED_EDGE('',*,*,#10276,.T.);
#10276 = EDGE_CURVE('',#10277,#9932,#10279,.T.);
#10277 = VERTEX_POINT('',#10278);
#10278 = CARTESIAN_POINT('',(1.05332683352,9.451653735261E-002,
    0.432824850199));
#10279 = B_SPLINE_CURVE_WITH_KNOTS('',3,(#10280,#10281,#10282,#10283,
    #10284,#10285),.UNSPECIFIED.,.F.,.F.,(4,1,1,4),(0.E+000,
    0.285714285714,0.571428571429,1.),.UNSPECIFIED.);
#10280 = CARTESIAN_POINT('',(1.05332683352,9.451653735261E-002,
    0.432824850199));
#10281 = CARTESIAN_POINT('',(1.05332683352,9.451653735261E-002,
    0.441872469247));
#10282 = CARTESIAN_POINT('',(1.050372983235,9.225377913703E-002,
    0.461607055387));
#10283 = CARTESIAN_POINT('',(1.031428638487,7.774171265203E-002,
    0.492281946907));
#10284 = CARTESIAN_POINT('',(1.010773646622,6.191922741129E-002,
    0.499999994412));
#10285 = CARTESIAN_POINT('',(0.999999999133,5.366621624971E-002,
    0.499999994412));
#10286 = ORIENTED_EDGE('',*,*,#10287,.T.);
#10287 = EDGE_CURVE('',#9932,#10225,#10288,.T.);
#10288 = B_SPLINE_CURVE_WITH_KNOTS('',3,(#10289,#10290,#10291,#10292),
  .UNSPECIFIED.,.F.,.F.,(4,4),(-2.847014079301E-002,-2.083762006558E-002
    ),.PIECEWISE_BEZIER_KNOTS.);
#10289 = CARTESIAN_POINT('',(0.999999999133,5.366621624971E-002,
    0.499999994412));
#10290 = CARTESIAN_POINT('',(1.015482567231,3.345495908919E-002,
    0.499999994412));
#10291 = CARTESIAN_POINT('',(1.033709300399,1.53484653731E-002,
    0.499999994412));
#10292 = CARTESIAN_POINT('',(1.054022606003,6.988656324141E-011,
    0.499999994412));
#10293 = ORIENTED_EDGE('',*,*,#10294,.T.);
#10294 = EDGE_CURVE('',#10225,#10295,#10297,.T.);
#10295 = VERTEX_POINT('',#10296);
#10296 = CARTESIAN_POINT('',(1.094519071259,5.359604751549E-002,
    0.432824850199));
#10297 = B_SPLINE_CURVE_WITH_KNOTS('',3,(#10298,#10299,#10300,#10301,
    #10302,#10303),.UNSPECIFIED.,.F.,.F.,(4,1,1,4),(-1.,-0.571428571429,
    -0.285714285714,0.E+000),.UNSPECIFIED.);
#10298 = CARTESIAN_POINT('',(1.054022606003,6.988656324141E-011,
    0.499999994412));
#10299 = CARTESIAN_POINT('',(1.062204127488,1.082803681091E-002,
    0.499999994412));
#10300 = CARTESIAN_POINT('',(1.077889554346,3.158730251005E-002,
    0.492281946907));
#10301 = CARTESIAN_POINT('',(1.092275913629,5.062728513111E-002,
    0.461607055387));
#10302 = CARTESIAN_POINT('',(1.094519071259,5.359604751549E-002,
    0.441872469247));
#10303 = CARTESIAN_POINT('',(1.094519071259,5.359604751549E-002,
    0.432824850199));
#10304 = ORIENTED_EDGE('',*,*,#10305,.T.);
#10305 = EDGE_CURVE('',#10295,#10277,#10306,.T.);
#10306 = B_SPLINE_CURVE_WITH_KNOTS('',3,(#10307,#10308,#10309,#10310),
  .UNSPECIFIED.,.F.,.F.,(4,4),(2.083762006558E-002,2.847014079301E-002),
  .PIECEWISE_BEZIER_KNOTS.);
#10307 = CARTESIAN_POINT('',(1.094519071259,5.359604751549E-002,
    0.432824850199));
#10308 = CARTESIAN_POINT('',(1.079030175736,6.529925230919E-002,
    0.432824850199));
#10309 = CARTESIAN_POINT('',(1.065132291695,7.910545376771E-002,
    0.432824850199));
#10310 = CARTESIAN_POINT('',(1.05332683352,9.451653735261E-002,
    0.432824850199));
#10311 = B_SPLINE_SURFACE_WITH_KNOTS('',3,3,(
    (#10312,#10313,#10314,#10315)
    ,(#10316,#10317,#10318,#10319)
    ,(#10320,#10321,#10322,#10323)
    ,(#10324,#10325,#10326,#10327)
    ,(#10328,#10329,#10330,#10331)
    ,(#10332,#10333,#10334,#10335
  )),.UNSPECIFIED.,.F.,.F.,.F.,(4,1,1,4),(4,4),(0.E+000,0.285714285714,
    0.571428571429,1.),(-2.847014079301E-002,-2.083762006558E-002),
  .UNSPECIFIED.);
#10312 = CARTESIAN_POINT('',(1.05332683352,9.451653735261E-002,
    0.432824850199));
#10313 = CARTESIAN_POINT('',(1.065132291695,7.910545376771E-002,
    0.432824850199));
#10314 = CARTESIAN_POINT('',(1.079030175736,6.529925230919E-002,
    0.432824850199));
#10315 = CARTESIAN_POINT('',(1.094519071259,5.359604751549E-002,
    0.432824850199));
#10316 = CARTESIAN_POINT('',(1.05332683352,9.451653735261E-002,
    0.441872469247));
#10317 = CARTESIAN_POINT('',(1.065133720482,7.910358860072E-002,
    0.441872469247));
#10318 = CARTESIAN_POINT('',(1.079028301152,6.530066872038E-002,
    0.441872469247));
#10319 = CARTESIAN_POINT('',(1.094519071259,5.359604751549E-002,
    0.441872469247));
#10320 = CARTESIAN_POINT('',(1.050372983235,9.225377913703E-002,
    0.461607055387));
#10321 = CARTESIAN_POINT('',(1.062382820992,7.657589431731E-002,
    0.461607055387));
#10322 = CARTESIAN_POINT('',(1.076518869768,6.253309926587E-002,
    0.461607055387));
#10323 = CARTESIAN_POINT('',(1.092275913629,5.062728513111E-002,
    0.461607055387));
#10324 = CARTESIAN_POINT('',(1.031428638487,7.774171265203E-002,
    0.492281946907));
#10325 = CARTESIAN_POINT('',(1.044741043864,6.036342974777E-002,
    0.492281946907));
#10326 = CARTESIAN_POINT('',(1.060423526939,4.478440203073E-002,
    0.492281946907));
#10327 = CARTESIAN_POINT('',(1.077889554346,3.158730251005E-002,
    0.492281946907));
#10328 = CARTESIAN_POINT('',(1.010773646622,6.191922741129E-002,
    0.499999994412));
#10329 = CARTESIAN_POINT('',(1.025520895146,4.266787127872E-002,
    0.499999994412));
#10330 = CARTESIAN_POINT('',(1.042855569538,2.54475515345E-002,
    0.499999994412));
#10331 = CARTESIAN_POINT('',(1.062204127488,1.082803681091E-002,
    0.499999994412));
#10332 = CARTESIAN_POINT('',(0.999999999133,5.366621624971E-002,
    0.499999994412));
#10333 = CARTESIAN_POINT('',(1.015482567231,3.345495908919E-002,
    0.499999994412));
#10334 = CARTESIAN_POINT('',(1.033709300399,1.53484653731E-002,
    0.499999994412));
#10335 = CARTESIAN_POINT('',(1.054022606003,6.988656324141E-011,
    0.499999994412));
#10336 = ADVANCED_FACE('',(#10337),#10357,.T.);
#10337 = FACE_BOUND('',#10338,.T.);
#10338 = EDGE_LOOP('',(#10339,#10340,#10341,#10350));
#10339 = ORIENTED_EDGE('',*,*,#9939,.T.);
#10340 = ORIENTED_EDGE('',*,*,#10276,.F.);
#10341 = ORIENTED_EDGE('',*,*,#10342,.T.);
#10342 = EDGE_CURVE('',#10277,#10343,#10345,.T.);
#10343 = VERTEX_POINT('',#10344);
#10344 = CARTESIAN_POINT('',(1.008866470397,0.225667568262,
    0.432824850199));
#10345 = B_SPLINE_CURVE_WITH_KNOTS('',3,(#10346,#10347,#10348,#10349),
  .UNSPECIFIED.,.F.,.F.,(4,4),(2.847014079301E-002,4.69483384356E-002),
  .PIECEWISE_BEZIER_KNOTS.);
#10346 = CARTESIAN_POINT('',(1.05332683352,9.451653735261E-002,
    0.432824850199));
#10347 = CARTESIAN_POINT('',(1.024746028146,0.131826498051,
    0.432824850199));
#10348 = CARTESIAN_POINT('',(1.008866470452,0.178697364124,
    0.432824850199));
#10349 = CARTESIAN_POINT('',(1.008866470397,0.225667568262,
    0.432824850199));
#10350 = ORIENTED_EDGE('',*,*,#10351,.T.);
#10351 = EDGE_CURVE('',#10343,#9940,#10352,.T.);
#10352 = B_SPLINE_CURVE_WITH_KNOTS('',3,(#10353,#10354,#10355,#10356),
  .UNSPECIFIED.,.F.,.F.,(4,4),(-1.,-0.661850921737),
  .PIECEWISE_BEZIER_KNOTS.);
#10353 = CARTESIAN_POINT('',(1.008866470397,0.225667575502,
    0.432824850199));
#10354 = CARTESIAN_POINT('',(1.008866470397,0.225667575502,
    0.443532904344));
#10355 = CARTESIAN_POINT('',(1.005983069315,0.225667575599,
    0.455511169579));
#10356 = CARTESIAN_POINT('',(0.999982113477,0.2256675758,0.466170422854)
  );
#10357 = B_SPLINE_SURFACE_WITH_KNOTS('',3,3,(
    (#10358,#10359,#10360,#10361)
    ,(#10362,#10363,#10364,#10365)
    ,(#10366,#10367,#10368,#10369)
    ,(#10370,#10371,#10372,#10373)
    ,(#10374,#10375,#10376,#10377)
    ,(#10378,#10379,#10380,#10381
  )),.UNSPECIFIED.,.F.,.F.,.F.,(4,1,1,4),(4,4),(0.E+000,0.285714285714,
    0.571428571429,1.),(2.847014079301E-002,4.694833938504E-002),
  .UNSPECIFIED.);
#10358 = CARTESIAN_POINT('',(0.999999999133,5.366621624971E-002,
    0.499999994412));
#10359 = CARTESIAN_POINT('',(0.962516973765,0.102597314761,
    0.499999994412));
#10360 = CARTESIAN_POINT('',(0.941691324116,0.164067306857,
    0.499999994412));
#10361 = CARTESIAN_POINT('',(0.941691326184,0.225667577757,
    0.499999994412));
#10362 = CARTESIAN_POINT('',(1.007182430792,5.916822369076E-002,
    0.499999994412));
#10363 = CARTESIAN_POINT('',(0.97089398747,0.106539890669,0.499999994412
    ));
#10364 = CARTESIAN_POINT('',(0.95073894323,0.166030503944,0.499999994412
    ));
#10365 = CARTESIAN_POINT('',(0.950738945232,0.225667577453,
    0.499999994412));
#10366 = CARTESIAN_POINT('',(1.022849151722,7.116950949659E-002,
    0.496278786846));
#10367 = CARTESIAN_POINT('',(0.98918892017,0.115110255738,0.496278786846
    ));
#10368 = CARTESIAN_POINT('',(0.970474115167,0.170349753273,
    0.496278786846));
#10369 = CARTESIAN_POINT('',(0.970474117024,0.225667576791,
    0.496278786846));
#10370 = CARTESIAN_POINT('',(1.047198801633,8.982223900934E-002,
    0.472415919443));
#10371 = CARTESIAN_POINT('',(1.017579516777,0.128487851801,
    0.472415919443));
#10372 = CARTESIAN_POINT('',(1.00114706388,0.176990715954,0.472415919443
    ));
#10373 = CARTESIAN_POINT('',(1.001147065514,0.225667575761,
    0.472415919443));
#10374 = CARTESIAN_POINT('',(1.05332683352,9.451653735261E-002,
    0.446396278771));
#10375 = CARTESIAN_POINT('',(1.024776931041,0.131786156786,
    0.446396278771));
#10376 = CARTESIAN_POINT('',(1.008866468822,0.178748157723,
    0.446396278771));
#10377 = CARTESIAN_POINT('',(1.008866470397,0.225667575502,
    0.446396278771));
#10378 = CARTESIAN_POINT('',(1.05332683352,9.451653735261E-002,
    0.432824850199));
#10379 = CARTESIAN_POINT('',(1.024746026677,0.131826499968,
    0.432824850199));
#10380 = CARTESIAN_POINT('',(1.00886646882,0.178697368941,0.432824850199
    ));
#10381 = CARTESIAN_POINT('',(1.008866470397,0.225667575502,
    0.432824850199));
#10382 = ADVANCED_FACE('',(#10383),#10395,.T.);
#10383 = FACE_BOUND('',#10384,.T.);
#10384 = EDGE_LOOP('',(#10385,#10386,#10387,#10388));
#10385 = ORIENTED_EDGE('',*,*,#9810,.F.);
#10386 = ORIENTED_EDGE('',*,*,#9954,.T.);
#10387 = ORIENTED_EDGE('',*,*,#10351,.F.);
#10388 = ORIENTED_EDGE('',*,*,#10389,.T.);
#10389 = EDGE_CURVE('',#10343,#9771,#10390,.T.);
#10390 = B_SPLINE_CURVE_WITH_KNOTS('',3,(#10391,#10392,#10393,#10394),
  .UNSPECIFIED.,.F.,.F.,(4,4),(4.69483384356E-002,4.858149092784E-002),
  .PIECEWISE_BEZIER_KNOTS.);
#10391 = CARTESIAN_POINT('',(1.008866470397,0.225667568262,
    0.432824850199));
#10392 = CARTESIAN_POINT('',(1.008866470397,0.231111964556,
    0.432824850199));
#10393 = CARTESIAN_POINT('',(1.008866470397,0.236556068566,
    0.432824850199));
#10394 = CARTESIAN_POINT('',(1.008866470397,0.242,0.432824850199));
#10395 = B_SPLINE_SURFACE_WITH_KNOTS('',3,3,(
    (#10396,#10397,#10398,#10399)
    ,(#10400,#10401,#10402,#10403)
    ,(#10404,#10405,#10406,#10407)
    ,(#10408,#10409,#10410,#10411
    )),.UNSPECIFIED.,.F.,.F.,.F.,(4,4),(4,4),(0.661364385891,1.),(
    4.69483384356E-002,4.858149092784E-002),.PIECEWISE_BEZIER_KNOTS.);
#10396 = CARTESIAN_POINT('',(0.999999997881,0.225667568262,
    0.466180491476));
#10397 = CARTESIAN_POINT('',(0.999999997881,0.231111964556,
    0.466180491476));
#10398 = CARTESIAN_POINT('',(0.999999997881,0.236556068566,
    0.466180491476));
#10399 = CARTESIAN_POINT('',(0.999999997881,0.242,0.466180491476));
#10400 = CARTESIAN_POINT('',(1.006128758683,0.225667568262,
    0.455466864399));
#10401 = CARTESIAN_POINT('',(1.006128758683,0.231111964556,
    0.455466864399));
#10402 = CARTESIAN_POINT('',(1.006128758683,0.236556068566,
    0.455466864399));
#10403 = CARTESIAN_POINT('',(1.006128758683,0.242,0.455466864399));
#10404 = CARTESIAN_POINT('',(1.008866470397,0.225667568262,
    0.443548311313));
#10405 = CARTESIAN_POINT('',(1.008866470397,0.231111964556,
    0.443548311313));
#10406 = CARTESIAN_POINT('',(1.008866470397,0.236556068566,
    0.443548311313));
#10407 = CARTESIAN_POINT('',(1.008866470397,0.242,0.443548311313));
#10408 = CARTESIAN_POINT('',(1.008866470397,0.225667568262,
    0.432824850199));
#10409 = CARTESIAN_POINT('',(1.008866470397,0.231111964556,
    0.432824850199));
#10410 = CARTESIAN_POINT('',(1.008866470397,0.236556068566,
    0.432824850199));
#10411 = CARTESIAN_POINT('',(1.008866470397,0.242,0.432824850199));
#10412 = ADVANCED_FACE('',(#10413),#10433,.T.);
#10413 = FACE_BOUND('',#10414,.T.);
#10414 = EDGE_LOOP('',(#10415,#10416,#10425,#10432));
#10415 = ORIENTED_EDGE('',*,*,#10224,.T.);
#10416 = ORIENTED_EDGE('',*,*,#10417,.T.);
#10417 = EDGE_CURVE('',#10216,#10418,#10420,.T.);
#10418 = VERTEX_POINT('',#10419);
#10419 = CARTESIAN_POINT('',(1.224534038659,1.E-002,0.432824850199));
#10420 = B_SPLINE_CURVE_WITH_KNOTS('',3,(#10421,#10422,#10423,#10424),
  .UNSPECIFIED.,.F.,.F.,(4,4),(0.641450218447,1.),
  .PIECEWISE_BEZIER_KNOTS.);
#10421 = CARTESIAN_POINT('',(1.22453404653,-5.164466997837E-006,
    0.468085047897));
#10422 = CARTESIAN_POINT('',(1.224534046294,6.757675612834E-003,
    0.45696140841));
#10423 = CARTESIAN_POINT('',(1.224534046181,1.E-002,0.444178926615));
#10424 = CARTESIAN_POINT('',(1.224534046181,1.E-002,0.432824850199));
#10425 = ORIENTED_EDGE('',*,*,#10426,.T.);
#10426 = EDGE_CURVE('',#10418,#10295,#10427,.T.);
#10427 = B_SPLINE_CURVE_WITH_KNOTS('',3,(#10428,#10429,#10430,#10431),
  .UNSPECIFIED.,.F.,.F.,(4,4),(2.546500538104E-003,2.083762006558E-002),
  .PIECEWISE_BEZIER_KNOTS.);
#10428 = CARTESIAN_POINT('',(1.224534038659,1.E-002,0.432824850199));
#10429 = CARTESIAN_POINT('',(1.178039413515,1.000000005547E-002,
    0.432824850199));
#10430 = CARTESIAN_POINT('',(1.131637770241,2.554964903447E-002,
    0.432824850199));
#10431 = CARTESIAN_POINT('',(1.094519071259,5.359604751549E-002,
    0.432824850199));
#10432 = ORIENTED_EDGE('',*,*,#10294,.F.);
#10433 = B_SPLINE_SURFACE_WITH_KNOTS('',3,3,(
    (#10434,#10435,#10436,#10437)
    ,(#10438,#10439,#10440,#10441)
    ,(#10442,#10443,#10444,#10445)
    ,(#10446,#10447,#10448,#10449)
    ,(#10450,#10451,#10452,#10453)
    ,(#10454,#10455,#10456,#10457
  )),.UNSPECIFIED.,.F.,.F.,.F.,(4,1,1,4),(4,4),(0.E+000,0.285714285714,
    0.571428571429,1.),(2.546499551727E-003,2.083762006558E-002),
  .UNSPECIFIED.);
#10434 = CARTESIAN_POINT('',(1.224534048524,-5.717514421272E-002,
    0.499999994412));
#10435 = CARTESIAN_POINT('',(1.163557487656,-5.717514633942E-002,
    0.499999994412));
#10436 = CARTESIAN_POINT('',(1.102702869588,-3.678216385597E-002,
    0.499999994412));
#10437 = CARTESIAN_POINT('',(1.054022606003,6.988669784556E-011,
    0.499999994412));
#10438 = CARTESIAN_POINT('',(1.224534048208,-4.81275251651E-002,
    0.499999994412));
#10439 = CARTESIAN_POINT('',(1.165500807125,-4.812752722402E-002,
    0.499999994412));
#10440 = CARTESIAN_POINT('',(1.106605779807,-2.839122706738E-002,
    0.499999994412));
#10441 = CARTESIAN_POINT('',(1.05947695366,7.218691230569E-003,
    0.499999994412));
#10442 = CARTESIAN_POINT('',(1.22453404752,-2.839183851965E-002,
    0.496278542896));
#10443 = CARTESIAN_POINT('',(1.169776323511,-2.839184042944E-002,
    0.496278542896));
#10444 = CARTESIAN_POINT('',(1.115090084961,-1.006593491464E-002,
    0.496278542896));
#10445 = CARTESIAN_POINT('',(1.071374591661,2.296491418577E-002,
    0.496278542896));
#10446 = CARTESIAN_POINT('',(1.22453404645,2.279370402096E-003,
    0.47241664826));
#10447 = CARTESIAN_POINT('',(1.176350045608,2.279368721572E-003,
    0.47241664826));
#10448 = CARTESIAN_POINT('',(1.128332099507,1.83706415336E-002,
    0.47241664826));
#10449 = CARTESIAN_POINT('',(1.089864697801,4.743610197181E-002,
    0.47241664826));
#10450 = CARTESIAN_POINT('',(1.224534046181,1.E-002,0.446396278771));
#10451 = CARTESIAN_POINT('',(1.178089693059,9.99999838015E-003,
    0.446396278771));
#10452 = CARTESIAN_POINT('',(1.131597635872,2.557997403333E-002,
    0.446396278771));
#10453 = CARTESIAN_POINT('',(1.094519071259,5.359604751549E-002,
    0.446396278771));
#10454 = CARTESIAN_POINT('',(1.224534046181,1.E-002,0.432824850199));
#10455 = CARTESIAN_POINT('',(1.178039418519,9.999998378397E-003,
    0.432824850199));
#10456 = CARTESIAN_POINT('',(1.131637772243,2.554964752202E-002,
    0.432824850199));
#10457 = CARTESIAN_POINT('',(1.094519071259,5.359604751549E-002,
    0.432824850199));
#10458 = ADVANCED_FACE('',(#10459),#10471,.T.);
#10459 = FACE_BOUND('',#10460,.T.);
#10460 = EDGE_LOOP('',(#10461,#10462,#10469,#10470));
#10461 = ORIENTED_EDGE('',*,*,#10088,.F.);
#10462 = ORIENTED_EDGE('',*,*,#10463,.T.);
#10463 = EDGE_CURVE('',#9970,#10418,#10464,.T.);
#10464 = B_SPLINE_CURVE_WITH_KNOTS('',3,(#10465,#10466,#10467,#10468),
  .UNSPECIFIED.,.F.,.F.,(4,4),(9.999955110813E-004,2.546500538104E-003),
  .PIECEWISE_BEZIER_KNOTS.);
#10465 = CARTESIAN_POINT('',(1.23999999348,1.E-002,0.432824850199));
#10466 = CARTESIAN_POINT('',(1.234844859604,1.E-002,0.432824850199));
#10467 = CARTESIAN_POINT('',(1.229689576169,1.E-002,0.432824850199));
#10468 = CARTESIAN_POINT('',(1.224534038659,1.E-002,0.432824850199));
#10469 = ORIENTED_EDGE('',*,*,#10417,.F.);
#10470 = ORIENTED_EDGE('',*,*,#10215,.T.);
#10471 = B_SPLINE_SURFACE_WITH_KNOTS('',3,3,(
    (#10472,#10473,#10474,#10475)
    ,(#10476,#10477,#10478,#10479)
    ,(#10480,#10481,#10482,#10483)
    ,(#10484,#10485,#10486,#10487
    )),.UNSPECIFIED.,.F.,.F.,.F.,(4,4),(4,4),(0.E+000,0.358887626512),(
    -2.546500538104E-003,-9.999955110813E-004),
  .PIECEWISE_BEZIER_KNOTS.);
#10472 = CARTESIAN_POINT('',(1.224534038659,1.E-002,0.432824850199));
#10473 = CARTESIAN_POINT('',(1.229689576169,1.E-002,0.432824850199));
#10474 = CARTESIAN_POINT('',(1.234844859604,1.E-002,0.432824850199));
#10475 = CARTESIAN_POINT('',(1.23999999348,1.E-002,0.432824850199));
#10476 = CARTESIAN_POINT('',(1.224534038659,1.E-002,0.444189625039));
#10477 = CARTESIAN_POINT('',(1.229689576169,1.E-002,0.444189625039));
#10478 = CARTESIAN_POINT('',(1.234844859604,1.E-002,0.444189625039));
#10479 = CARTESIAN_POINT('',(1.23999999348,1.E-002,0.444189625039));
#10480 = CARTESIAN_POINT('',(1.224534038659,6.895250512782E-003,
    0.456908390095));
#10481 = CARTESIAN_POINT('',(1.229689576169,6.895250512782E-003,
    0.456908390095));
#10482 = CARTESIAN_POINT('',(1.234844859604,6.895250512782E-003,
    0.456908390095));
#10483 = CARTESIAN_POINT('',(1.23999999348,6.895250512782E-003,
    0.456908390095));
#10484 = CARTESIAN_POINT('',(1.224534038659,-9.544895208403E-010,
    0.468088188008));
#10485 = CARTESIAN_POINT('',(1.229689576169,-9.544895208403E-010,
    0.468088188008));
#10486 = CARTESIAN_POINT('',(1.234844859604,-9.544895208403E-010,
    0.468088188008));
#10487 = CARTESIAN_POINT('',(1.23999999348,-9.544895208403E-010,
    0.468088188008));
#10488 = ADVANCED_FACE('',(#10489),#10501,.T.);
#10489 = FACE_BOUND('',#10490,.T.);
#10490 = EDGE_LOOP('',(#10491,#10492,#10493,#10500));
#10491 = ORIENTED_EDGE('',*,*,#9997,.F.);
#10492 = ORIENTED_EDGE('',*,*,#10185,.F.);
#10493 = ORIENTED_EDGE('',*,*,#10494,.F.);
#10494 = EDGE_CURVE('',#10418,#10176,#10495,.T.);
#10495 = B_SPLINE_CURVE_WITH_KNOTS('',3,(#10496,#10497,#10498,#10499),
  .UNSPECIFIED.,.F.,.F.,(4,4),(6.717514470325E-003,4.328248441209E-002),
  .PIECEWISE_BEZIER_KNOTS.);
#10496 = CARTESIAN_POINT('',(1.224534038659,1.E-002,0.432824850199));
#10497 = CARTESIAN_POINT('',(1.224534038659,1.E-002,0.310941613961));
#10498 = CARTESIAN_POINT('',(1.224534038659,1.E-002,0.189058386038));
#10499 = CARTESIAN_POINT('',(1.224534038659,1.E-002,6.717514980062E-002)
  );
#10500 = ORIENTED_EDGE('',*,*,#10463,.F.);
#10501 = PLANE('',#10502);
#10502 = AXIS2_PLACEMENT_3D('',#10503,#10504,#10505);
#10503 = CARTESIAN_POINT('',(1.129433231938,1.E-002,0.25));
#10504 = DIRECTION('',(0.E+000,1.,0.E+000));
#10505 = DIRECTION('',(-1.224646799147E-016,0.E+000,-1.));
#10506 = ADVANCED_FACE('',(#10507),#10512,.T.);
#10507 = FACE_BOUND('',#10508,.T.);
#10508 = EDGE_LOOP('',(#10509,#10510,#10511));
#10509 = ORIENTED_EDGE('',*,*,#10287,.F.);
#10510 = ORIENTED_EDGE('',*,*,#9931,.F.);
#10511 = ORIENTED_EDGE('',*,*,#10239,.F.);
#10512 = PLANE('',#10513);
#10513 = AXIS2_PLACEMENT_3D('',#10514,#10515,#10516);
#10514 = CARTESIAN_POINT('',(0.999999999068,-3.469446951954E-017,
    0.499999994412));
#10515 = DIRECTION('',(1.224646799147E-016,0.E+000,1.));
#10516 = DIRECTION('',(1.,0.E+000,-1.224646799147E-016));
#10517 = ADVANCED_FACE('',(#10518),#10556,.T.);
#10518 = FACE_BOUND('',#10519,.T.);
#10519 = EDGE_LOOP('',(#10520,#10531,#10538,#10549));
#10520 = ORIENTED_EDGE('',*,*,#10521,.T.);
#10521 = EDGE_CURVE('',#10522,#10247,#10524,.T.);
#10522 = VERTEX_POINT('',#10523);
#10523 = CARTESIAN_POINT('',(1.094519071259,5.359604751545E-002,
    6.717514980062E-002));
#10524 = B_SPLINE_CURVE_WITH_KNOTS('',3,(#10525,#10526,#10527,#10528,
    #10529,#10530),.UNSPECIFIED.,.F.,.F.,(4,1,1,4),(0.E+000,
    0.285714285714,0.571428571429,1.),.UNSPECIFIED.);
#10525 = CARTESIAN_POINT('',(1.094519071259,5.359604751545E-002,
    6.717514980062E-002));
#10526 = CARTESIAN_POINT('',(1.094519071259,5.359604751545E-002,
    5.8127530753E-002));
#10527 = CARTESIAN_POINT('',(1.092276754161,5.062839755358E-002,
    3.839581592634E-002));
#10528 = CARTESIAN_POINT('',(1.077887341493,3.158437385481E-002,
    7.711849644372E-003));
#10529 = CARTESIAN_POINT('',(1.062204127488,1.082803681087E-002,
    5.587899333558E-009));
#10530 = CARTESIAN_POINT('',(1.054022606003,6.984061396697E-011,
    5.587899304403E-009));
#10531 = ORIENTED_EDGE('',*,*,#10532,.T.);
#10532 = EDGE_CURVE('',#10247,#9901,#10533,.T.);
#10533 = B_SPLINE_CURVE_WITH_KNOTS('',3,(#10534,#10535,#10536,#10537),
  .UNSPECIFIED.,.F.,.F.,(4,4),(2.083762302976E-002,2.847014395621E-002),
  .PIECEWISE_BEZIER_KNOTS.);
#10534 = CARTESIAN_POINT('',(1.054022606003,6.984061396697E-011,
    5.587899304403E-009));
#10535 = CARTESIAN_POINT('',(1.033709320997,1.534844981012E-002,
    5.587899306891E-009));
#10536 = CARTESIAN_POINT('',(1.015482584469,3.345493658629E-002,
    5.587899309123E-009));
#10537 = CARTESIAN_POINT('',(0.999999999133,5.366621624966E-002,
    5.587899311019E-009));
#10538 = ORIENTED_EDGE('',*,*,#10539,.T.);
#10539 = EDGE_CURVE('',#9901,#10540,#10542,.T.);
#10540 = VERTEX_POINT('',#10541);
#10541 = CARTESIAN_POINT('',(1.05332683352,9.451653735257E-002,
    6.717514980062E-002));
#10542 = B_SPLINE_CURVE_WITH_KNOTS('',3,(#10543,#10544,#10545,#10546,
    #10547,#10548),.UNSPECIFIED.,.F.,.F.,(4,1,1,4),(-1.,-0.571428571429,
    -0.285714285714,0.E+000),.UNSPECIFIED.);
#10543 = CARTESIAN_POINT('',(0.999999999133,5.366621624966E-002,
    5.587899311019E-009));
#10544 = CARTESIAN_POINT('',(1.010773646622,6.191922741123E-002,
    5.587899295029E-009));
#10545 = CARTESIAN_POINT('',(1.031425724542,7.773948046303E-002,
    7.711849644372E-003));
#10546 = CARTESIAN_POINT('',(1.05037409007,9.225462701325E-002,
    3.839581592634E-002));
#10547 = CARTESIAN_POINT('',(1.05332683352,9.451653735257E-002,
    5.8127530753E-002));
#10548 = CARTESIAN_POINT('',(1.05332683352,9.451653735257E-002,
    6.717514980062E-002));
#10549 = ORIENTED_EDGE('',*,*,#10550,.T.);
#10550 = EDGE_CURVE('',#10540,#10522,#10551,.T.);
#10551 = B_SPLINE_CURVE_WITH_KNOTS('',3,(#10552,#10553,#10554,#10555),
  .UNSPECIFIED.,.F.,.F.,(4,4),(-2.847014395621E-002,-2.083762302976E-002
    ),.PIECEWISE_BEZIER_KNOTS.);
#10552 = CARTESIAN_POINT('',(1.05332683352,9.451653735257E-002,
    6.717514980062E-002));
#10553 = CARTESIAN_POINT('',(1.065132304839,7.910543660925E-002,
    6.717514980062E-002));
#10554 = CARTESIAN_POINT('',(1.079030191441,6.529924044242E-002,
    6.717514980062E-002));
#10555 = CARTESIAN_POINT('',(1.094519071259,5.359604751545E-002,
    6.717514980062E-002));
#10556 = B_SPLINE_SURFACE_WITH_KNOTS('',3,3,(
    (#10557,#10558,#10559,#10560)
    ,(#10561,#10562,#10563,#10564)
    ,(#10565,#10566,#10567,#10568)
    ,(#10569,#10570,#10571,#10572)
    ,(#10573,#10574,#10575,#10576)
    ,(#10577,#10578,#10579,#10580
  )),.UNSPECIFIED.,.F.,.F.,.F.,(4,1,1,4),(4,4),(0.E+000,0.285714285714,
    0.571428571429,1.),(2.083762302976E-002,2.847014395621E-002),
  .UNSPECIFIED.);
#10557 = CARTESIAN_POINT('',(1.094519071259,5.359604751545E-002,
    6.717514980062E-002));
#10558 = CARTESIAN_POINT('',(1.079030191441,6.529924044242E-002,
    6.717514980062E-002));
#10559 = CARTESIAN_POINT('',(1.065132304839,7.910543660925E-002,
    6.717514980062E-002));
#10560 = CARTESIAN_POINT('',(1.05332683352,9.451653735257E-002,
    6.717514980062E-002));
#10561 = CARTESIAN_POINT('',(1.094519071259,5.359604751545E-002,
    5.8127530753E-002));
#10562 = CARTESIAN_POINT('',(1.079028316859,6.530065685217E-002,
    5.8127530753E-002));
#10563 = CARTESIAN_POINT('',(1.065133733628,7.910357144018E-002,
    5.8127530753E-002));
#10564 = CARTESIAN_POINT('',(1.05332683352,9.451653735257E-002,
    5.8127530753E-002));
#10565 = CARTESIAN_POINT('',(1.092276754161,5.062839755358E-002,
    3.839581592634E-002));
#10566 = CARTESIAN_POINT('',(1.076519726277,6.253419961617E-002,
    3.839581592634E-002));
#10567 = CARTESIAN_POINT('',(1.062383941199,7.657672473807E-002,
    3.839581592634E-002));
#10568 = CARTESIAN_POINT('',(1.05037409007,9.225462701325E-002,
    3.839581592634E-002));
#10569 = CARTESIAN_POINT('',(1.077887341493,3.158437385481E-002,
    7.711849644372E-003));
#10570 = CARTESIAN_POINT('',(1.060421331796,4.478145999399E-002,
    7.711849644372E-003));
#10571 = CARTESIAN_POINT('',(1.044738144741,6.03611782101E-002,
    7.711849644372E-003));
#10572 = CARTESIAN_POINT('',(1.031425724542,7.773948046303E-002,
    7.711849644372E-003));
#10573 = CARTESIAN_POINT('',(1.062204127488,1.082803681087E-002,
    5.587899333558E-009));
#10574 = CARTESIAN_POINT('',(1.042855589157,2.544753671066E-002,
    5.587899339706E-009));
#10575 = CARTESIAN_POINT('',(1.025520911565,4.266784984456E-002,
    5.587899296092E-009));
#10576 = CARTESIAN_POINT('',(1.010773646622,6.191922741123E-002,
    5.587899295029E-009));
#10577 = CARTESIAN_POINT('',(1.054022606003,6.984061396697E-011,
    5.587899304403E-009));
#10578 = CARTESIAN_POINT('',(1.033709320997,1.534844981012E-002,
    5.587899306891E-009));
#10579 = CARTESIAN_POINT('',(1.015482584469,3.345493658629E-002,
    5.587899309123E-009));
#10580 = CARTESIAN_POINT('',(0.999999999133,5.366621624966E-002,
    5.587899311019E-009));
#10581 = ADVANCED_FACE('',(#10582),#10594,.T.);
#10582 = FACE_BOUND('',#10583,.T.);
#10583 = EDGE_LOOP('',(#10584,#10585,#10586,#10593));
#10584 = ORIENTED_EDGE('',*,*,#10254,.T.);
#10585 = ORIENTED_EDGE('',*,*,#10521,.F.);
#10586 = ORIENTED_EDGE('',*,*,#10587,.T.);
#10587 = EDGE_CURVE('',#10522,#10176,#10588,.T.);
#10588 = B_SPLINE_CURVE_WITH_KNOTS('',3,(#10589,#10590,#10591,#10592),
  .UNSPECIFIED.,.F.,.F.,(4,4),(-2.083762302976E-002,-2.546500538206E-003
    ),.PIECEWISE_BEZIER_KNOTS.);
#10589 = CARTESIAN_POINT('',(1.094519071259,5.359604751545E-002,
    6.717514980062E-002));
#10590 = CARTESIAN_POINT('',(1.131637737651,2.554967365914E-002,
    6.717514980062E-002));
#10591 = CARTESIAN_POINT('',(1.17803940598,1.000000006139E-002,
    6.717514980062E-002));
#10592 = CARTESIAN_POINT('',(1.224534038659,1.E-002,6.717514980062E-002)
  );
#10593 = ORIENTED_EDGE('',*,*,#10175,.T.);
#10594 = B_SPLINE_SURFACE_WITH_KNOTS('',3,3,(
    (#10595,#10596,#10597,#10598)
    ,(#10599,#10600,#10601,#10602)
    ,(#10603,#10604,#10605,#10606)
    ,(#10607,#10608,#10609,#10610)
    ,(#10611,#10612,#10613,#10614)
    ,(#10615,#10616,#10617,#10618
  )),.UNSPECIFIED.,.F.,.F.,.F.,(4,1,1,4),(4,4),(0.E+000,0.285714285714,
    0.571428571429,1.),(2.546499446776E-003,2.083762302976E-002),
  .UNSPECIFIED.);
#10595 = CARTESIAN_POINT('',(1.224534046982,1.E-002,6.717514980062E-002)
  );
#10596 = CARTESIAN_POINT('',(1.178039411517,9.99999820569E-003,
    6.717514980062E-002));
#10597 = CARTESIAN_POINT('',(1.131637739866,2.554967198561E-002,
    6.717514980062E-002));
#10598 = CARTESIAN_POINT('',(1.094519071259,5.359604751545E-002,
    6.717514980062E-002));
#10599 = CARTESIAN_POINT('',(1.224534046982,1.E-002,5.8127530753E-002));
#10600 = CARTESIAN_POINT('',(1.178033784381,9.999998205472E-003,
    5.8127530753E-002));
#10601 = CARTESIAN_POINT('',(1.13164223225,2.554627759913E-002,
    5.8127530753E-002));
#10602 = CARTESIAN_POINT('',(1.094519071259,5.359604751545E-002,
    5.8127530753E-002));
#10603 = CARTESIAN_POINT('',(1.224534047125,6.280119086486E-003,
    3.83951080109E-002));
#10604 = CARTESIAN_POINT('',(1.177234482787,6.280117261112E-003,
    3.83951080109E-002));
#10605 = CARTESIAN_POINT('',(1.130037822921,2.209619799483E-002,
    3.83951080109E-002));
#10606 = CARTESIAN_POINT('',(1.09227654495,5.062812066886E-002,
    3.83951080109E-002));
#10607 = CARTESIAN_POINT('',(1.224534048046,-1.758768550581E-002,
    7.713318152894E-003));
#10608 = CARTESIAN_POINT('',(1.172104449298,-1.758768752917E-002,
    7.713318152894E-003));
#10609 = CARTESIAN_POINT('',(1.119744669213,-4.13836095761E-005,
    7.713318152894E-003));
#10610 = CARTESIAN_POINT('',(1.077887863977,3.158506534916E-002,
    7.713318152894E-003));
#10611 = CARTESIAN_POINT('',(1.22453404905,-4.360371564129E-002,
    5.587899281848E-009));
#10612 = CARTESIAN_POINT('',(1.166453461748,-4.360371788273E-002,
    5.587899301838E-009));
#10613 = CARTESIAN_POINT('',(1.108572360103,-2.42071870641E-002,
    5.587899304573E-009));
#10614 = CARTESIAN_POINT('',(1.062204127488,1.082803681087E-002,
    5.587899309025E-009));
#10615 = CARTESIAN_POINT('',(1.224534049574,-5.717514421272E-002,
    5.587899283522E-009));
#10616 = CARTESIAN_POINT('',(1.163557478473,-5.717514656592E-002,
    5.587899290989E-009));
#10617 = CARTESIAN_POINT('',(1.102702827127,-3.678213177258E-002,
    5.587899298442E-009));
#10618 = CARTESIAN_POINT('',(1.054022606003,6.984043271031E-011,
    5.587899304403E-009));
#10619 = ADVANCED_FACE('',(#10620),#10641,.T.);
#10620 = FACE_BOUND('',#10621,.T.);
#10621 = EDGE_LOOP('',(#10622,#10623,#10633,#10640));
#10622 = ORIENTED_EDGE('',*,*,#9900,.T.);
#10623 = ORIENTED_EDGE('',*,*,#10624,.T.);
#10624 = EDGE_CURVE('',#9892,#10625,#10627,.T.);
#10625 = VERTEX_POINT('',#10626);
#10626 = CARTESIAN_POINT('',(1.008866470397,0.225667568262,
    6.717514980062E-002));
#10627 = B_SPLINE_CURVE_WITH_KNOTS('',3,(#10628,#10629,#10630,#10631,
    #10632),.UNSPECIFIED.,.F.,.F.,(4,1,4),(-0.338795985516,
    -0.285714285714,0.E+000),.UNSPECIFIED.);
#10628 = CARTESIAN_POINT('',(0.999998059512,0.225667568262,
    3.382062967028E-002));
#10629 = CARTESIAN_POINT('',(1.000968787978,0.225667568262,
    3.550243963889E-002));
#10630 = CARTESIAN_POINT('',(1.006660979137,0.225667568262,
    4.642831593635E-002));
#10631 = CARTESIAN_POINT('',(1.008866470397,0.225667568262,
    5.8127530753E-002));
#10632 = CARTESIAN_POINT('',(1.008866470397,0.225667568262,
    6.717514980062E-002));
#10633 = ORIENTED_EDGE('',*,*,#10634,.T.);
#10634 = EDGE_CURVE('',#10625,#10540,#10635,.T.);
#10635 = B_SPLINE_CURVE_WITH_KNOTS('',3,(#10636,#10637,#10638,#10639),
  .UNSPECIFIED.,.F.,.F.,(4,4),(-4.694833843575E-002,-2.847014395621E-002
    ),.PIECEWISE_BEZIER_KNOTS.);
#10636 = CARTESIAN_POINT('',(1.008866470397,0.225667568262,
    6.717514980062E-002));
#10637 = CARTESIAN_POINT('',(1.008866470397,0.178697372152,
    6.717514980062E-002));
#10638 = CARTESIAN_POINT('',(1.024746001962,0.131826532231,
    6.717514980062E-002));
#10639 = CARTESIAN_POINT('',(1.05332683352,9.451653735257E-002,
    6.717514980062E-002));
#10640 = ORIENTED_EDGE('',*,*,#10539,.F.);
#10641 = B_SPLINE_SURFACE_WITH_KNOTS('',3,3,(
    (#10642,#10643,#10644,#10645)
    ,(#10646,#10647,#10648,#10649)
    ,(#10650,#10651,#10652,#10653)
    ,(#10654,#10655,#10656,#10657)
    ,(#10658,#10659,#10660,#10661)
    ,(#10662,#10663,#10664,#10665
  )),.UNSPECIFIED.,.F.,.F.,.F.,(4,1,1,4),(4,4),(0.E+000,0.285714285714,
    0.571428571429,1.),(2.847014395621E-002,4.694833843575E-002),
  .UNSPECIFIED.);
#10642 = CARTESIAN_POINT('',(1.05332683352,9.451653735257E-002,
    6.717514980062E-002));
#10643 = CARTESIAN_POINT('',(1.024746001962,0.131826532231,
    6.717514980062E-002));
#10644 = CARTESIAN_POINT('',(1.008866470397,0.178697372152,
    6.717514980062E-002));
#10645 = CARTESIAN_POINT('',(1.008866470397,0.225667568262,
    6.717514980062E-002));
#10646 = CARTESIAN_POINT('',(1.05332683352,9.451653735257E-002,
    5.8127530753E-002));
#10647 = CARTESIAN_POINT('',(1.024742542892,0.131831047772,
    5.8127530753E-002));
#10648 = CARTESIAN_POINT('',(1.008866470397,0.17869168746,
    5.8127530753E-002));
#10649 = CARTESIAN_POINT('',(1.008866470397,0.225667568262,
    5.8127530753E-002));
#10650 = CARTESIAN_POINT('',(1.050373814576,9.225441597477E-002,
    3.839510801096E-002));
#10651 = CARTESIAN_POINT('',(1.021298183213,0.130210332515,
    3.839510801096E-002));
#10652 = CARTESIAN_POINT('',(1.005146589483,0.177884210231,
    3.839510801096E-002));
#10653 = CARTESIAN_POINT('',(1.005146589483,0.225667568262,
    3.839510801096E-002));
#10654 = CARTESIAN_POINT('',(1.031426412563,7.77400075124E-002,
    7.713318152755E-003));
#10655 = CARTESIAN_POINT('',(0.999197285148,0.119812561502,
    7.713318152755E-003));
#10656 = CARTESIAN_POINT('',(0.981278784891,0.172701704338,
    7.713318152755E-003));
#10657 = CARTESIAN_POINT('',(0.981278784891,0.225667568262,
    7.713318152755E-003));
#10658 = CARTESIAN_POINT('',(1.010773646622,6.191922741123E-002,
    5.587899316057E-009));
#10659 = CARTESIAN_POINT('',(0.975070786155,0.108526462701,
    5.587899320224E-009));
#10660 = CARTESIAN_POINT('',(0.955262754756,0.16699291583,
    5.58789931825E-009));
#10661 = CARTESIAN_POINT('',(0.955262754756,0.225667568262,
    5.58789931825E-009));
#10662 = CARTESIAN_POINT('',(0.999999999133,5.366621624966E-002,
    5.587899311019E-009));
#10663 = CARTESIAN_POINT('',(0.962516941352,0.102597357074,
    5.58789931561E-009));
#10664 = CARTESIAN_POINT('',(0.941691326184,0.164067311068,
    5.58789931816E-009));
#10665 = CARTESIAN_POINT('',(0.941691326184,0.225667568262,
    5.58789931816E-009));
#10666 = ADVANCED_FACE('',(#10667),#10679,.T.);
#10667 = FACE_BOUND('',#10668,.T.);
#10668 = EDGE_LOOP('',(#10669,#10670,#10677,#10678));
#10669 = ORIENTED_EDGE('',*,*,#9687,.F.);
#10670 = ORIENTED_EDGE('',*,*,#10671,.T.);
#10671 = EDGE_CURVE('',#9688,#10625,#10672,.T.);
#10672 = B_SPLINE_CURVE_WITH_KNOTS('',3,(#10673,#10674,#10675,#10676),
  .UNSPECIFIED.,.F.,.F.,(4,4),(-4.858149092785E-002,-4.694833843575E-002
    ),.PIECEWISE_BEZIER_KNOTS.);
#10673 = CARTESIAN_POINT('',(1.008866470397,0.242,6.717514980062E-002));
#10674 = CARTESIAN_POINT('',(1.008866470397,0.236556068567,
    6.717514980062E-002));
#10675 = CARTESIAN_POINT('',(1.008866470397,0.231111964556,
    6.717514980062E-002));
#10676 = CARTESIAN_POINT('',(1.008866470397,0.225667568262,
    6.717514980062E-002));
#10677 = ORIENTED_EDGE('',*,*,#10624,.F.);
#10678 = ORIENTED_EDGE('',*,*,#9891,.T.);
#10679 = B_SPLINE_SURFACE_WITH_KNOTS('',3,3,(
    (#10680,#10681,#10682,#10683)
    ,(#10684,#10685,#10686,#10687)
    ,(#10688,#10689,#10690,#10691)
    ,(#10692,#10693,#10694,#10695
    )),.UNSPECIFIED.,.F.,.F.,.F.,(4,4),(4,4),(0.E+000,0.338635614109),(
    4.694833843575E-002,4.858149092785E-002),.PIECEWISE_BEZIER_KNOTS.);
#10680 = CARTESIAN_POINT('',(1.008866470397,0.225667568262,
    6.717514980062E-002));
#10681 = CARTESIAN_POINT('',(1.008866470397,0.231111964556,
    6.717514980062E-002));
#10682 = CARTESIAN_POINT('',(1.008866470397,0.236556068567,
    6.717514980062E-002));
#10683 = CARTESIAN_POINT('',(1.008866470397,0.242,6.717514980062E-002));
#10684 = CARTESIAN_POINT('',(1.008866470397,0.225667568262,
    5.645168868718E-002));
#10685 = CARTESIAN_POINT('',(1.008866470397,0.231111964556,
    5.645168868718E-002));
#10686 = CARTESIAN_POINT('',(1.008866470397,0.236556068567,
    5.645168868718E-002));
#10687 = CARTESIAN_POINT('',(1.008866470397,0.242,5.645168868718E-002));
#10688 = CARTESIAN_POINT('',(1.006128758683,0.225667568262,
    4.45331356009E-002));
#10689 = CARTESIAN_POINT('',(1.006128758683,0.231111964556,
    4.45331356009E-002));
#10690 = CARTESIAN_POINT('',(1.006128758683,0.236556068567,
    4.45331356009E-002));
#10691 = CARTESIAN_POINT('',(1.006128758683,0.242,4.45331356009E-002));
#10692 = CARTESIAN_POINT('',(0.999999997881,0.225667568262,
    3.38195085238E-002));
#10693 = CARTESIAN_POINT('',(0.999999997881,0.231111964556,
    3.38195085238E-002));
#10694 = CARTESIAN_POINT('',(0.999999997881,0.236556068567,
    3.38195085238E-002));
#10695 = CARTESIAN_POINT('',(0.999999997881,0.242,3.38195085238E-002));
#10696 = ADVANCED_FACE('',(#10697),#10709,.T.);
#10697 = FACE_BOUND('',#10698,.T.);
#10698 = EDGE_LOOP('',(#10699,#10700,#10701,#10708));
#10699 = ORIENTED_EDGE('',*,*,#9779,.F.);
#10700 = ORIENTED_EDGE('',*,*,#10389,.F.);
#10701 = ORIENTED_EDGE('',*,*,#10702,.F.);
#10702 = EDGE_CURVE('',#10625,#10343,#10703,.T.);
#10703 = B_SPLINE_CURVE_WITH_KNOTS('',3,(#10704,#10705,#10706,#10707),
  .UNSPECIFIED.,.F.,.F.,(4,4),(-4.328248441209E-002,-6.717514470325E-003
    ),.PIECEWISE_BEZIER_KNOTS.);
#10704 = CARTESIAN_POINT('',(1.008866470397,0.225667568262,
    6.717514980062E-002));
#10705 = CARTESIAN_POINT('',(1.008866470397,0.225667568262,
    0.189058386038));
#10706 = CARTESIAN_POINT('',(1.008866470397,0.225667568262,
    0.310941613961));
#10707 = CARTESIAN_POINT('',(1.008866470397,0.225667568262,
    0.432824850199));
#10708 = ORIENTED_EDGE('',*,*,#10671,.F.);
#10709 = PLANE('',#10710);
#10710 = AXIS2_PLACEMENT_3D('',#10711,#10712,#10713);
#10711 = CARTESIAN_POINT('',(1.008866470397,-3.469446951954E-017,
    0.499999994412));
#10712 = DIRECTION('',(1.,0.E+000,-1.224646799147E-016));
#10713 = DIRECTION('',(-1.224646799147E-016,0.E+000,-1.));
#10714 = ADVANCED_FACE('',(#10715),#10720,.T.);
#10715 = FACE_BOUND('',#10716,.T.);
#10716 = EDGE_LOOP('',(#10717,#10718,#10719));
#10717 = ORIENTED_EDGE('',*,*,#10532,.F.);
#10718 = ORIENTED_EDGE('',*,*,#10246,.F.);
#10719 = ORIENTED_EDGE('',*,*,#9915,.T.);
#10720 = PLANE('',#10721);
#10721 = AXIS2_PLACEMENT_3D('',#10722,#10723,#10724);
#10722 = CARTESIAN_POINT('',(1.008866470397,-3.469446951954E-017,
    5.587899309933E-009));
#10723 = DIRECTION('',(-1.224646799147E-016,0.E+000,-1.));
#10724 = DIRECTION('',(-1.,0.E+000,1.224646799147E-016));
#10725 = ADVANCED_FACE('',(#10726),#10736,.T.);
#10726 = FACE_BOUND('',#10727,.T.);
#10727 = EDGE_LOOP('',(#10728,#10729,#10730,#10731,#10732,#10733,#10734,
    #10735));
#10728 = ORIENTED_EDGE('',*,*,#10426,.F.);
#10729 = ORIENTED_EDGE('',*,*,#10494,.T.);
#10730 = ORIENTED_EDGE('',*,*,#10587,.F.);
#10731 = ORIENTED_EDGE('',*,*,#10550,.F.);
#10732 = ORIENTED_EDGE('',*,*,#10634,.F.);
#10733 = ORIENTED_EDGE('',*,*,#10702,.T.);
#10734 = ORIENTED_EDGE('',*,*,#10342,.F.);
#10735 = ORIENTED_EDGE('',*,*,#10305,.F.);
#10736 = B_SPLINE_SURFACE_WITH_KNOTS('',3,3,(
    (#10737,#10738,#10739,#10740)
    ,(#10741,#10742,#10743,#10744)
    ,(#10745,#10746,#10747,#10748)
    ,(#10749,#10750,#10751,#10752)
    ,(#10753,#10754,#10755,#10756)
    ,(#10757,#10758,#10759,#10760)
    ,(#10761,#10762,#10763,#10764
    )),.UNSPECIFIED.,.F.,.F.,.F.,(4,1,1,1,4),(4,4),(0.E+000,
    0.285714285714,0.5,0.785714285714,1.),(6.717514470325E-003,
    4.328248441209E-002),.UNSPECIFIED.);
#10737 = CARTESIAN_POINT('',(1.008866470397,0.225667568262,
    0.432824850199));
#10738 = CARTESIAN_POINT('',(1.008866470397,0.225667568262,
    0.310941613961));
#10739 = CARTESIAN_POINT('',(1.008866470397,0.225667568262,
    0.189058386038));
#10740 = CARTESIAN_POINT('',(1.008866470397,0.225667568262,
    6.717514980062E-002));
#10741 = CARTESIAN_POINT('',(1.008866470397,0.196619949214,
    0.432824850199));
#10742 = CARTESIAN_POINT('',(1.008866470397,0.196619949214,
    0.310941613961));
#10743 = CARTESIAN_POINT('',(1.008866470397,0.196619949214,
    0.189058386038));
#10744 = CARTESIAN_POINT('',(1.008866470397,0.196619949214,
    6.717514980062E-002));
#10745 = CARTESIAN_POINT('',(1.019590291011,0.141122091179,
    0.432824850199));
#10746 = CARTESIAN_POINT('',(1.019590291011,0.141122091179,
    0.310941613961));
#10747 = CARTESIAN_POINT('',(1.019590291011,0.141122091179,
    0.189058386038));
#10748 = CARTESIAN_POINT('',(1.019590291011,0.141122091179,
    6.717514980062E-002));
#10749 = CARTESIAN_POINT('',(1.073634216815,6.258020828563E-002,
    0.432824850199));
#10750 = CARTESIAN_POINT('',(1.073634216815,6.258020828563E-002,
    0.310941613961));
#10751 = CARTESIAN_POINT('',(1.073634216815,6.258020828563E-002,
    0.189058386038));
#10752 = CARTESIAN_POINT('',(1.073634216815,6.258020828563E-002,
    6.717514980062E-002));
#10753 = CARTESIAN_POINT('',(1.14845771606,1.767109821384E-002,
    0.432824850199));
#10754 = CARTESIAN_POINT('',(1.14845771606,1.767109821384E-002,
    0.310941613961));
#10755 = CARTESIAN_POINT('',(1.14845771606,1.767109821384E-002,
    0.189058386038));
#10756 = CARTESIAN_POINT('',(1.14845771606,1.767109821384E-002,
    6.717514980062E-002));
#10757 = CARTESIAN_POINT('',(1.202748324373,1.E-002,0.432824850199));
#10758 = CARTESIAN_POINT('',(1.202748324373,1.E-002,0.310941613961));
#10759 = CARTESIAN_POINT('',(1.202748324373,1.E-002,0.189058386038));
#10760 = CARTESIAN_POINT('',(1.202748324373,1.E-002,6.717514980062E-002)
  );
#10761 = CARTESIAN_POINT('',(1.224534038659,1.E-002,0.432824850199));
#10762 = CARTESIAN_POINT('',(1.224534038659,1.E-002,0.310941613961));
#10763 = CARTESIAN_POINT('',(1.224534038659,1.E-002,0.189058386038));
#10764 = CARTESIAN_POINT('',(1.224534038659,1.E-002,6.717514980062E-002)
  );
#10765 = MANIFOLD_SOLID_BREP('',#10766);
#10766 = CLOSED_SHELL('',(#10767,#10807,#10838,#10860,#10900,#10931,
    #10962,#10993,#11024,#11055,#11086,#11117,#11148,#11179,#11201,
    #11225));
#10767 = ADVANCED_FACE('',(#10768),#10802,.T.);
#10768 = FACE_BOUND('',#10769,.T.);
#10769 = EDGE_LOOP('',(#10770,#10780,#10788,#10796));
#10770 = ORIENTED_EDGE('',*,*,#10771,.F.);
#10771 = EDGE_CURVE('',#10772,#10774,#10776,.T.);
#10772 = VERTEX_POINT('',#10773);
#10773 = CARTESIAN_POINT('',(0.450814077615,0.35,0.252812227097));
#10774 = VERTEX_POINT('',#10775);
#10775 = CARTESIAN_POINT('',(0.450814077615,0.35,0.172123752397));
#10776 = LINE('',#10777,#10778);
#10777 = CARTESIAN_POINT('',(0.450814077615,0.35,0.252812227097));
#10778 = VECTOR('',#10779,1.);
#10779 = DIRECTION('',(0.E+000,0.E+000,-1.));
#10780 = ORIENTED_EDGE('',*,*,#10781,.T.);
#10781 = EDGE_CURVE('',#10772,#10782,#10784,.T.);
#10782 = VERTEX_POINT('',#10783);
#10783 = CARTESIAN_POINT('',(0.450814077615,0.351,0.252812227097));
#10784 = LINE('',#10785,#10786);
#10785 = CARTESIAN_POINT('',(0.450814077615,0.35,0.252812227097));
#10786 = VECTOR('',#10787,1.);
#10787 = DIRECTION('',(0.E+000,1.,0.E+000));
#10788 = ORIENTED_EDGE('',*,*,#10789,.F.);
#10789 = EDGE_CURVE('',#10790,#10782,#10792,.T.);
#10790 = VERTEX_POINT('',#10791);
#10791 = CARTESIAN_POINT('',(0.450814077615,0.351,0.172123752397));
#10792 = LINE('',#10793,#10794);
#10793 = CARTESIAN_POINT('',(0.450814077615,0.351,0.252812227097));
#10794 = VECTOR('',#10795,1.);
#10795 = DIRECTION('',(0.E+000,0.E+000,1.));
#10796 = ORIENTED_EDGE('',*,*,#10797,.F.);
#10797 = EDGE_CURVE('',#10774,#10790,#10798,.T.);
#10798 = LINE('',#10799,#10800);
#10799 = CARTESIAN_POINT('',(0.450814077615,0.35,0.172123752397));
#10800 = VECTOR('',#10801,1.);
#10801 = DIRECTION('',(0.E+000,1.,0.E+000));
#10802 = PLANE('',#10803);
#10803 = AXIS2_PLACEMENT_3D('',#10804,#10805,#10806);
#10804 = CARTESIAN_POINT('',(0.450814077615,0.35,0.172123752397));
#10805 = DIRECTION('',(-1.,0.E+000,0.E+000));
#10806 = DIRECTION('',(0.E+000,0.E+000,1.));
#10807 = ADVANCED_FACE('',(#10808),#10833,.T.);
#10808 = FACE_BOUND('',#10809,.T.);
#10809 = EDGE_LOOP('',(#10810,#10818,#10819,#10827));
#10810 = ORIENTED_EDGE('',*,*,#10811,.F.);
#10811 = EDGE_CURVE('',#10774,#10812,#10814,.T.);
#10812 = VERTEX_POINT('',#10813);
#10813 = CARTESIAN_POINT('',(0.394783793002,0.35,0.252812227097));
#10814 = LINE('',#10815,#10816);
#10815 = CARTESIAN_POINT('',(0.450814077615,0.35,0.172123752397));
#10816 = VECTOR('',#10817,1.);
#10817 = DIRECTION('',(-0.570372607503,0.E+000,0.821386077682));
#10818 = ORIENTED_EDGE('',*,*,#10797,.T.);
#10819 = ORIENTED_EDGE('',*,*,#10820,.F.);
#10820 = EDGE_CURVE('',#10821,#10790,#10823,.T.);
#10821 = VERTEX_POINT('',#10822);
#10822 = CARTESIAN_POINT('',(0.394783793002,0.351,0.252812227097));
#10823 = LINE('',#10824,#10825);
#10824 = CARTESIAN_POINT('',(0.450814077615,0.351,0.172123752397));
#10825 = VECTOR('',#10826,1.);
#10826 = DIRECTION('',(0.570372607503,0.E+000,-0.821386077682));
#10827 = ORIENTED_EDGE('',*,*,#10828,.F.);
#10828 = EDGE_CURVE('',#10812,#10821,#10829,.T.);
#10829 = LINE('',#10830,#10831);
#10830 = CARTESIAN_POINT('',(0.394783793002,0.35,0.252812227097));
#10831 = VECTOR('',#10832,1.);
#10832 = DIRECTION('',(0.E+000,1.,0.E+000));
#10833 = PLANE('',#10834);
#10834 = AXIS2_PLACEMENT_3D('',#10835,#10836,#10837);
#10835 = CARTESIAN_POINT('',(0.394783793002,0.35,0.252812227097));
#10836 = DIRECTION('',(0.821386077682,0.E+000,0.570372607503));
#10837 = DIRECTION('',(0.570372607503,0.E+000,-0.821386077682));
#10838 = ADVANCED_FACE('',(#10839),#10855,.T.);
#10839 = FACE_BOUND('',#10840,.T.);
#10840 = EDGE_LOOP('',(#10841,#10847,#10848,#10854));
#10841 = ORIENTED_EDGE('',*,*,#10842,.F.);
#10842 = EDGE_CURVE('',#10812,#10772,#10843,.T.);
#10843 = LINE('',#10844,#10845);
#10844 = CARTESIAN_POINT('',(0.394783793002,0.35,0.252812227097));
#10845 = VECTOR('',#10846,1.);
#10846 = DIRECTION('',(1.,0.E+000,0.E+000));
#10847 = ORIENTED_EDGE('',*,*,#10828,.T.);
#10848 = ORIENTED_EDGE('',*,*,#10849,.F.);
#10849 = EDGE_CURVE('',#10782,#10821,#10850,.T.);
#10850 = LINE('',#10851,#10852);
#10851 = CARTESIAN_POINT('',(0.394783793002,0.351,0.252812227097));
#10852 = VECTOR('',#10853,1.);
#10853 = DIRECTION('',(-1.,0.E+000,0.E+000));
#10854 = ORIENTED_EDGE('',*,*,#10781,.F.);
#10855 = PLANE('',#10856);
#10856 = AXIS2_PLACEMENT_3D('',#10857,#10858,#10859);
#10857 = CARTESIAN_POINT('',(0.450814077615,0.35,0.252812227097));
#10858 = DIRECTION('',(0.E+000,0.E+000,-1.));
#10859 = DIRECTION('',(-1.,0.E+000,0.E+000));
#10860 = ADVANCED_FACE('',(#10861),#10895,.T.);
#10861 = FACE_BOUND('',#10862,.T.);
#10862 = EDGE_LOOP('',(#10863,#10873,#10881,#10889));
#10863 = ORIENTED_EDGE('',*,*,#10864,.F.);
#10864 = EDGE_CURVE('',#10865,#10867,#10869,.T.);
#10865 = VERTEX_POINT('',#10866);
#10866 = CARTESIAN_POINT('',(0.450814077615,0.35,0.315800515797));
#10867 = VERTEX_POINT('',#10868);
#10868 = CARTESIAN_POINT('',(0.450814077615,0.35,0.272953828659));
#10869 = LINE('',#10870,#10871);
#10870 = CARTESIAN_POINT('',(0.450814077615,0.35,0.315800515797));
#10871 = VECTOR('',#10872,1.);
#10872 = DIRECTION('',(0.E+000,0.E+000,-1.));
#10873 = ORIENTED_EDGE('',*,*,#10874,.T.);
#10874 = EDGE_CURVE('',#10865,#10875,#10877,.T.);
#10875 = VERTEX_POINT('',#10876);
#10876 = CARTESIAN_POINT('',(0.450814077615,0.351,0.315800515797));
#10877 = LINE('',#10878,#10879);
#10878 = CARTESIAN_POINT('',(0.450814077615,0.35,0.315800515797));
#10879 = VECTOR('',#10880,1.);
#10880 = DIRECTION('',(0.E+000,1.,0.E+000));
#10881 = ORIENTED_EDGE('',*,*,#10882,.F.);
#10882 = EDGE_CURVE('',#10883,#10875,#10885,.T.);
#10883 = VERTEX_POINT('',#10884);
#10884 = CARTESIAN_POINT('',(0.450814077615,0.351,0.272953828659));
#10885 = LINE('',#10886,#10887);
#10886 = CARTESIAN_POINT('',(0.450814077615,0.351,0.315800515797));
#10887 = VECTOR('',#10888,1.);
#10888 = DIRECTION('',(0.E+000,0.E+000,1.));
#10889 = ORIENTED_EDGE('',*,*,#10890,.F.);
#10890 = EDGE_CURVE('',#10867,#10883,#10891,.T.);
#10891 = LINE('',#10892,#10893);
#10892 = CARTESIAN_POINT('',(0.450814077615,0.35,0.272953828659));
#10893 = VECTOR('',#10894,1.);
#10894 = DIRECTION('',(0.E+000,1.,0.E+000));
#10895 = PLANE('',#10896);
#10896 = AXIS2_PLACEMENT_3D('',#10897,#10898,#10899);
#10897 = CARTESIAN_POINT('',(0.450814077615,0.35,0.272953828659));
#10898 = DIRECTION('',(-1.,0.E+000,0.E+000));
#10899 = DIRECTION('',(0.E+000,0.E+000,1.));
#10900 = ADVANCED_FACE('',(#10901),#10926,.T.);
#10901 = FACE_BOUND('',#10902,.T.);
#10902 = EDGE_LOOP('',(#10903,#10911,#10912,#10920));
#10903 = ORIENTED_EDGE('',*,*,#10904,.F.);
#10904 = EDGE_CURVE('',#10867,#10905,#10907,.T.);
#10905 = VERTEX_POINT('',#10906);
#10906 = CARTESIAN_POINT('',(0.373177351414,0.35,0.272953828659));
#10907 = LINE('',#10908,#10909);
#10908 = CARTESIAN_POINT('',(0.450814077615,0.35,0.272953828659));
#10909 = VECTOR('',#10910,1.);
#10910 = DIRECTION('',(-1.,0.E+000,0.E+000));
#10911 = ORIENTED_EDGE('',*,*,#10890,.T.);
#10912 = ORIENTED_EDGE('',*,*,#10913,.F.);
#10913 = EDGE_CURVE('',#10914,#10883,#10916,.T.);
#10914 = VERTEX_POINT('',#10915);
#10915 = CARTESIAN_POINT('',(0.373177351414,0.351,0.272953828659));
#10916 = LINE('',#10917,#10918);
#10917 = CARTESIAN_POINT('',(0.450814077615,0.351,0.272953828659));
#10918 = VECTOR('',#10919,1.);
#10919 = DIRECTION('',(1.,0.E+000,0.E+000));
#10920 = ORIENTED_EDGE('',*,*,#10921,.F.);
#10921 = EDGE_CURVE('',#10905,#10914,#10922,.T.);
#10922 = LINE('',#10923,#10924);
#10923 = CARTESIAN_POINT('',(0.373177351414,0.35,0.272953828659));
#10924 = VECTOR('',#10925,1.);
#10925 = DIRECTION('',(0.E+000,1.,0.E+000));
#10926 = PLANE('',#10927);
#10927 = AXIS2_PLACEMENT_3D('',#10928,#10929,#10930);
#10928 = CARTESIAN_POINT('',(0.373177351414,0.35,0.272953828659));
#10929 = DIRECTION('',(0.E+000,0.E+000,1.));
#10930 = DIRECTION('',(1.,0.E+000,-0.E+000));
#10931 = ADVANCED_FACE('',(#10932),#10957,.T.);
#10932 = FACE_BOUND('',#10933,.T.);
#10933 = EDGE_LOOP('',(#10934,#10942,#10943,#10951));
#10934 = ORIENTED_EDGE('',*,*,#10935,.F.);
#10935 = EDGE_CURVE('',#10905,#10936,#10938,.T.);
#10936 = VERTEX_POINT('',#10937);
#10937 = CARTESIAN_POINT('',(0.373177351414,0.35,0.252812227097));
#10938 = LINE('',#10939,#10940);
#10939 = CARTESIAN_POINT('',(0.373177351414,0.35,0.272953828659));
#10940 = VECTOR('',#10941,1.);
#10941 = DIRECTION('',(0.E+000,0.E+000,-1.));
#10942 = ORIENTED_EDGE('',*,*,#10921,.T.);
#10943 = ORIENTED_EDGE('',*,*,#10944,.F.);
#10944 = EDGE_CURVE('',#10945,#10914,#10947,.T.);
#10945 = VERTEX_POINT('',#10946);
#10946 = CARTESIAN_POINT('',(0.373177351414,0.351,0.252812227097));
#10947 = LINE('',#10948,#10949);
#10948 = CARTESIAN_POINT('',(0.373177351414,0.351,0.272953828659));
#10949 = VECTOR('',#10950,1.);
#10950 = DIRECTION('',(0.E+000,0.E+000,1.));
#10951 = ORIENTED_EDGE('',*,*,#10952,.F.);
#10952 = EDGE_CURVE('',#10936,#10945,#10953,.T.);
#10953 = LINE('',#10954,#10955);
#10954 = CARTESIAN_POINT('',(0.373177351414,0.35,0.252812227097));
#10955 = VECTOR('',#10956,1.);
#10956 = DIRECTION('',(0.E+000,1.,0.E+000));
#10957 = PLANE('',#10958);
#10958 = AXIS2_PLACEMENT_3D('',#10959,#10960,#10961);
#10959 = CARTESIAN_POINT('',(0.373177351414,0.35,0.252812227097));
#10960 = DIRECTION('',(-1.,0.E+000,0.E+000));
#10961 = DIRECTION('',(0.E+000,0.E+000,1.));
#10962 = ADVANCED_FACE('',(#10963),#10988,.T.);
#10963 = FACE_BOUND('',#10964,.T.);
#10964 = EDGE_LOOP('',(#10965,#10973,#10974,#10982));
#10965 = ORIENTED_EDGE('',*,*,#10966,.F.);
#10966 = EDGE_CURVE('',#10936,#10967,#10969,.T.);
#10967 = VERTEX_POINT('',#10968);
#10968 = CARTESIAN_POINT('',(0.454842383026,0.35,0.136845430222));
#10969 = LINE('',#10970,#10971);
#10970 = CARTESIAN_POINT('',(0.373177351414,0.35,0.252812227097));
#10971 = VECTOR('',#10972,1.);
#10972 = DIRECTION('',(0.575770481019,0.E+000,-0.81761137051));
#10973 = ORIENTED_EDGE('',*,*,#10952,.T.);
#10974 = ORIENTED_EDGE('',*,*,#10975,.F.);
#10975 = EDGE_CURVE('',#10976,#10945,#10978,.T.);
#10976 = VERTEX_POINT('',#10977);
#10977 = CARTESIAN_POINT('',(0.454842383026,0.351,0.136845430222));
#10978 = LINE('',#10979,#10980);
#10979 = CARTESIAN_POINT('',(0.373177351414,0.351,0.252812227097));
#10980 = VECTOR('',#10981,1.);
#10981 = DIRECTION('',(-0.575770481019,0.E+000,0.81761137051));
#10982 = ORIENTED_EDGE('',*,*,#10983,.F.);
#10983 = EDGE_CURVE('',#10967,#10976,#10984,.T.);
#10984 = LINE('',#10985,#10986);
#10985 = CARTESIAN_POINT('',(0.454842383026,0.35,0.136845430222));
#10986 = VECTOR('',#10987,1.);
#10987 = DIRECTION('',(0.E+000,1.,0.E+000));
#10988 = PLANE('',#10989);
#10989 = AXIS2_PLACEMENT_3D('',#10990,#10991,#10992);
#10990 = CARTESIAN_POINT('',(0.454842383026,0.35,0.136845430222));
#10991 = DIRECTION('',(-0.81761137051,0.E+000,-0.575770481019));
#10992 = DIRECTION('',(-0.575770481019,0.E+000,0.81761137051));
#10993 = ADVANCED_FACE('',(#10994),#11019,.T.);
#10994 = FACE_BOUND('',#10995,.T.);
#10995 = EDGE_LOOP('',(#10996,#11004,#11005,#11013));
#10996 = ORIENTED_EDGE('',*,*,#10997,.F.);
#10997 = EDGE_CURVE('',#10967,#10998,#11000,.T.);
#10998 = VERTEX_POINT('',#10999);
#10999 = CARTESIAN_POINT('',(0.472786733865,0.35,0.136845430222));
#11000 = LINE('',#11001,#11002);
#11001 = CARTESIAN_POINT('',(0.454842383026,0.35,0.136845430222));
#11002 = VECTOR('',#11003,1.);
#11003 = DIRECTION('',(1.,0.E+000,0.E+000));
#11004 = ORIENTED_EDGE('',*,*,#10983,.T.);
#11005 = ORIENTED_EDGE('',*,*,#11006,.F.);
#11006 = EDGE_CURVE('',#11007,#10976,#11009,.T.);
#11007 = VERTEX_POINT('',#11008);
#11008 = CARTESIAN_POINT('',(0.472786733865,0.351,0.136845430222));
#11009 = LINE('',#11010,#11011);
#11010 = CARTESIAN_POINT('',(0.454842383026,0.351,0.136845430222));
#11011 = VECTOR('',#11012,1.);
#11012 = DIRECTION('',(-1.,0.E+000,0.E+000));
#11013 = ORIENTED_EDGE('',*,*,#11014,.F.);
#11014 = EDGE_CURVE('',#10998,#11007,#11015,.T.);
#11015 = LINE('',#11016,#11017);
#11016 = CARTESIAN_POINT('',(0.472786733865,0.35,0.136845430222));
#11017 = VECTOR('',#11018,1.);
#11018 = DIRECTION('',(0.E+000,1.,0.E+000));
#11019 = PLANE('',#11020);
#11020 = AXIS2_PLACEMENT_3D('',#11021,#11022,#11023);
#11021 = CARTESIAN_POINT('',(0.472786733865,0.35,0.136845430222));
#11022 = DIRECTION('',(0.E+000,0.E+000,-1.));
#11023 = DIRECTION('',(-1.,0.E+000,0.E+000));
#11024 = ADVANCED_FACE('',(#11025),#11050,.T.);
#11025 = FACE_BOUND('',#11026,.T.);
#11026 = EDGE_LOOP('',(#11027,#11035,#11036,#11044));
#11027 = ORIENTED_EDGE('',*,*,#11028,.F.);
#11028 = EDGE_CURVE('',#10998,#11029,#11031,.T.);
#11029 = VERTEX_POINT('',#11030);
#11030 = CARTESIAN_POINT('',(0.472786733865,0.35,0.252812227097));
#11031 = LINE('',#11032,#11033);
#11032 = CARTESIAN_POINT('',(0.472786733865,0.35,0.136845430222));
#11033 = VECTOR('',#11034,1.);
#11034 = DIRECTION('',(0.E+000,0.E+000,1.));
#11035 = ORIENTED_EDGE('',*,*,#11014,.T.);
#11036 = ORIENTED_EDGE('',*,*,#11037,.F.);
#11037 = EDGE_CURVE('',#11038,#11007,#11040,.T.);
#11038 = VERTEX_POINT('',#11039);
#11039 = CARTESIAN_POINT('',(0.472786733865,0.351,0.252812227097));
#11040 = LINE('',#11041,#11042);
#11041 = CARTESIAN_POINT('',(0.472786733865,0.351,0.136845430222));
#11042 = VECTOR('',#11043,1.);
#11043 = DIRECTION('',(0.E+000,0.E+000,-1.));
#11044 = ORIENTED_EDGE('',*,*,#11045,.F.);
#11045 = EDGE_CURVE('',#11029,#11038,#11046,.T.);
#11046 = LINE('',#11047,#11048);
#11047 = CARTESIAN_POINT('',(0.472786733865,0.35,0.252812227097));
#11048 = VECTOR('',#11049,1.);
#11049 = DIRECTION('',(0.E+000,1.,0.E+000));
#11050 = PLANE('',#11051);
#11051 = AXIS2_PLACEMENT_3D('',#11052,#11053,#11054);
#11052 = CARTESIAN_POINT('',(0.472786733865,0.35,0.252812227097));
#11053 = DIRECTION('',(1.,0.E+000,0.E+000));
#11054 = DIRECTION('',(0.E+000,0.E+000,-1.));
#11055 = ADVANCED_FACE('',(#11056),#11081,.T.);
#11056 = FACE_BOUND('',#11057,.T.);
#11057 = EDGE_LOOP('',(#11058,#11066,#11067,#11075));
#11058 = ORIENTED_EDGE('',*,*,#11059,.F.);
#11059 = EDGE_CURVE('',#11029,#11060,#11062,.T.);
#11060 = VERTEX_POINT('',#11061);
#11061 = CARTESIAN_POINT('',(0.496956640839,0.35,0.252812227097));
#11062 = LINE('',#11063,#11064);
#11063 = CARTESIAN_POINT('',(0.472786733865,0.35,0.252812227097));
#11064 = VECTOR('',#11065,1.);
#11065 = DIRECTION('',(1.,0.E+000,0.E+000));
#11066 = ORIENTED_EDGE('',*,*,#11045,.T.);
#11067 = ORIENTED_EDGE('',*,*,#11068,.F.);
#11068 = EDGE_CURVE('',#11069,#11038,#11071,.T.);
#11069 = VERTEX_POINT('',#11070);
#11070 = CARTESIAN_POINT('',(0.496956640839,0.351,0.252812227097));
#11071 = LINE('',#11072,#11073);
#11072 = CARTESIAN_POINT('',(0.472786733865,0.351,0.252812227097));
#11073 = VECTOR('',#11074,1.);
#11074 = DIRECTION('',(-1.,0.E+000,0.E+000));
#11075 = ORIENTED_EDGE('',*,*,#11076,.F.);
#11076 = EDGE_CURVE('',#11060,#11069,#11077,.T.);
#11077 = LINE('',#11078,#11079);
#11078 = CARTESIAN_POINT('',(0.496956640839,0.35,0.252812227097));
#11079 = VECTOR('',#11080,1.);
#11080 = DIRECTION('',(0.E+000,1.,0.E+000));
#11081 = PLANE('',#11082);
#11082 = AXIS2_PLACEMENT_3D('',#11083,#11084,#11085);
#11083 = CARTESIAN_POINT('',(0.496956640839,0.35,0.252812227097));
#11084 = DIRECTION('',(0.E+000,0.E+000,-1.));
#11085 = DIRECTION('',(-1.,0.E+000,0.E+000));
#11086 = ADVANCED_FACE('',(#11087),#11112,.T.);
#11087 = FACE_BOUND('',#11088,.T.);
#11088 = EDGE_LOOP('',(#11089,#11097,#11098,#11106));
#11089 = ORIENTED_EDGE('',*,*,#11090,.F.);
#11090 = EDGE_CURVE('',#11060,#11091,#11093,.T.);
#11091 = VERTEX_POINT('',#11092);
#11092 = CARTESIAN_POINT('',(0.496956640839,0.35,0.272953828659));
#11093 = LINE('',#11094,#11095);
#11094 = CARTESIAN_POINT('',(0.496956640839,0.35,0.252812227097));
#11095 = VECTOR('',#11096,1.);
#11096 = DIRECTION('',(0.E+000,0.E+000,1.));
#11097 = ORIENTED_EDGE('',*,*,#11076,.T.);
#11098 = ORIENTED_EDGE('',*,*,#11099,.F.);
#11099 = EDGE_CURVE('',#11100,#11069,#11102,.T.);
#11100 = VERTEX_POINT('',#11101);
#11101 = CARTESIAN_POINT('',(0.496956640839,0.351,0.272953828659));
#11102 = LINE('',#11103,#11104);
#11103 = CARTESIAN_POINT('',(0.496956640839,0.351,0.252812227097));
#11104 = VECTOR('',#11105,1.);
#11105 = DIRECTION('',(0.E+000,0.E+000,-1.));
#11106 = ORIENTED_EDGE('',*,*,#11107,.F.);
#11107 = EDGE_CURVE('',#11091,#11100,#11108,.T.);
#11108 = LINE('',#11109,#11110);
#11109 = CARTESIAN_POINT('',(0.496956640839,0.35,0.272953828659));
#11110 = VECTOR('',#11111,1.);
#11111 = DIRECTION('',(0.E+000,1.,0.E+000));
#11112 = PLANE('',#11113);
#11113 = AXIS2_PLACEMENT_3D('',#11114,#11115,#11116);
#11114 = CARTESIAN_POINT('',(0.496956640839,0.35,0.272953828659));
#11115 = DIRECTION('',(1.,0.E+000,0.E+000));
#11116 = DIRECTION('',(0.E+000,0.E+000,-1.));
#11117 = ADVANCED_FACE('',(#11118),#11143,.T.);
#11118 = FACE_BOUND('',#11119,.T.);
#11119 = EDGE_LOOP('',(#11120,#11128,#11129,#11137));
#11120 = ORIENTED_EDGE('',*,*,#11121,.F.);
#11121 = EDGE_CURVE('',#11091,#11122,#11124,.T.);
#11122 = VERTEX_POINT('',#11123);
#11123 = CARTESIAN_POINT('',(0.472786733865,0.35,0.272953828659));
#11124 = LINE('',#11125,#11126);
#11125 = CARTESIAN_POINT('',(0.496956640839,0.35,0.272953828659));
#11126 = VECTOR('',#11127,1.);
#11127 = DIRECTION('',(-1.,0.E+000,0.E+000));
#11128 = ORIENTED_EDGE('',*,*,#11107,.T.);
#11129 = ORIENTED_EDGE('',*,*,#11130,.F.);
#11130 = EDGE_CURVE('',#11131,#11100,#11133,.T.);
#11131 = VERTEX_POINT('',#11132);
#11132 = CARTESIAN_POINT('',(0.472786733865,0.351,0.272953828659));
#11133 = LINE('',#11134,#11135);
#11134 = CARTESIAN_POINT('',(0.496956640839,0.351,0.272953828659));
#11135 = VECTOR('',#11136,1.);
#11136 = DIRECTION('',(1.,0.E+000,0.E+000));
#11137 = ORIENTED_EDGE('',*,*,#11138,.F.);
#11138 = EDGE_CURVE('',#11122,#11131,#11139,.T.);
#11139 = LINE('',#11140,#11141);
#11140 = CARTESIAN_POINT('',(0.472786733865,0.35,0.272953828659));
#11141 = VECTOR('',#11142,1.);
#11142 = DIRECTION('',(0.E+000,1.,0.E+000));
#11143 = PLANE('',#11144);
#11144 = AXIS2_PLACEMENT_3D('',#11145,#11146,#11147);
#11145 = CARTESIAN_POINT('',(0.472786733865,0.35,0.272953828659));
#11146 = DIRECTION('',(0.E+000,0.E+000,1.));
#11147 = DIRECTION('',(1.,0.E+000,-0.E+000));
#11148 = ADVANCED_FACE('',(#11149),#11174,.T.);
#11149 = FACE_BOUND('',#11150,.T.);
#11150 = EDGE_LOOP('',(#11151,#11159,#11160,#11168));
#11151 = ORIENTED_EDGE('',*,*,#11152,.F.);
#11152 = EDGE_CURVE('',#11122,#11153,#11155,.T.);
#11153 = VERTEX_POINT('',#11154);
#11154 = CARTESIAN_POINT('',(0.472786733865,0.35,0.315800515797));
#11155 = LINE('',#11156,#11157);
#11156 = CARTESIAN_POINT('',(0.472786733865,0.35,0.272953828659));
#11157 = VECTOR('',#11158,1.);
#11158 = DIRECTION('',(0.E+000,0.E+000,1.));
#11159 = ORIENTED_EDGE('',*,*,#11138,.T.);
#11160 = ORIENTED_EDGE('',*,*,#11161,.F.);
#11161 = EDGE_CURVE('',#11162,#11131,#11164,.T.);
#11162 = VERTEX_POINT('',#11163);
#11163 = CARTESIAN_POINT('',(0.472786733865,0.351,0.315800515797));
#11164 = LINE('',#11165,#11166);
#11165 = CARTESIAN_POINT('',(0.472786733865,0.351,0.272953828659));
#11166 = VECTOR('',#11167,1.);
#11167 = DIRECTION('',(0.E+000,0.E+000,-1.));
#11168 = ORIENTED_EDGE('',*,*,#11169,.F.);
#11169 = EDGE_CURVE('',#11153,#11162,#11170,.T.);
#11170 = LINE('',#11171,#11172);
#11171 = CARTESIAN_POINT('',(0.472786733865,0.35,0.315800515797));
#11172 = VECTOR('',#11173,1.);
#11173 = DIRECTION('',(0.E+000,1.,0.E+000));
#11174 = PLANE('',#11175);
#11175 = AXIS2_PLACEMENT_3D('',#11176,#11177,#11178);
#11176 = CARTESIAN_POINT('',(0.472786733865,0.35,0.315800515797));
#11177 = DIRECTION('',(1.,0.E+000,0.E+000));
#11178 = DIRECTION('',(0.E+000,0.E+000,-1.));
#11179 = ADVANCED_FACE('',(#11180),#11196,.T.);
#11180 = FACE_BOUND('',#11181,.T.);
#11181 = EDGE_LOOP('',(#11182,#11188,#11189,#11195));
#11182 = ORIENTED_EDGE('',*,*,#11183,.F.);
#11183 = EDGE_CURVE('',#11153,#10865,#11184,.T.);
#11184 = LINE('',#11185,#11186);
#11185 = CARTESIAN_POINT('',(0.472786733865,0.35,0.315800515797));
#11186 = VECTOR('',#11187,1.);
#11187 = DIRECTION('',(-1.,0.E+000,0.E+000));
#11188 = ORIENTED_EDGE('',*,*,#11169,.T.);
#11189 = ORIENTED_EDGE('',*,*,#11190,.F.);
#11190 = EDGE_CURVE('',#10875,#11162,#11191,.T.);
#11191 = LINE('',#11192,#11193);
#11192 = CARTESIAN_POINT('',(0.472786733865,0.351,0.315800515797));
#11193 = VECTOR('',#11194,1.);
#11194 = DIRECTION('',(1.,0.E+000,0.E+000));
#11195 = ORIENTED_EDGE('',*,*,#10874,.F.);
#11196 = PLANE('',#11197);
#11197 = AXIS2_PLACEMENT_3D('',#11198,#11199,#11200);
#11198 = CARTESIAN_POINT('',(0.450814077615,0.35,0.315800515797));
#11199 = DIRECTION('',(0.E+000,0.E+000,1.));
#11200 = DIRECTION('',(1.,0.E+000,-0.E+000));
#11201 = ADVANCED_FACE('',(#11202,#11215),#11220,.T.);
#11202 = FACE_BOUND('',#11203,.T.);
#11203 = EDGE_LOOP('',(#11204,#11205,#11206,#11207,#11208,#11209,#11210,
    #11211,#11212,#11213,#11214));
#11204 = ORIENTED_EDGE('',*,*,#11190,.T.);
#11205 = ORIENTED_EDGE('',*,*,#11161,.T.);
#11206 = ORIENTED_EDGE('',*,*,#11130,.T.);
#11207 = ORIENTED_EDGE('',*,*,#11099,.T.);
#11208 = ORIENTED_EDGE('',*,*,#11068,.T.);
#11209 = ORIENTED_EDGE('',*,*,#11037,.T.);
#11210 = ORIENTED_EDGE('',*,*,#11006,.T.);
#11211 = ORIENTED_EDGE('',*,*,#10975,.T.);
#11212 = ORIENTED_EDGE('',*,*,#10944,.T.);
#11213 = ORIENTED_EDGE('',*,*,#10913,.T.);
#11214 = ORIENTED_EDGE('',*,*,#10882,.T.);
#11215 = FACE_BOUND('',#11216,.T.);
#11216 = EDGE_LOOP('',(#11217,#11218,#11219));
#11217 = ORIENTED_EDGE('',*,*,#10849,.T.);
#11218 = ORIENTED_EDGE('',*,*,#10820,.T.);
#11219 = ORIENTED_EDGE('',*,*,#10789,.T.);
#11220 = PLANE('',#11221);
#11221 = AXIS2_PLACEMENT_3D('',#11222,#11223,#11224);
#11222 = CARTESIAN_POINT('',(0.507637811809,0.351,0.227482646566));
#11223 = DIRECTION('',(0.E+000,1.,0.E+000));
#11224 = DIRECTION('',(0.E+000,-0.E+000,1.));
#11225 = ADVANCED_FACE('',(#11226,#11239),#11244,.F.);
#11226 = FACE_BOUND('',#11227,.T.);
#11227 = EDGE_LOOP('',(#11228,#11229,#11230,#11231,#11232,#11233,#11234,
    #11235,#11236,#11237,#11238));
#11228 = ORIENTED_EDGE('',*,*,#11183,.T.);
#11229 = ORIENTED_EDGE('',*,*,#10864,.T.);
#11230 = ORIENTED_EDGE('',*,*,#10904,.T.);
#11231 = ORIENTED_EDGE('',*,*,#10935,.T.);
#11232 = ORIENTED_EDGE('',*,*,#10966,.T.);
#11233 = ORIENTED_EDGE('',*,*,#10997,.T.);
#11234 = ORIENTED_EDGE('',*,*,#11028,.T.);
#11235 = ORIENTED_EDGE('',*,*,#11059,.T.);
#11236 = ORIENTED_EDGE('',*,*,#11090,.T.);
#11237 = ORIENTED_EDGE('',*,*,#11121,.T.);
#11238 = ORIENTED_EDGE('',*,*,#11152,.T.);
#11239 = FACE_BOUND('',#11240,.T.);
#11240 = EDGE_LOOP('',(#11241,#11242,#11243));
#11241 = ORIENTED_EDGE('',*,*,#10842,.T.);
#11242 = ORIENTED_EDGE('',*,*,#10771,.T.);
#11243 = ORIENTED_EDGE('',*,*,#10811,.T.);
#11244 = PLANE('',#11245);
#11245 = AXIS2_PLACEMENT_3D('',#11246,#11247,#11248);
#11246 = CARTESIAN_POINT('',(0.507637811809,0.35,0.227482646566));
#11247 = DIRECTION('',(0.E+000,1.,0.E+000));
#11248 = DIRECTION('',(-1.,0.E+000,0.E+000));
#11249 = MANIFOLD_SOLID_BREP('',#11250);
#11250 = CLOSED_SHELL('',(#11251,#11301,#11342,#11383,#11424,#11465,
    #11506,#11547,#11579,#11629,#11670,#11711,#11752,#11793,#11834,
    #11875,#11916,#11957,#11998,#12039,#12071,#12101));
#11251 = ADVANCED_FACE('',(#11252),#11290,.T.);
#11252 = FACE_BOUND('',#11253,.T.);
#11253 = EDGE_LOOP('',(#11254,#11266,#11274,#11284));
#11254 = ORIENTED_EDGE('',*,*,#11255,.F.);
#11255 = EDGE_CURVE('',#11256,#11258,#11260,.T.);
#11256 = VERTEX_POINT('',#11257);
#11257 = CARTESIAN_POINT('',(0.542000597327,0.35,0.227543676135));
#11258 = VERTEX_POINT('',#11259);
#11259 = CARTESIAN_POINT('',(0.552315535008,0.35,0.286198465016));
#11260 = B_SPLINE_CURVE_WITH_KNOTS('',3,(#11261,#11262,#11263,#11264,
    #11265),.UNSPECIFIED.,.F.,.F.,(4,1,4),(0.E+000,3.678788059792E-003,
    6.006826366382E-003),.UNSPECIFIED.);
#11261 = CARTESIAN_POINT('',(0.542000597327,0.35,0.227543676135));
#11262 = CARTESIAN_POINT('',(0.541875578755,0.35,0.239980293303));
#11263 = CARTESIAN_POINT('',(0.541671444991,0.35,0.260287144012));
#11264 = CARTESIAN_POINT('',(0.549342499419,0.35,0.278961089217));
#11265 = CARTESIAN_POINT('',(0.552315535008,0.35,0.286198465016));
#11266 = ORIENTED_EDGE('',*,*,#11267,.T.);
#11267 = EDGE_CURVE('',#11256,#11268,#11270,.T.);
#11268 = VERTEX_POINT('',#11269);
#11269 = CARTESIAN_POINT('',(0.542000597327,0.351,0.227543676135));
#11270 = LINE('',#11271,#11272);
#11271 = CARTESIAN_POINT('',(0.542000597327,0.35,0.227543676135));
#11272 = VECTOR('',#11273,1.);
#11273 = DIRECTION('',(0.E+000,1.,0.E+000));
#11274 = ORIENTED_EDGE('',*,*,#11275,.F.);
#11275 = EDGE_CURVE('',#11276,#11268,#11278,.T.);
#11276 = VERTEX_POINT('',#11277);
#11277 = CARTESIAN_POINT('',(0.552315535008,0.351,0.286198465016));
#11278 = B_SPLINE_CURVE_WITH_KNOTS('',3,(#11279,#11280,#11281,#11282,
    #11283),.UNSPECIFIED.,.F.,.F.,(4,1,4),(-6.006826366382E-003,
    -3.678788059792E-003,0.E+000),.UNSPECIFIED.);
#11279 = CARTESIAN_POINT('',(0.552315535008,0.351,0.286198465016));
#11280 = CARTESIAN_POINT('',(0.549342499419,0.351,0.278961089217));
#11281 = CARTESIAN_POINT('',(0.541671444991,0.351,0.260287144012));
#11282 = CARTESIAN_POINT('',(0.541875578755,0.351,0.239980293303));
#11283 = CARTESIAN_POINT('',(0.542000597327,0.351,0.227543676135));
#11284 = ORIENTED_EDGE('',*,*,#11285,.F.);
#11285 = EDGE_CURVE('',#11258,#11276,#11286,.T.);
#11286 = LINE('',#11287,#11288);
#11287 = CARTESIAN_POINT('',(0.552315535008,0.35,0.286198465016));
#11288 = VECTOR('',#11289,1.);
#11289 = DIRECTION('',(0.E+000,1.,0.E+000));
#11290 = B_SPLINE_SURFACE_WITH_KNOTS('',3,1,(
    (#11291,#11292)
    ,(#11293,#11294)
    ,(#11295,#11296)
    ,(#11297,#11298)
    ,(#11299,#11300
    )),.UNSPECIFIED.,.F.,.F.,.F.,(4,1,4),(2,2),(-6.006826366382E-003,
    -3.678788059792E-003,0.E+000),(0.E+000,1.E-004),.UNSPECIFIED.);
#11291 = CARTESIAN_POINT('',(0.552315535008,0.35,0.286198465016));
#11292 = CARTESIAN_POINT('',(0.552315535008,0.351,0.286198465016));
#11293 = CARTESIAN_POINT('',(0.549342499419,0.35,0.278961089217));
#11294 = CARTESIAN_POINT('',(0.549342499419,0.351,0.278961089217));
#11295 = CARTESIAN_POINT('',(0.541671444991,0.35,0.260287144012));
#11296 = CARTESIAN_POINT('',(0.541671444991,0.351,0.260287144012));
#11297 = CARTESIAN_POINT('',(0.541875578755,0.35,0.239980293303));
#11298 = CARTESIAN_POINT('',(0.541875578755,0.351,0.239980293303));
#11299 = CARTESIAN_POINT('',(0.542000597327,0.35,0.227543676135));
#11300 = CARTESIAN_POINT('',(0.542000597327,0.351,0.227543676135));
#11301 = ADVANCED_FACE('',(#11302),#11331,.T.);
#11302 = FACE_BOUND('',#11303,.T.);
#11303 = EDGE_LOOP('',(#11304,#11314,#11315,#11325));
#11304 = ORIENTED_EDGE('',*,*,#11305,.F.);
#11305 = EDGE_CURVE('',#11258,#11306,#11308,.T.);
#11306 = VERTEX_POINT('',#11307);
#11307 = CARTESIAN_POINT('',(0.577767202615,0.35,0.300785863635));
#11308 = B_SPLINE_CURVE_WITH_KNOTS('',3,(#11309,#11310,#11311,#11312,
    #11313),.UNSPECIFIED.,.F.,.F.,(4,1,4),(0.E+000,1.58875802108E-003,
    3.028827550318E-003),.UNSPECIFIED.);
#11309 = CARTESIAN_POINT('',(0.552315535008,0.35,0.286198465016));
#11310 = CARTESIAN_POINT('',(0.555819140194,0.35,0.290450049373));
#11311 = CARTESIAN_POINT('',(0.562498455591,0.35,0.298555321329));
#11312 = CARTESIAN_POINT('',(0.572846960115,0.35,0.300067087626));
#11313 = CARTESIAN_POINT('',(0.577767202615,0.35,0.300785863635));
#11314 = ORIENTED_EDGE('',*,*,#11285,.T.);
#11315 = ORIENTED_EDGE('',*,*,#11316,.F.);
#11316 = EDGE_CURVE('',#11317,#11276,#11319,.T.);
#11317 = VERTEX_POINT('',#11318);
#11318 = CARTESIAN_POINT('',(0.577767202615,0.351,0.300785863635));
#11319 = B_SPLINE_CURVE_WITH_KNOTS('',3,(#11320,#11321,#11322,#11323,
    #11324),.UNSPECIFIED.,.F.,.F.,(4,1,4),(-3.028827550318E-003,
    -1.58875802108E-003,0.E+000),.UNSPECIFIED.);
#11320 = CARTESIAN_POINT('',(0.577767202615,0.351,0.300785863635));
#11321 = CARTESIAN_POINT('',(0.572846960115,0.351,0.300067087626));
#11322 = CARTESIAN_POINT('',(0.562498455591,0.351,0.298555321329));
#11323 = CARTESIAN_POINT('',(0.555819140194,0.351,0.290450049373));
#11324 = CARTESIAN_POINT('',(0.552315535008,0.351,0.286198465016));
#11325 = ORIENTED_EDGE('',*,*,#11326,.F.);
#11326 = EDGE_CURVE('',#11306,#11317,#11327,.T.);
#11327 = LINE('',#11328,#11329);
#11328 = CARTESIAN_POINT('',(0.577767202615,0.35,0.300785863635));
#11329 = VECTOR('',#11330,1.);
#11330 = DIRECTION('',(0.E+000,1.,0.E+000));
#11331 = B_SPLINE_SURFACE_WITH_KNOTS('',3,1,(
    (#11332,#11333)
    ,(#11334,#11335)
    ,(#11336,#11337)
    ,(#11338,#11339)
    ,(#11340,#11341
    )),.UNSPECIFIED.,.F.,.F.,.F.,(4,1,4),(2,2),(-3.028827550318E-003,
    -1.58875802108E-003,0.E+000),(0.E+000,1.E-004),.UNSPECIFIED.);
#11332 = CARTESIAN_POINT('',(0.577767202615,0.35,0.300785863635));
#11333 = CARTESIAN_POINT('',(0.577767202615,0.351,0.300785863635));
#11334 = CARTESIAN_POINT('',(0.572846960115,0.35,0.300067087626));
#11335 = CARTESIAN_POINT('',(0.572846960115,0.351,0.300067087626));
#11336 = CARTESIAN_POINT('',(0.562498455591,0.35,0.298555321329));
#11337 = CARTESIAN_POINT('',(0.562498455591,0.351,0.298555321329));
#11338 = CARTESIAN_POINT('',(0.555819140194,0.35,0.290450049373));
#11339 = CARTESIAN_POINT('',(0.555819140194,0.351,0.290450049373));
#11340 = CARTESIAN_POINT('',(0.552315535008,0.35,0.286198465016));
#11341 = CARTESIAN_POINT('',(0.552315535008,0.351,0.286198465016));
#11342 = ADVANCED_FACE('',(#11343),#11372,.T.);
#11343 = FACE_BOUND('',#11344,.T.);
#11344 = EDGE_LOOP('',(#11345,#11355,#11356,#11366));
#11345 = ORIENTED_EDGE('',*,*,#11346,.F.);
#11346 = EDGE_CURVE('',#11306,#11347,#11349,.T.);
#11347 = VERTEX_POINT('',#11348);
#11348 = CARTESIAN_POINT('',(0.603218870222,0.35,0.286137426135));
#11349 = B_SPLINE_CURVE_WITH_KNOTS('',3,(#11350,#11351,#11352,#11353,
    #11354),.UNSPECIFIED.,.F.,.F.,(4,1,4),(0.E+000,1.440457078384E-003,
    3.032370057535E-003),.UNSPECIFIED.);
#11350 = CARTESIAN_POINT('',(0.577767202615,0.35,0.300785863635));
#11351 = CARTESIAN_POINT('',(0.582688612847,0.35,0.300062273733));
#11352 = CARTESIAN_POINT('',(0.593048891715,0.35,0.298539012553));
#11353 = CARTESIAN_POINT('',(0.599717847327,0.35,0.290406681763));
#11354 = CARTESIAN_POINT('',(0.603218870222,0.35,0.286137426135));
#11355 = ORIENTED_EDGE('',*,*,#11326,.T.);
#11356 = ORIENTED_EDGE('',*,*,#11357,.F.);
#11357 = EDGE_CURVE('',#11358,#11317,#11360,.T.);
#11358 = VERTEX_POINT('',#11359);
#11359 = CARTESIAN_POINT('',(0.603218870222,0.351,0.286137426135));
#11360 = B_SPLINE_CURVE_WITH_KNOTS('',3,(#11361,#11362,#11363,#11364,
    #11365),.UNSPECIFIED.,.F.,.F.,(4,1,4),(-3.032370057535E-003,
    -1.440457078384E-003,0.E+000),.UNSPECIFIED.);
#11361 = CARTESIAN_POINT('',(0.603218870222,0.351,0.286137426135));
#11362 = CARTESIAN_POINT('',(0.599717847327,0.351,0.290406681763));
#11363 = CARTESIAN_POINT('',(0.593048891715,0.351,0.298539012553));
#11364 = CARTESIAN_POINT('',(0.582688612847,0.351,0.300062273733));
#11365 = CARTESIAN_POINT('',(0.577767202615,0.351,0.300785863635));
#11366 = ORIENTED_EDGE('',*,*,#11367,.F.);
#11367 = EDGE_CURVE('',#11347,#11358,#11368,.T.);
#11368 = LINE('',#11369,#11370);
#11369 = CARTESIAN_POINT('',(0.603218870222,0.35,0.286137426135));
#11370 = VECTOR('',#11371,1.);
#11371 = DIRECTION('',(0.E+000,1.,0.E+000));
#11372 = B_SPLINE_SURFACE_WITH_KNOTS('',3,1,(
    (#11373,#11374)
    ,(#11375,#11376)
    ,(#11377,#11378)
    ,(#11379,#11380)
    ,(#11381,#11382
    )),.UNSPECIFIED.,.F.,.F.,.F.,(4,1,4),(2,2),(-3.032370057535E-003,
    -1.440457078384E-003,0.E+000),(0.E+000,1.E-004),.UNSPECIFIED.);
#11373 = CARTESIAN_POINT('',(0.603218870222,0.35,0.286137426135));
#11374 = CARTESIAN_POINT('',(0.603218870222,0.351,0.286137426135));
#11375 = CARTESIAN_POINT('',(0.599717847327,0.35,0.290406681763));
#11376 = CARTESIAN_POINT('',(0.599717847327,0.351,0.290406681763));
#11377 = CARTESIAN_POINT('',(0.593048891715,0.35,0.298539012553));
#11378 = CARTESIAN_POINT('',(0.593048891715,0.351,0.298539012553));
#11379 = CARTESIAN_POINT('',(0.582688612847,0.35,0.300062273733));
#11380 = CARTESIAN_POINT('',(0.582688612847,0.351,0.300062273733));
#11381 = CARTESIAN_POINT('',(0.577767202615,0.35,0.300785863635));
#11382 = CARTESIAN_POINT('',(0.577767202615,0.351,0.300785863635));
#11383 = ADVANCED_FACE('',(#11384),#11413,.T.);
#11384 = FACE_BOUND('',#11385,.T.);
#11385 = EDGE_LOOP('',(#11386,#11396,#11397,#11407));
#11386 = ORIENTED_EDGE('',*,*,#11387,.F.);
#11387 = EDGE_CURVE('',#11347,#11388,#11390,.T.);
#11388 = VERTEX_POINT('',#11389);
#11389 = CARTESIAN_POINT('',(0.613533789276,0.35,0.227543676135));
#11390 = B_SPLINE_CURVE_WITH_KNOTS('',3,(#11391,#11392,#11393,#11394,
    #11395),.UNSPECIFIED.,.F.,.F.,(4,1,4),(0.E+000,2.32947717637E-003,
    6.000654516962E-003),.UNSPECIFIED.);
#11391 = CARTESIAN_POINT('',(0.603218870222,0.35,0.286137426135));
#11392 = CARTESIAN_POINT('',(0.6061922718,0.35,0.278895026291));
#11393 = CARTESIAN_POINT('',(0.613851653824,0.35,0.260238848939));
#11394 = CARTESIAN_POINT('',(0.613654442441,0.35,0.239953918508));
#11395 = CARTESIAN_POINT('',(0.613533789276,0.35,0.227543676135));
#11396 = ORIENTED_EDGE('',*,*,#11367,.T.);
#11397 = ORIENTED_EDGE('',*,*,#11398,.F.);
#11398 = EDGE_CURVE('',#11399,#11358,#11401,.T.);
#11399 = VERTEX_POINT('',#11400);
#11400 = CARTESIAN_POINT('',(0.613533789276,0.351,0.227543676135));
#11401 = B_SPLINE_CURVE_WITH_KNOTS('',3,(#11402,#11403,#11404,#11405,
    #11406),.UNSPECIFIED.,.F.,.F.,(4,1,4),(-6.000654516962E-003,
    -2.32947717637E-003,0.E+000),.UNSPECIFIED.);
#11402 = CARTESIAN_POINT('',(0.613533789276,0.351,0.227543676135));
#11403 = CARTESIAN_POINT('',(0.613654442441,0.351,0.239953918508));
#11404 = CARTESIAN_POINT('',(0.613851653824,0.351,0.260238848939));
#11405 = CARTESIAN_POINT('',(0.6061922718,0.351,0.278895026291));
#11406 = CARTESIAN_POINT('',(0.603218870222,0.351,0.286137426135));
#11407 = ORIENTED_EDGE('',*,*,#11408,.F.);
#11408 = EDGE_CURVE('',#11388,#11399,#11409,.T.);
#11409 = LINE('',#11410,#11411);
#11410 = CARTESIAN_POINT('',(0.613533789276,0.35,0.227543676135));
#11411 = VECTOR('',#11412,1.);
#11412 = DIRECTION('',(0.E+000,1.,0.E+000));
#11413 = B_SPLINE_SURFACE_WITH_KNOTS('',3,1,(
    (#11414,#11415)
    ,(#11416,#11417)
    ,(#11418,#11419)
    ,(#11420,#11421)
    ,(#11422,#11423
    )),.UNSPECIFIED.,.F.,.F.,.F.,(4,1,4),(2,2),(-6.000654516962E-003,
    -2.32947717637E-003,0.E+000),(0.E+000,1.E-004),.UNSPECIFIED.);
#11414 = CARTESIAN_POINT('',(0.613533789276,0.35,0.227543676135));
#11415 = CARTESIAN_POINT('',(0.613533789276,0.351,0.227543676135));
#11416 = CARTESIAN_POINT('',(0.613654442441,0.35,0.239953918508));
#11417 = CARTESIAN_POINT('',(0.613654442441,0.351,0.239953918508));
#11418 = CARTESIAN_POINT('',(0.613851653824,0.35,0.260238848939));
#11419 = CARTESIAN_POINT('',(0.613851653824,0.351,0.260238848939));
#11420 = CARTESIAN_POINT('',(0.6061922718,0.35,0.278895026291));
#11421 = CARTESIAN_POINT('',(0.6061922718,0.351,0.278895026291));
#11422 = CARTESIAN_POINT('',(0.603218870222,0.35,0.286137426135));
#11423 = CARTESIAN_POINT('',(0.603218870222,0.351,0.286137426135));
#11424 = ADVANCED_FACE('',(#11425),#11454,.T.);
#11425 = FACE_BOUND('',#11426,.T.);
#11426 = EDGE_LOOP('',(#11427,#11437,#11438,#11448));
#11427 = ORIENTED_EDGE('',*,*,#11428,.F.);
#11428 = EDGE_CURVE('',#11388,#11429,#11431,.T.);
#11429 = VERTEX_POINT('',#11430);
#11430 = CARTESIAN_POINT('',(0.603218870222,0.35,0.168827857685));
#11431 = B_SPLINE_CURVE_WITH_KNOTS('',3,(#11432,#11433,#11434,#11435,
    #11436),.UNSPECIFIED.,.F.,.F.,(4,1,4),(0.E+000,3.686398856199E-003,
    6.012996286368E-003),.UNSPECIFIED.);
#11432 = CARTESIAN_POINT('',(0.613533789276,0.35,0.227543676135));
#11433 = CARTESIAN_POINT('',(0.613663177685,0.35,0.215080683183));
#11434 = CARTESIAN_POINT('',(0.613874227018,0.35,0.194751919733));
#11435 = CARTESIAN_POINT('',(0.606191524116,0.35,0.176060207148));
#11436 = CARTESIAN_POINT('',(0.603218870222,0.35,0.168827857685));
#11437 = ORIENTED_EDGE('',*,*,#11408,.T.);
#11438 = ORIENTED_EDGE('',*,*,#11439,.F.);
#11439 = EDGE_CURVE('',#11440,#11399,#11442,.T.);
#11440 = VERTEX_POINT('',#11441);
#11441 = CARTESIAN_POINT('',(0.603218870222,0.351,0.168827857685));
#11442 = B_SPLINE_CURVE_WITH_KNOTS('',3,(#11443,#11444,#11445,#11446,
    #11447),.UNSPECIFIED.,.F.,.F.,(4,1,4),(-6.012996286368E-003,
    -3.686398856199E-003,0.E+000),.UNSPECIFIED.);
#11443 = CARTESIAN_POINT('',(0.603218870222,0.351,0.168827857685));
#11444 = CARTESIAN_POINT('',(0.606191524116,0.351,0.176060207148));
#11445 = CARTESIAN_POINT('',(0.613874227018,0.351,0.194751919733));
#11446 = CARTESIAN_POINT('',(0.613663177685,0.351,0.215080683183));
#11447 = CARTESIAN_POINT('',(0.613533789276,0.351,0.227543676135));
#11448 = ORIENTED_EDGE('',*,*,#11449,.F.);
#11449 = EDGE_CURVE('',#11429,#11440,#11450,.T.);
#11450 = LINE('',#11451,#11452);
#11451 = CARTESIAN_POINT('',(0.603218870222,0.35,0.168827857685));
#11452 = VECTOR('',#11453,1.);
#11453 = DIRECTION('',(0.E+000,1.,0.E+000));
#11454 = B_SPLINE_SURFACE_WITH_KNOTS('',3,1,(
    (#11455,#11456)
    ,(#11457,#11458)
    ,(#11459,#11460)
    ,(#11461,#11462)
    ,(#11463,#11464
    )),.UNSPECIFIED.,.F.,.F.,.F.,(4,1,4),(2,2),(-6.012996286368E-003,
    -3.686398856199E-003,0.E+000),(0.E+000,1.E-004),.UNSPECIFIED.);
#11455 = CARTESIAN_POINT('',(0.603218870222,0.35,0.168827857685));
#11456 = CARTESIAN_POINT('',(0.603218870222,0.351,0.168827857685));
#11457 = CARTESIAN_POINT('',(0.606191524116,0.35,0.176060207148));
#11458 = CARTESIAN_POINT('',(0.606191524116,0.351,0.176060207148));
#11459 = CARTESIAN_POINT('',(0.613874227018,0.35,0.194751919733));
#11460 = CARTESIAN_POINT('',(0.613874227018,0.351,0.194751919733));
#11461 = CARTESIAN_POINT('',(0.613663177685,0.35,0.215080683183));
#11462 = CARTESIAN_POINT('',(0.613663177685,0.351,0.215080683183));
#11463 = CARTESIAN_POINT('',(0.613533789276,0.35,0.227543676135));
#11464 = CARTESIAN_POINT('',(0.613533789276,0.351,0.227543676135));
#11465 = ADVANCED_FACE('',(#11466),#11495,.T.);
#11466 = FACE_BOUND('',#11467,.T.);
#11467 = EDGE_LOOP('',(#11468,#11478,#11479,#11489));
#11468 = ORIENTED_EDGE('',*,*,#11469,.F.);
#11469 = EDGE_CURVE('',#11429,#11470,#11472,.T.);
#11470 = VERTEX_POINT('',#11471);
#11471 = CARTESIAN_POINT('',(0.577523047089,0.35,0.154301488635));
#11472 = B_SPLINE_CURVE_WITH_KNOTS('',3,(#11473,#11474,#11475,#11476,
    #11477),.UNSPECIFIED.,.F.,.F.,(4,1,4),(0.E+000,1.590050438639E-003,
    3.047459663692E-003),.UNSPECIFIED.);
#11473 = CARTESIAN_POINT('',(0.603218870222,0.35,0.168827857685));
#11474 = CARTESIAN_POINT('',(0.599690361418,0.35,0.164593396482));
#11475 = CARTESIAN_POINT('',(0.592927690254,0.35,0.156477710716));
#11476 = CARTESIAN_POINT('',(0.582506736872,0.35,0.155005537124));
#11477 = CARTESIAN_POINT('',(0.577523047089,0.35,0.154301488635));
#11478 = ORIENTED_EDGE('',*,*,#11449,.T.);
#11479 = ORIENTED_EDGE('',*,*,#11480,.F.);
#11480 = EDGE_CURVE('',#11481,#11440,#11483,.T.);
#11481 = VERTEX_POINT('',#11482);
#11482 = CARTESIAN_POINT('',(0.577523047089,0.351,0.154301488635));
#11483 = B_SPLINE_CURVE_WITH_KNOTS('',3,(#11484,#11485,#11486,#11487,
    #11488),.UNSPECIFIED.,.F.,.F.,(4,1,4),(-3.047459663692E-003,
    -1.590050438639E-003,0.E+000),.UNSPECIFIED.);
#11484 = CARTESIAN_POINT('',(0.577523047089,0.351,0.154301488635));
#11485 = CARTESIAN_POINT('',(0.582506736872,0.351,0.155005537124));
#11486 = CARTESIAN_POINT('',(0.592927690254,0.351,0.156477710716));
#11487 = CARTESIAN_POINT('',(0.599690361418,0.351,0.164593396482));
#11488 = CARTESIAN_POINT('',(0.603218870222,0.351,0.168827857685));
#11489 = ORIENTED_EDGE('',*,*,#11490,.F.);
#11490 = EDGE_CURVE('',#11470,#11481,#11491,.T.);
#11491 = LINE('',#11492,#11493);
#11492 = CARTESIAN_POINT('',(0.577523047089,0.35,0.154301488635));
#11493 = VECTOR('',#11494,1.);
#11494 = DIRECTION('',(0.E+000,1.,0.E+000));
#11495 = B_SPLINE_SURFACE_WITH_KNOTS('',3,1,(
    (#11496,#11497)
    ,(#11498,#11499)
    ,(#11500,#11501)
    ,(#11502,#11503)
    ,(#11504,#11505
    )),.UNSPECIFIED.,.F.,.F.,.F.,(4,1,4),(2,2),(-3.047459663692E-003,
    -1.590050438639E-003,0.E+000),(0.E+000,1.E-004),.UNSPECIFIED.);
#11496 = CARTESIAN_POINT('',(0.577523047089,0.35,0.154301488635));
#11497 = CARTESIAN_POINT('',(0.577523047089,0.351,0.154301488635));
#11498 = CARTESIAN_POINT('',(0.582506736872,0.35,0.155005537124));
#11499 = CARTESIAN_POINT('',(0.582506736872,0.351,0.155005537124));
#11500 = CARTESIAN_POINT('',(0.592927690254,0.35,0.156477710716));
#11501 = CARTESIAN_POINT('',(0.592927690254,0.351,0.156477710716));
#11502 = CARTESIAN_POINT('',(0.599690361418,0.35,0.164593396482));
#11503 = CARTESIAN_POINT('',(0.599690361418,0.351,0.164593396482));
#11504 = CARTESIAN_POINT('',(0.603218870222,0.35,0.168827857685));
#11505 = CARTESIAN_POINT('',(0.603218870222,0.351,0.168827857685));
#11506 = ADVANCED_FACE('',(#11507),#11536,.T.);
#11507 = FACE_BOUND('',#11508,.T.);
#11508 = EDGE_LOOP('',(#11509,#11519,#11520,#11530));
#11509 = ORIENTED_EDGE('',*,*,#11510,.F.);
#11510 = EDGE_CURVE('',#11470,#11511,#11513,.T.);
#11511 = VERTEX_POINT('',#11512);
#11512 = CARTESIAN_POINT('',(0.553353140115,0.35,0.167118871447));
#11513 = B_SPLINE_CURVE_WITH_KNOTS('',3,(#11514,#11515,#11516,#11517,
    #11518),.UNSPECIFIED.,.F.,.F.,(4,1,4),(0.E+000,1.398293924109E-003,
    2.826245388503E-003),.UNSPECIFIED.);
#11514 = CARTESIAN_POINT('',(0.577523047089,0.35,0.154301488635));
#11515 = CARTESIAN_POINT('',(0.572716374872,0.35,0.154857613853));
#11516 = CARTESIAN_POINT('',(0.563001081861,0.35,0.155981659598));
#11517 = CARTESIAN_POINT('',(0.556591540457,0.35,0.163380586991));
#11518 = CARTESIAN_POINT('',(0.553353140115,0.35,0.167118871447));
#11519 = ORIENTED_EDGE('',*,*,#11490,.T.);
#11520 = ORIENTED_EDGE('',*,*,#11521,.F.);
#11521 = EDGE_CURVE('',#11522,#11481,#11524,.T.);
#11522 = VERTEX_POINT('',#11523);
#11523 = CARTESIAN_POINT('',(0.553353140115,0.351,0.167118871447));
#11524 = B_SPLINE_CURVE_WITH_KNOTS('',3,(#11525,#11526,#11527,#11528,
    #11529),.UNSPECIFIED.,.F.,.F.,(4,1,4),(-2.826245388503E-003,
    -1.398293924109E-003,0.E+000),.UNSPECIFIED.);
#11525 = CARTESIAN_POINT('',(0.553353140115,0.351,0.167118871447));
#11526 = CARTESIAN_POINT('',(0.556591540457,0.351,0.163380586991));
#11527 = CARTESIAN_POINT('',(0.563001081861,0.351,0.155981659598));
#11528 = CARTESIAN_POINT('',(0.572716374872,0.351,0.154857613853));
#11529 = CARTESIAN_POINT('',(0.577523047089,0.351,0.154301488635));
#11530 = ORIENTED_EDGE('',*,*,#11531,.F.);
#11531 = EDGE_CURVE('',#11511,#11522,#11532,.T.);
#11532 = LINE('',#11533,#11534);
#11533 = CARTESIAN_POINT('',(0.553353140115,0.35,0.167118871447));
#11534 = VECTOR('',#11535,1.);
#11535 = DIRECTION('',(0.E+000,1.,0.E+000));
#11536 = B_SPLINE_SURFACE_WITH_KNOTS('',3,1,(
    (#11537,#11538)
    ,(#11539,#11540)
    ,(#11541,#11542)
    ,(#11543,#11544)
    ,(#11545,#11546
    )),.UNSPECIFIED.,.F.,.F.,.F.,(4,1,4),(2,2),(-2.826245388503E-003,
    -1.398293924109E-003,0.E+000),(0.E+000,1.E-004),.UNSPECIFIED.);
#11537 = CARTESIAN_POINT('',(0.553353140115,0.35,0.167118871447));
#11538 = CARTESIAN_POINT('',(0.553353140115,0.351,0.167118871447));
#11539 = CARTESIAN_POINT('',(0.556591540457,0.35,0.163380586991));
#11540 = CARTESIAN_POINT('',(0.556591540457,0.351,0.163380586991));
#11541 = CARTESIAN_POINT('',(0.563001081861,0.35,0.155981659598));
#11542 = CARTESIAN_POINT('',(0.563001081861,0.351,0.155981659598));
#11543 = CARTESIAN_POINT('',(0.572716374872,0.35,0.154857613853));
#11544 = CARTESIAN_POINT('',(0.572716374872,0.351,0.154857613853));
#11545 = CARTESIAN_POINT('',(0.577523047089,0.35,0.154301488635));
#11546 = CARTESIAN_POINT('',(0.577523047089,0.351,0.154301488635));
#11547 = ADVANCED_FACE('',(#11548),#11568,.T.);
#11548 = FACE_BOUND('',#11549,.T.);
#11549 = EDGE_LOOP('',(#11550,#11558,#11559,#11567));
#11550 = ORIENTED_EDGE('',*,*,#11551,.F.);
#11551 = EDGE_CURVE('',#11511,#11256,#11552,.T.);
#11552 = B_SPLINE_CURVE_WITH_KNOTS('',3,(#11553,#11554,#11555,#11556,
    #11557),.UNSPECIFIED.,.F.,.F.,(4,1,4),(0.E+000,2.479278455237E-003,
    6.204096417542E-003),.UNSPECIFIED.);
#11553 = CARTESIAN_POINT('',(0.553353140115,0.35,0.167118871447));
#11554 = CARTESIAN_POINT('',(0.550073734822,0.35,0.174784878498));
#11555 = CARTESIAN_POINT('',(0.541867417137,0.35,0.193968139977));
#11556 = CARTESIAN_POINT('',(0.54195063497,0.35,0.214947861991));
#11557 = CARTESIAN_POINT('',(0.542000597327,0.35,0.227543676135));
#11558 = ORIENTED_EDGE('',*,*,#11531,.T.);
#11559 = ORIENTED_EDGE('',*,*,#11560,.F.);
#11560 = EDGE_CURVE('',#11268,#11522,#11561,.T.);
#11561 = B_SPLINE_CURVE_WITH_KNOTS('',3,(#11562,#11563,#11564,#11565,
    #11566),.UNSPECIFIED.,.F.,.F.,(4,1,4),(-6.204096417542E-003,
    -2.479278455237E-003,0.E+000),.UNSPECIFIED.);
#11562 = CARTESIAN_POINT('',(0.542000597327,0.351,0.227543676135));
#11563 = CARTESIAN_POINT('',(0.54195063497,0.351,0.214947861991));
#11564 = CARTESIAN_POINT('',(0.541867417137,0.351,0.193968139977));
#11565 = CARTESIAN_POINT('',(0.550073734822,0.351,0.174784878498));
#11566 = CARTESIAN_POINT('',(0.553353140115,0.351,0.167118871447));
#11567 = ORIENTED_EDGE('',*,*,#11267,.F.);
#11568 = B_SPLINE_SURFACE_WITH_KNOTS('',3,1,(
    (#11569,#11570)
    ,(#11571,#11572)
    ,(#11573,#11574)
    ,(#11575,#11576)
    ,(#11577,#11578
    )),.UNSPECIFIED.,.F.,.F.,.F.,(4,1,4),(2,2),(-6.204096417542E-003,
    -2.479278455237E-003,0.E+000),(0.E+000,1.E-004),.UNSPECIFIED.);
#11569 = CARTESIAN_POINT('',(0.542000597327,0.35,0.227543676135));
#11570 = CARTESIAN_POINT('',(0.542000597327,0.351,0.227543676135));
#11571 = CARTESIAN_POINT('',(0.54195063497,0.35,0.214947861991));
#11572 = CARTESIAN_POINT('',(0.54195063497,0.351,0.214947861991));
#11573 = CARTESIAN_POINT('',(0.541867417137,0.35,0.193968139977));
#11574 = CARTESIAN_POINT('',(0.541867417137,0.351,0.193968139977));
#11575 = CARTESIAN_POINT('',(0.550073734822,0.35,0.174784878498));
#11576 = CARTESIAN_POINT('',(0.550073734822,0.351,0.174784878498));
#11577 = CARTESIAN_POINT('',(0.553353140115,0.35,0.167118871447));
#11578 = CARTESIAN_POINT('',(0.553353140115,0.351,0.167118871447));
#11579 = ADVANCED_FACE('',(#11580),#11618,.T.);
#11580 = FACE_BOUND('',#11581,.T.);
#11581 = EDGE_LOOP('',(#11582,#11594,#11602,#11612));
#11582 = ORIENTED_EDGE('',*,*,#11583,.F.);
#11583 = EDGE_CURVE('',#11584,#11586,#11588,.T.);
#11584 = VERTEX_POINT('',#11585);
#11585 = CARTESIAN_POINT('',(0.519417589515,0.35,0.227543676135));
#11586 = VERTEX_POINT('',#11587);
#11587 = CARTESIAN_POINT('',(0.525948358684,0.35,0.176457252216));
#11588 = B_SPLINE_CURVE_WITH_KNOTS('',3,(#11589,#11590,#11591,#11592,
    #11593),.UNSPECIFIED.,.F.,.F.,(4,1,4),(0.E+000,2.868724828166E-003,
    5.16611332692E-003),.UNSPECIFIED.);
#11589 = CARTESIAN_POINT('',(0.519417589515,0.35,0.227543676135));
#11590 = CARTESIAN_POINT('',(0.519546881399,0.35,0.217940020464));
#11591 = CARTESIAN_POINT('',(0.519779715347,0.35,0.200645376844));
#11592 = CARTESIAN_POINT('',(0.524049548905,0.35,0.183902754425));
#11593 = CARTESIAN_POINT('',(0.525948358684,0.35,0.176457252216));
#11594 = ORIENTED_EDGE('',*,*,#11595,.T.);
#11595 = EDGE_CURVE('',#11584,#11596,#11598,.T.);
#11596 = VERTEX_POINT('',#11597);
#11597 = CARTESIAN_POINT('',(0.519417589515,0.351,0.227543676135));
#11598 = LINE('',#11599,#11600);
#11599 = CARTESIAN_POINT('',(0.519417589515,0.35,0.227543676135));
#11600 = VECTOR('',#11601,1.);
#11601 = DIRECTION('',(0.E+000,1.,0.E+000));
#11602 = ORIENTED_EDGE('',*,*,#11603,.F.);
#11603 = EDGE_CURVE('',#11604,#11596,#11606,.T.);
#11604 = VERTEX_POINT('',#11605);
#11605 = CARTESIAN_POINT('',(0.525948358684,0.351,0.176457252216));
#11606 = B_SPLINE_CURVE_WITH_KNOTS('',3,(#11607,#11608,#11609,#11610,
    #11611),.UNSPECIFIED.,.F.,.F.,(4,1,4),(-5.16611332692E-003,
    -2.868724828166E-003,0.E+000),.UNSPECIFIED.);
#11607 = CARTESIAN_POINT('',(0.525948358684,0.351,0.176457252216));
#11608 = CARTESIAN_POINT('',(0.524049548905,0.351,0.183902754425));
#11609 = CARTESIAN_POINT('',(0.519779715347,0.351,0.200645376844));
#11610 = CARTESIAN_POINT('',(0.519546881399,0.351,0.217940020464));
#11611 = CARTESIAN_POINT('',(0.519417589515,0.351,0.227543676135));
#11612 = ORIENTED_EDGE('',*,*,#11613,.F.);
#11613 = EDGE_CURVE('',#11586,#11604,#11614,.T.);
#11614 = LINE('',#11615,#11616);
#11615 = CARTESIAN_POINT('',(0.525948358684,0.35,0.176457252216));
#11616 = VECTOR('',#11617,1.);
#11617 = DIRECTION('',(0.E+000,1.,0.E+000));
#11618 = B_SPLINE_SURFACE_WITH_KNOTS('',3,1,(
    (#11619,#11620)
    ,(#11621,#11622)
    ,(#11623,#11624)
    ,(#11625,#11626)
    ,(#11627,#11628
    )),.UNSPECIFIED.,.F.,.F.,.F.,(4,1,4),(2,2),(-5.16611332692E-003,
    -2.868724828166E-003,0.E+000),(0.E+000,1.E-004),.UNSPECIFIED.);
#11619 = CARTESIAN_POINT('',(0.525948358684,0.35,0.176457252216));
#11620 = CARTESIAN_POINT('',(0.525948358684,0.351,0.176457252216));
#11621 = CARTESIAN_POINT('',(0.524049548905,0.35,0.183902754425));
#11622 = CARTESIAN_POINT('',(0.524049548905,0.351,0.183902754425));
#11623 = CARTESIAN_POINT('',(0.519779715347,0.35,0.200645376844));
#11624 = CARTESIAN_POINT('',(0.519779715347,0.351,0.200645376844));
#11625 = CARTESIAN_POINT('',(0.519546881399,0.35,0.217940020464));
#11626 = CARTESIAN_POINT('',(0.519546881399,0.351,0.217940020464));
#11627 = CARTESIAN_POINT('',(0.519417589515,0.35,0.227543676135));
#11628 = CARTESIAN_POINT('',(0.519417589515,0.351,0.227543676135));
#11629 = ADVANCED_FACE('',(#11630),#11659,.T.);
#11630 = FACE_BOUND('',#11631,.T.);
#11631 = EDGE_LOOP('',(#11632,#11642,#11643,#11653));
#11632 = ORIENTED_EDGE('',*,*,#11633,.F.);
#11633 = EDGE_CURVE('',#11586,#11634,#11636,.T.);
#11634 = VERTEX_POINT('',#11635);
#11635 = CARTESIAN_POINT('',(0.545357512294,0.35,0.146611055222));
#11636 = B_SPLINE_CURVE_WITH_KNOTS('',3,(#11637,#11638,#11639,#11640,
    #11641),.UNSPECIFIED.,.F.,.F.,(4,1,4),(0.E+000,1.896117379489E-003,
    3.596283057722E-003),.UNSPECIFIED.);
#11637 = CARTESIAN_POINT('',(0.525948358684,0.35,0.176457252216));
#11638 = CARTESIAN_POINT('',(0.52826099369,0.35,0.170485262411));
#11639 = CARTESIAN_POINT('',(0.532647267546,0.35,0.159158450058));
#11640 = CARTESIAN_POINT('',(0.54127751021,0.35,0.150638782311));
#11641 = CARTESIAN_POINT('',(0.545357512294,0.35,0.146611055222));
#11642 = ORIENTED_EDGE('',*,*,#11613,.T.);
#11643 = ORIENTED_EDGE('',*,*,#11644,.F.);
#11644 = EDGE_CURVE('',#11645,#11604,#11647,.T.);
#11645 = VERTEX_POINT('',#11646);
#11646 = CARTESIAN_POINT('',(0.545357512294,0.351,0.146611055222));
#11647 = B_SPLINE_CURVE_WITH_KNOTS('',3,(#11648,#11649,#11650,#11651,
    #11652),.UNSPECIFIED.,.F.,.F.,(4,1,4),(-3.596283057722E-003,
    -1.896117379489E-003,0.E+000),.UNSPECIFIED.);
#11648 = CARTESIAN_POINT('',(0.545357512294,0.351,0.146611055222));
#11649 = CARTESIAN_POINT('',(0.54127751021,0.351,0.150638782311));
#11650 = CARTESIAN_POINT('',(0.532647267546,0.351,0.159158450058));
#11651 = CARTESIAN_POINT('',(0.52826099369,0.351,0.170485262411));
#11652 = CARTESIAN_POINT('',(0.525948358684,0.351,0.176457252216));
#11653 = ORIENTED_EDGE('',*,*,#11654,.F.);
#11654 = EDGE_CURVE('',#11634,#11645,#11655,.T.);
#11655 = LINE('',#11656,#11657);
#11656 = CARTESIAN_POINT('',(0.545357512294,0.35,0.146611055222));
#11657 = VECTOR('',#11658,1.);
#11658 = DIRECTION('',(0.E+000,1.,0.E+000));
#11659 = B_SPLINE_SURFACE_WITH_KNOTS('',3,1,(
    (#11660,#11661)
    ,(#11662,#11663)
    ,(#11664,#11665)
    ,(#11666,#11667)
    ,(#11668,#11669
    )),.UNSPECIFIED.,.F.,.F.,.F.,(4,1,4),(2,2),(-3.596283057722E-003,
    -1.896117379489E-003,0.E+000),(0.E+000,1.E-004),.UNSPECIFIED.);
#11660 = CARTESIAN_POINT('',(0.545357512294,0.35,0.146611055222));
#11661 = CARTESIAN_POINT('',(0.545357512294,0.351,0.146611055222));
#11662 = CARTESIAN_POINT('',(0.54127751021,0.35,0.150638782311));
#11663 = CARTESIAN_POINT('',(0.54127751021,0.351,0.150638782311));
#11664 = CARTESIAN_POINT('',(0.532647267546,0.35,0.159158450058));
#11665 = CARTESIAN_POINT('',(0.532647267546,0.351,0.159158450058));
#11666 = CARTESIAN_POINT('',(0.52826099369,0.35,0.170485262411));
#11667 = CARTESIAN_POINT('',(0.52826099369,0.351,0.170485262411));
#11668 = CARTESIAN_POINT('',(0.525948358684,0.35,0.176457252216));
#11669 = CARTESIAN_POINT('',(0.525948358684,0.351,0.176457252216));
#11670 = ADVANCED_FACE('',(#11671),#11700,.T.);
#11671 = FACE_BOUND('',#11672,.T.);
#11672 = EDGE_LOOP('',(#11673,#11683,#11684,#11694));
#11673 = ORIENTED_EDGE('',*,*,#11674,.F.);
#11674 = EDGE_CURVE('',#11634,#11675,#11677,.T.);
#11675 = VERTEX_POINT('',#11676);
#11676 = CARTESIAN_POINT('',(0.577767202615,0.35,0.136113019523));
#11677 = B_SPLINE_CURVE_WITH_KNOTS('',3,(#11678,#11679,#11680,#11681,
    #11682),.UNSPECIFIED.,.F.,.F.,(4,1,4),(0.E+000,1.65363698131E-003,
    3.459614567661E-003),.UNSPECIFIED.);
#11678 = CARTESIAN_POINT('',(0.545357512294,0.35,0.146611055222));
#11679 = CARTESIAN_POINT('',(0.550059799818,0.35,0.143550752899));
#11680 = CARTESIAN_POINT('',(0.559897571107,0.35,0.1371482192));
#11681 = CARTESIAN_POINT('',(0.57163832802,0.35,0.136468069317));
#11682 = CARTESIAN_POINT('',(0.577767202615,0.35,0.136113019523));
#11683 = ORIENTED_EDGE('',*,*,#11654,.T.);
#11684 = ORIENTED_EDGE('',*,*,#11685,.F.);
#11685 = EDGE_CURVE('',#11686,#11645,#11688,.T.);
#11686 = VERTEX_POINT('',#11687);
#11687 = CARTESIAN_POINT('',(0.577767202615,0.351,0.136113019523));
#11688 = B_SPLINE_CURVE_WITH_KNOTS('',3,(#11689,#11690,#11691,#11692,
    #11693),.UNSPECIFIED.,.F.,.F.,(4,1,4),(-3.459614567661E-003,
    -1.65363698131E-003,0.E+000),.UNSPECIFIED.);
#11689 = CARTESIAN_POINT('',(0.577767202615,0.351,0.136113019523));
#11690 = CARTESIAN_POINT('',(0.57163832802,0.351,0.136468069317));
#11691 = CARTESIAN_POINT('',(0.559897571107,0.351,0.1371482192));
#11692 = CARTESIAN_POINT('',(0.550059799818,0.351,0.143550752899));
#11693 = CARTESIAN_POINT('',(0.545357512294,0.351,0.146611055222));
#11694 = ORIENTED_EDGE('',*,*,#11695,.F.);
#11695 = EDGE_CURVE('',#11675,#11686,#11696,.T.);
#11696 = LINE('',#11697,#11698);
#11697 = CARTESIAN_POINT('',(0.577767202615,0.35,0.136113019523));
#11698 = VECTOR('',#11699,1.);
#11699 = DIRECTION('',(0.E+000,1.,0.E+000));
#11700 = B_SPLINE_SURFACE_WITH_KNOTS('',3,1,(
    (#11701,#11702)
    ,(#11703,#11704)
    ,(#11705,#11706)
    ,(#11707,#11708)
    ,(#11709,#11710
    )),.UNSPECIFIED.,.F.,.F.,.F.,(4,1,4),(2,2),(-3.459614567661E-003,
    -1.65363698131E-003,0.E+000),(0.E+000,1.E-004),.UNSPECIFIED.);
#11701 = CARTESIAN_POINT('',(0.577767202615,0.35,0.136113019523));
#11702 = CARTESIAN_POINT('',(0.577767202615,0.351,0.136113019523));
#11703 = CARTESIAN_POINT('',(0.57163832802,0.35,0.136468069317));
#11704 = CARTESIAN_POINT('',(0.57163832802,0.351,0.136468069317));
#11705 = CARTESIAN_POINT('',(0.559897571107,0.35,0.1371482192));
#11706 = CARTESIAN_POINT('',(0.559897571107,0.351,0.1371482192));
#11707 = CARTESIAN_POINT('',(0.550059799818,0.35,0.143550752899));
#11708 = CARTESIAN_POINT('',(0.550059799818,0.351,0.143550752899));
#11709 = CARTESIAN_POINT('',(0.545357512294,0.35,0.146611055222));
#11710 = CARTESIAN_POINT('',(0.545357512294,0.351,0.146611055222));
#11711 = ADVANCED_FACE('',(#11712),#11741,.T.);
#11712 = FACE_BOUND('',#11713,.T.);
#11713 = EDGE_LOOP('',(#11714,#11724,#11725,#11735));
#11714 = ORIENTED_EDGE('',*,*,#11715,.F.);
#11715 = EDGE_CURVE('',#11675,#11716,#11718,.T.);
#11716 = VERTEX_POINT('',#11717);
#11717 = CARTESIAN_POINT('',(0.603035734951,0.35,0.141911359366));
#11718 = B_SPLINE_CURVE_WITH_KNOTS('',3,(#11719,#11720,#11721,#11722,
    #11723),.UNSPECIFIED.,.F.,.F.,(4,1,4),(0.E+000,1.359675756002E-003,
    2.61250039518E-003),.UNSPECIFIED.);
#11719 = CARTESIAN_POINT('',(0.577767202615,0.35,0.136113019523));
#11720 = CARTESIAN_POINT('',(0.582340235178,0.35,0.136312563441));
#11721 = CARTESIAN_POINT('',(0.591126925184,0.35,0.136695969974));
#11722 = CARTESIAN_POINT('',(0.599175865427,0.35,0.140220953443));
#11723 = CARTESIAN_POINT('',(0.603035734951,0.35,0.141911359366));
#11724 = ORIENTED_EDGE('',*,*,#11695,.T.);
#11725 = ORIENTED_EDGE('',*,*,#11726,.F.);
#11726 = EDGE_CURVE('',#11727,#11686,#11729,.T.);
#11727 = VERTEX_POINT('',#11728);
#11728 = CARTESIAN_POINT('',(0.603035734951,0.351,0.141911359366));
#11729 = B_SPLINE_CURVE_WITH_KNOTS('',3,(#11730,#11731,#11732,#11733,
    #11734),.UNSPECIFIED.,.F.,.F.,(4,1,4),(-2.61250039518E-003,
    -1.359675756002E-003,0.E+000),.UNSPECIFIED.);
#11730 = CARTESIAN_POINT('',(0.603035734951,0.351,0.141911359366));
#11731 = CARTESIAN_POINT('',(0.599175865427,0.351,0.140220953443));
#11732 = CARTESIAN_POINT('',(0.591126925184,0.351,0.136695969974));
#11733 = CARTESIAN_POINT('',(0.582340235178,0.351,0.136312563441));
#11734 = CARTESIAN_POINT('',(0.577767202615,0.351,0.136113019523));
#11735 = ORIENTED_EDGE('',*,*,#11736,.F.);
#11736 = EDGE_CURVE('',#11716,#11727,#11737,.T.);
#11737 = LINE('',#11738,#11739);
#11738 = CARTESIAN_POINT('',(0.603035734951,0.35,0.141911359366));
#11739 = VECTOR('',#11740,1.);
#11740 = DIRECTION('',(0.E+000,1.,0.E+000));
#11741 = B_SPLINE_SURFACE_WITH_KNOTS('',3,1,(
    (#11742,#11743)
    ,(#11744,#11745)
    ,(#11746,#11747)
    ,(#11748,#11749)
    ,(#11750,#11751
    )),.UNSPECIFIED.,.F.,.F.,.F.,(4,1,4),(2,2),(-2.61250039518E-003,
    -1.359675756002E-003,0.E+000),(0.E+000,1.E-004),.UNSPECIFIED.);
#11742 = CARTESIAN_POINT('',(0.603035734951,0.35,0.141911359366));
#11743 = CARTESIAN_POINT('',(0.603035734951,0.351,0.141911359366));
#11744 = CARTESIAN_POINT('',(0.599175865427,0.35,0.140220953443));
#11745 = CARTESIAN_POINT('',(0.599175865427,0.351,0.140220953443));
#11746 = CARTESIAN_POINT('',(0.591126925184,0.35,0.136695969974));
#11747 = CARTESIAN_POINT('',(0.591126925184,0.351,0.136695969974));
#11748 = CARTESIAN_POINT('',(0.582340235178,0.35,0.136312563441));
#11749 = CARTESIAN_POINT('',(0.582340235178,0.351,0.136312563441));
#11750 = CARTESIAN_POINT('',(0.577767202615,0.35,0.136113019523));
#11751 = CARTESIAN_POINT('',(0.577767202615,0.351,0.136113019523));
#11752 = ADVANCED_FACE('',(#11753),#11782,.T.);
#11753 = FACE_BOUND('',#11754,.T.);
#11754 = EDGE_LOOP('',(#11755,#11765,#11766,#11776));
#11755 = ORIENTED_EDGE('',*,*,#11756,.F.);
#11756 = EDGE_CURVE('',#11716,#11757,#11759,.T.);
#11757 = VERTEX_POINT('',#11758);
#11758 = CARTESIAN_POINT('',(0.620980085789,0.35,0.158634988454));
#11759 = B_SPLINE_CURVE_WITH_KNOTS('',3,(#11760,#11761,#11762,#11763,
    #11764),.UNSPECIFIED.,.F.,.F.,(4,1,4),(0.E+000,1.218599359971E-003,
    2.473258610462E-003),.UNSPECIFIED.);
#11760 = CARTESIAN_POINT('',(0.603035734951,0.35,0.141911359366));
#11761 = CARTESIAN_POINT('',(0.606516122822,0.35,0.144083636994));
#11762 = CARTESIAN_POINT('',(0.613579887628,0.35,0.148492472682));
#11763 = CARTESIAN_POINT('',(0.618489492535,0.35,0.155221447246));
#11764 = CARTESIAN_POINT('',(0.620980085789,0.35,0.158634988454));
#11765 = ORIENTED_EDGE('',*,*,#11736,.T.);
#11766 = ORIENTED_EDGE('',*,*,#11767,.F.);
#11767 = EDGE_CURVE('',#11768,#11727,#11770,.T.);
#11768 = VERTEX_POINT('',#11769);
#11769 = CARTESIAN_POINT('',(0.620980085789,0.351,0.158634988454));
#11770 = B_SPLINE_CURVE_WITH_KNOTS('',3,(#11771,#11772,#11773,#11774,
    #11775),.UNSPECIFIED.,.F.,.F.,(4,1,4),(-2.473258610462E-003,
    -1.218599359971E-003,0.E+000),.UNSPECIFIED.);
#11771 = CARTESIAN_POINT('',(0.620980085789,0.351,0.158634988454));
#11772 = CARTESIAN_POINT('',(0.618489492535,0.351,0.155221447246));
#11773 = CARTESIAN_POINT('',(0.613579887628,0.351,0.148492472682));
#11774 = CARTESIAN_POINT('',(0.606516122822,0.351,0.144083636994));
#11775 = CARTESIAN_POINT('',(0.603035734951,0.351,0.141911359366));
#11776 = ORIENTED_EDGE('',*,*,#11777,.F.);
#11777 = EDGE_CURVE('',#11757,#11768,#11778,.T.);
#11778 = LINE('',#11779,#11780);
#11779 = CARTESIAN_POINT('',(0.620980085789,0.35,0.158634988454));
#11780 = VECTOR('',#11781,1.);
#11781 = DIRECTION('',(0.E+000,1.,0.E+000));
#11782 = B_SPLINE_SURFACE_WITH_KNOTS('',3,1,(
    (#11783,#11784)
    ,(#11785,#11786)
    ,(#11787,#11788)
    ,(#11789,#11790)
    ,(#11791,#11792
    )),.UNSPECIFIED.,.F.,.F.,.F.,(4,1,4),(2,2),(-2.473258610462E-003,
    -1.218599359971E-003,0.E+000),(0.E+000,1.E-004),.UNSPECIFIED.);
#11783 = CARTESIAN_POINT('',(0.620980085789,0.35,0.158634988454));
#11784 = CARTESIAN_POINT('',(0.620980085789,0.351,0.158634988454));
#11785 = CARTESIAN_POINT('',(0.618489492535,0.35,0.155221447246));
#11786 = CARTESIAN_POINT('',(0.618489492535,0.351,0.155221447246));
#11787 = CARTESIAN_POINT('',(0.613579887628,0.35,0.148492472682));
#11788 = CARTESIAN_POINT('',(0.613579887628,0.351,0.148492472682));
#11789 = CARTESIAN_POINT('',(0.606516122822,0.35,0.144083636994));
#11790 = CARTESIAN_POINT('',(0.606516122822,0.351,0.144083636994));
#11791 = CARTESIAN_POINT('',(0.603035734951,0.35,0.141911359366));
#11792 = CARTESIAN_POINT('',(0.603035734951,0.351,0.141911359366));
#11793 = ADVANCED_FACE('',(#11794),#11823,.T.);
#11794 = FACE_BOUND('',#11795,.T.);
#11795 = EDGE_LOOP('',(#11796,#11806,#11807,#11817));
#11796 = ORIENTED_EDGE('',*,*,#11797,.F.);
#11797 = EDGE_CURVE('',#11757,#11798,#11800,.T.);
#11798 = VERTEX_POINT('',#11799);
#11799 = CARTESIAN_POINT('',(0.632088491677,0.35,0.185246310991));
#11800 = B_SPLINE_CURVE_WITH_KNOTS('',3,(#11801,#11802,#11803,#11804,
    #11805),.UNSPECIFIED.,.F.,.F.,(4,1,4),(0.E+000,1.366348187674E-003,
    2.893063748039E-003),.UNSPECIFIED.);
#11801 = CARTESIAN_POINT('',(0.620980085789,0.35,0.158634988454));
#11802 = CARTESIAN_POINT('',(0.623245514045,0.35,0.162605964714));
#11803 = CARTESIAN_POINT('',(0.628042262356,0.35,0.171013988062));
#11804 = CARTESIAN_POINT('',(0.630690810745,0.35,0.180330068038));
#11805 = CARTESIAN_POINT('',(0.632088491677,0.35,0.185246310991));
#11806 = ORIENTED_EDGE('',*,*,#11777,.T.);
#11807 = ORIENTED_EDGE('',*,*,#11808,.F.);
#11808 = EDGE_CURVE('',#11809,#11768,#11811,.T.);
#11809 = VERTEX_POINT('',#11810);
#11810 = CARTESIAN_POINT('',(0.632088491677,0.351,0.185246310991));
#11811 = B_SPLINE_CURVE_WITH_KNOTS('',3,(#11812,#11813,#11814,#11815,
    #11816),.UNSPECIFIED.,.F.,.F.,(4,1,4),(-2.893063748039E-003,
    -1.366348187674E-003,0.E+000),.UNSPECIFIED.);
#11812 = CARTESIAN_POINT('',(0.632088491677,0.351,0.185246310991));
#11813 = CARTESIAN_POINT('',(0.630690810745,0.351,0.180330068038));
#11814 = CARTESIAN_POINT('',(0.628042262356,0.351,0.171013988062));
#11815 = CARTESIAN_POINT('',(0.623245514045,0.351,0.162605964714));
#11816 = CARTESIAN_POINT('',(0.620980085789,0.351,0.158634988454));
#11817 = ORIENTED_EDGE('',*,*,#11818,.F.);
#11818 = EDGE_CURVE('',#11798,#11809,#11819,.T.);
#11819 = LINE('',#11820,#11821);
#11820 = CARTESIAN_POINT('',(0.632088491677,0.35,0.185246310991));
#11821 = VECTOR('',#11822,1.);
#11822 = DIRECTION('',(0.E+000,1.,0.E+000));
#11823 = B_SPLINE_SURFACE_WITH_KNOTS('',3,1,(
    (#11824,#11825)
    ,(#11826,#11827)
    ,(#11828,#11829)
    ,(#11830,#11831)
    ,(#11832,#11833
    )),.UNSPECIFIED.,.F.,.F.,.F.,(4,1,4),(2,2),(-2.893063748039E-003,
    -1.366348187674E-003,0.E+000),(0.E+000,1.E-004),.UNSPECIFIED.);
#11824 = CARTESIAN_POINT('',(0.632088491677,0.35,0.185246310991));
#11825 = CARTESIAN_POINT('',(0.632088491677,0.351,0.185246310991));
#11826 = CARTESIAN_POINT('',(0.630690810745,0.35,0.180330068038));
#11827 = CARTESIAN_POINT('',(0.630690810745,0.351,0.180330068038));
#11828 = CARTESIAN_POINT('',(0.628042262356,0.35,0.171013988062));
#11829 = CARTESIAN_POINT('',(0.628042262356,0.351,0.171013988062));
#11830 = CARTESIAN_POINT('',(0.623245514045,0.35,0.162605964714));
#11831 = CARTESIAN_POINT('',(0.623245514045,0.351,0.162605964714));
#11832 = CARTESIAN_POINT('',(0.620980085789,0.35,0.158634988454));
#11833 = CARTESIAN_POINT('',(0.620980085789,0.351,0.158634988454));
#11834 = ADVANCED_FACE('',(#11835),#11864,.T.);
#11835 = FACE_BOUND('',#11836,.T.);
#11836 = EDGE_LOOP('',(#11837,#11847,#11848,#11858));
#11837 = ORIENTED_EDGE('',*,*,#11838,.F.);
#11838 = EDGE_CURVE('',#11798,#11839,#11841,.T.);
#11839 = VERTEX_POINT('',#11840);
#11840 = CARTESIAN_POINT('',(0.636116797089,0.35,0.227543676135));
#11841 = B_SPLINE_CURVE_WITH_KNOTS('',3,(#11842,#11843,#11844,#11845,
    #11846),.UNSPECIFIED.,.F.,.F.,(4,1,4),(0.E+000,1.866352315508E-003,
    4.256475321689E-003),.UNSPECIFIED.);
#11842 = CARTESIAN_POINT('',(0.632088491677,0.35,0.185246310991));
#11843 = CARTESIAN_POINT('',(0.633258896632,0.35,0.191368652957));
#11844 = CARTESIAN_POINT('',(0.635928167469,0.35,0.205331502989));
#11845 = CARTESIAN_POINT('',(0.6360489657,0.35,0.219556157793));
#11846 = CARTESIAN_POINT('',(0.636116797089,0.35,0.227543676135));
#11847 = ORIENTED_EDGE('',*,*,#11818,.T.);
#11848 = ORIENTED_EDGE('',*,*,#11849,.F.);
#11849 = EDGE_CURVE('',#11850,#11809,#11852,.T.);
#11850 = VERTEX_POINT('',#11851);
#11851 = CARTESIAN_POINT('',(0.636116797089,0.351,0.227543676135));
#11852 = B_SPLINE_CURVE_WITH_KNOTS('',3,(#11853,#11854,#11855,#11856,
    #11857),.UNSPECIFIED.,.F.,.F.,(4,1,4),(-4.256475321689E-003,
    -1.866352315508E-003,0.E+000),.UNSPECIFIED.);
#11853 = CARTESIAN_POINT('',(0.636116797089,0.351,0.227543676135));
#11854 = CARTESIAN_POINT('',(0.6360489657,0.351,0.219556157793));
#11855 = CARTESIAN_POINT('',(0.635928167469,0.351,0.205331502989));
#11856 = CARTESIAN_POINT('',(0.633258896632,0.351,0.191368652957));
#11857 = CARTESIAN_POINT('',(0.632088491677,0.351,0.185246310991));
#11858 = ORIENTED_EDGE('',*,*,#11859,.F.);
#11859 = EDGE_CURVE('',#11839,#11850,#11860,.T.);
#11860 = LINE('',#11861,#11862);
#11861 = CARTESIAN_POINT('',(0.636116797089,0.35,0.227543676135));
#11862 = VECTOR('',#11863,1.);
#11863 = DIRECTION('',(0.E+000,1.,0.E+000));
#11864 = B_SPLINE_SURFACE_WITH_KNOTS('',3,1,(
    (#11865,#11866)
    ,(#11867,#11868)
    ,(#11869,#11870)
    ,(#11871,#11872)
    ,(#11873,#11874
    )),.UNSPECIFIED.,.F.,.F.,.F.,(4,1,4),(2,2),(-4.256475321689E-003,
    -1.866352315508E-003,0.E+000),(0.E+000,1.E-004),.UNSPECIFIED.);
#11865 = CARTESIAN_POINT('',(0.636116797089,0.35,0.227543676135));
#11866 = CARTESIAN_POINT('',(0.636116797089,0.351,0.227543676135));
#11867 = CARTESIAN_POINT('',(0.6360489657,0.35,0.219556157793));
#11868 = CARTESIAN_POINT('',(0.6360489657,0.351,0.219556157793));
#11869 = CARTESIAN_POINT('',(0.635928167469,0.35,0.205331502989));
#11870 = CARTESIAN_POINT('',(0.635928167469,0.351,0.205331502989));
#11871 = CARTESIAN_POINT('',(0.633258896632,0.35,0.191368652957));
#11872 = CARTESIAN_POINT('',(0.633258896632,0.351,0.191368652957));
#11873 = CARTESIAN_POINT('',(0.632088491677,0.35,0.185246310991));
#11874 = CARTESIAN_POINT('',(0.632088491677,0.351,0.185246310991));
#11875 = ADVANCED_FACE('',(#11876),#11905,.T.);
#11876 = FACE_BOUND('',#11877,.T.);
#11877 = EDGE_LOOP('',(#11878,#11888,#11889,#11899));
#11878 = ORIENTED_EDGE('',*,*,#11879,.F.);
#11879 = EDGE_CURVE('',#11839,#11880,#11882,.T.);
#11880 = VERTEX_POINT('',#11881);
#11881 = CARTESIAN_POINT('',(0.629647085427,0.35,0.27838595384));
#11882 = B_SPLINE_CURVE_WITH_KNOTS('',3,(#11883,#11884,#11885,#11886,
    #11887),.UNSPECIFIED.,.F.,.F.,(4,1,4),(0.E+000,2.850356993148E-003,
    5.140807626328E-003),.UNSPECIFIED.);
#11883 = CARTESIAN_POINT('',(0.636116797089,0.35,0.227543676135));
#11884 = CARTESIAN_POINT('',(0.635986187611,0.35,0.237085097136));
#11885 = CARTESIAN_POINT('',(0.635750624766,0.35,0.254293681873));
#11886 = CARTESIAN_POINT('',(0.631528308641,0.35,0.27096027199));
#11887 = CARTESIAN_POINT('',(0.629647085427,0.35,0.27838595384));
#11888 = ORIENTED_EDGE('',*,*,#11859,.T.);
#11889 = ORIENTED_EDGE('',*,*,#11890,.F.);
#11890 = EDGE_CURVE('',#11891,#11850,#11893,.T.);
#11891 = VERTEX_POINT('',#11892);
#11892 = CARTESIAN_POINT('',(0.629647085427,0.351,0.27838595384));
#11893 = B_SPLINE_CURVE_WITH_KNOTS('',3,(#11894,#11895,#11896,#11897,
    #11898),.UNSPECIFIED.,.F.,.F.,(4,1,4),(-5.140807626328E-003,
    -2.850356993148E-003,0.E+000),.UNSPECIFIED.);
#11894 = CARTESIAN_POINT('',(0.629647085427,0.351,0.27838595384));
#11895 = CARTESIAN_POINT('',(0.631528308641,0.351,0.27096027199));
#11896 = CARTESIAN_POINT('',(0.635750624766,0.351,0.254293681873));
#11897 = CARTESIAN_POINT('',(0.635986187611,0.351,0.237085097136));
#11898 = CARTESIAN_POINT('',(0.636116797089,0.351,0.227543676135));
#11899 = ORIENTED_EDGE('',*,*,#11900,.F.);
#11900 = EDGE_CURVE('',#11880,#11891,#11901,.T.);
#11901 = LINE('',#11902,#11903);
#11902 = CARTESIAN_POINT('',(0.629647085427,0.35,0.27838595384));
#11903 = VECTOR('',#11904,1.);
#11904 = DIRECTION('',(0.E+000,1.,0.E+000));
#11905 = B_SPLINE_SURFACE_WITH_KNOTS('',3,1,(
    (#11906,#11907)
    ,(#11908,#11909)
    ,(#11910,#11911)
    ,(#11912,#11913)
    ,(#11914,#11915
    )),.UNSPECIFIED.,.F.,.F.,.F.,(4,1,4),(2,2),(-5.140807626328E-003,
    -2.850356993148E-003,0.E+000),(0.E+000,1.E-004),.UNSPECIFIED.);
#11906 = CARTESIAN_POINT('',(0.629647085427,0.35,0.27838595384));
#11907 = CARTESIAN_POINT('',(0.629647085427,0.351,0.27838595384));
#11908 = CARTESIAN_POINT('',(0.631528308641,0.35,0.27096027199));
#11909 = CARTESIAN_POINT('',(0.631528308641,0.351,0.27096027199));
#11910 = CARTESIAN_POINT('',(0.635750624766,0.35,0.254293681873));
#11911 = CARTESIAN_POINT('',(0.635750624766,0.351,0.254293681873));
#11912 = CARTESIAN_POINT('',(0.635986187611,0.35,0.237085097136));
#11913 = CARTESIAN_POINT('',(0.635986187611,0.351,0.237085097136));
#11914 = CARTESIAN_POINT('',(0.636116797089,0.35,0.227543676135));
#11915 = CARTESIAN_POINT('',(0.636116797089,0.351,0.227543676135));
#11916 = ADVANCED_FACE('',(#11917),#11946,.T.);
#11917 = FACE_BOUND('',#11918,.T.);
#11918 = EDGE_LOOP('',(#11919,#11929,#11930,#11940));
#11919 = ORIENTED_EDGE('',*,*,#11920,.F.);
#11920 = EDGE_CURVE('',#11880,#11921,#11923,.T.);
#11921 = VERTEX_POINT('',#11922);
#11922 = CARTESIAN_POINT('',(0.610298933446,0.35,0.308293199029));
#11923 = B_SPLINE_CURVE_WITH_KNOTS('',3,(#11924,#11925,#11926,#11927,
    #11928),.UNSPECIFIED.,.F.,.F.,(4,1,4),(0.E+000,1.895543974784E-003,
    3.598124820386E-003),.UNSPECIFIED.);
#11924 = CARTESIAN_POINT('',(0.629647085427,0.35,0.27838595384));
#11925 = CARTESIAN_POINT('',(0.627350002194,0.35,0.284361823737));
#11926 = CARTESIAN_POINT('',(0.622989674866,0.35,0.295705230212));
#11927 = CARTESIAN_POINT('',(0.614375185669,0.35,0.304249957253));
#11928 = CARTESIAN_POINT('',(0.610298933446,0.35,0.308293199029));
#11929 = ORIENTED_EDGE('',*,*,#11900,.T.);
#11930 = ORIENTED_EDGE('',*,*,#11931,.F.);
#11931 = EDGE_CURVE('',#11932,#11891,#11934,.T.);
#11932 = VERTEX_POINT('',#11933);
#11933 = CARTESIAN_POINT('',(0.610298933446,0.351,0.308293199029));
#11934 = B_SPLINE_CURVE_WITH_KNOTS('',3,(#11935,#11936,#11937,#11938,
    #11939),.UNSPECIFIED.,.F.,.F.,(4,1,4),(-3.598124820386E-003,
    -1.895543974784E-003,0.E+000),.UNSPECIFIED.);
#11935 = CARTESIAN_POINT('',(0.610298933446,0.351,0.308293199029));
#11936 = CARTESIAN_POINT('',(0.614375185669,0.351,0.304249957253));
#11937 = CARTESIAN_POINT('',(0.622989674866,0.351,0.295705230212));
#11938 = CARTESIAN_POINT('',(0.627350002194,0.351,0.284361823737));
#11939 = CARTESIAN_POINT('',(0.629647085427,0.351,0.27838595384));
#11940 = ORIENTED_EDGE('',*,*,#11941,.F.);
#11941 = EDGE_CURVE('',#11921,#11932,#11942,.T.);
#11942 = LINE('',#11943,#11944);
#11943 = CARTESIAN_POINT('',(0.610298933446,0.35,0.308293199029));
#11944 = VECTOR('',#11945,1.);
#11945 = DIRECTION('',(0.E+000,1.,0.E+000));
#11946 = B_SPLINE_SURFACE_WITH_KNOTS('',3,1,(
    (#11947,#11948)
    ,(#11949,#11950)
    ,(#11951,#11952)
    ,(#11953,#11954)
    ,(#11955,#11956
    )),.UNSPECIFIED.,.F.,.F.,.F.,(4,1,4),(2,2),(-3.598124820386E-003,
    -1.895543974784E-003,0.E+000),(0.E+000,1.E-004),.UNSPECIFIED.);
#11947 = CARTESIAN_POINT('',(0.610298933446,0.35,0.308293199029));
#11948 = CARTESIAN_POINT('',(0.610298933446,0.351,0.308293199029));
#11949 = CARTESIAN_POINT('',(0.614375185669,0.35,0.304249957253));
#11950 = CARTESIAN_POINT('',(0.614375185669,0.351,0.304249957253));
#11951 = CARTESIAN_POINT('',(0.622989674866,0.35,0.295705230212));
#11952 = CARTESIAN_POINT('',(0.622989674866,0.351,0.295705230212));
#11953 = CARTESIAN_POINT('',(0.627350002194,0.35,0.284361823737));
#11954 = CARTESIAN_POINT('',(0.627350002194,0.351,0.284361823737));
#11955 = CARTESIAN_POINT('',(0.629647085427,0.35,0.27838595384));
#11956 = CARTESIAN_POINT('',(0.629647085427,0.351,0.27838595384));
#11957 = ADVANCED_FACE('',(#11958),#11987,.T.);
#11958 = FACE_BOUND('',#11959,.T.);
#11959 = EDGE_LOOP('',(#11960,#11970,#11971,#11981));
#11960 = ORIENTED_EDGE('',*,*,#11961,.F.);
#11961 = EDGE_CURVE('',#11921,#11962,#11964,.T.);
#11962 = VERTEX_POINT('',#11963);
#11963 = CARTESIAN_POINT('',(0.577767202615,0.35,0.31885227361));
#11964 = B_SPLINE_CURVE_WITH_KNOTS('',3,(#11965,#11966,#11967,#11968,
    #11969),.UNSPECIFIED.,.F.,.F.,(4,1,4),(0.E+000,1.658502100653E-003,
    3.473757191417E-003),.UNSPECIFIED.);
#11965 = CARTESIAN_POINT('',(0.610298933446,0.35,0.308293199029));
#11966 = CARTESIAN_POINT('',(0.60558769405,0.35,0.31137121925));
#11967 = CARTESIAN_POINT('',(0.595719933421,0.35,0.317818178148));
#11968 = CARTESIAN_POINT('',(0.583928804111,0.35,0.318497359128));
#11969 = CARTESIAN_POINT('',(0.577767202615,0.35,0.31885227361));
#11970 = ORIENTED_EDGE('',*,*,#11941,.T.);
#11971 = ORIENTED_EDGE('',*,*,#11972,.F.);
#11972 = EDGE_CURVE('',#11973,#11932,#11975,.T.);
#11973 = VERTEX_POINT('',#11974);
#11974 = CARTESIAN_POINT('',(0.577767202615,0.351,0.31885227361));
#11975 = B_SPLINE_CURVE_WITH_KNOTS('',3,(#11976,#11977,#11978,#11979,
    #11980),.UNSPECIFIED.,.F.,.F.,(4,1,4),(-3.473757191417E-003,
    -1.658502100653E-003,0.E+000),.UNSPECIFIED.);
#11976 = CARTESIAN_POINT('',(0.577767202615,0.351,0.31885227361));
#11977 = CARTESIAN_POINT('',(0.583928804111,0.351,0.318497359128));
#11978 = CARTESIAN_POINT('',(0.595719933421,0.351,0.317818178148));
#11979 = CARTESIAN_POINT('',(0.60558769405,0.351,0.31137121925));
#11980 = CARTESIAN_POINT('',(0.610298933446,0.351,0.308293199029));
#11981 = ORIENTED_EDGE('',*,*,#11982,.F.);
#11982 = EDGE_CURVE('',#11962,#11973,#11983,.T.);
#11983 = LINE('',#11984,#11985);
#11984 = CARTESIAN_POINT('',(0.577767202615,0.35,0.31885227361));
#11985 = VECTOR('',#11986,1.);
#11986 = DIRECTION('',(0.E+000,1.,0.E+000));
#11987 = B_SPLINE_SURFACE_WITH_KNOTS('',3,1,(
    (#11988,#11989)
    ,(#11990,#11991)
    ,(#11992,#11993)
    ,(#11994,#11995)
    ,(#11996,#11997
    )),.UNSPECIFIED.,.F.,.F.,.F.,(4,1,4),(2,2),(-3.473757191417E-003,
    -1.658502100653E-003,0.E+000),(0.E+000,1.E-004),.UNSPECIFIED.);
#11988 = CARTESIAN_POINT('',(0.577767202615,0.35,0.31885227361));
#11989 = CARTESIAN_POINT('',(0.577767202615,0.351,0.31885227361));
#11990 = CARTESIAN_POINT('',(0.583928804111,0.35,0.318497359128));
#11991 = CARTESIAN_POINT('',(0.583928804111,0.351,0.318497359128));
#11992 = CARTESIAN_POINT('',(0.595719933421,0.35,0.317818178148));
#11993 = CARTESIAN_POINT('',(0.595719933421,0.351,0.317818178148));
#11994 = CARTESIAN_POINT('',(0.60558769405,0.35,0.31137121925));
#11995 = CARTESIAN_POINT('',(0.60558769405,0.351,0.31137121925));
#11996 = CARTESIAN_POINT('',(0.610298933446,0.35,0.308293199029));
#11997 = CARTESIAN_POINT('',(0.610298933446,0.351,0.308293199029));
#11998 = ADVANCED_FACE('',(#11999),#12028,.T.);
#11999 = FACE_BOUND('',#12000,.T.);
#12000 = EDGE_LOOP('',(#12001,#12011,#12012,#12022));
#12001 = ORIENTED_EDGE('',*,*,#12002,.F.);
#12002 = EDGE_CURVE('',#11962,#12003,#12005,.T.);
#12003 = VERTEX_POINT('',#12004);
#12004 = CARTESIAN_POINT('',(0.537117784827,0.35,0.300297589835));
#12005 = B_SPLINE_CURVE_WITH_KNOTS('',3,(#12006,#12007,#12008,#12009,
    #12010),.UNSPECIFIED.,.F.,.F.,(4,1,4),(0.E+000,2.356289653031E-003,
    4.595875470638E-003),.UNSPECIFIED.);
#12006 = CARTESIAN_POINT('',(0.577767202615,0.35,0.31885227361));
#12007 = CARTESIAN_POINT('',(0.569670139955,0.35,0.318160755456));
#12008 = CARTESIAN_POINT('',(0.553877051184,0.35,0.316811969106));
#12009 = CARTESIAN_POINT('',(0.542608828323,0.35,0.305708397978));
#12010 = CARTESIAN_POINT('',(0.537117784827,0.35,0.300297589835));
#12011 = ORIENTED_EDGE('',*,*,#11982,.T.);
#12012 = ORIENTED_EDGE('',*,*,#12013,.F.);
#12013 = EDGE_CURVE('',#12014,#11973,#12016,.T.);
#12014 = VERTEX_POINT('',#12015);
#12015 = CARTESIAN_POINT('',(0.537117784827,0.351,0.300297589835));
#12016 = B_SPLINE_CURVE_WITH_KNOTS('',3,(#12017,#12018,#12019,#12020,
    #12021),.UNSPECIFIED.,.F.,.F.,(4,1,4),(-4.595875470638E-003,
    -2.356289653031E-003,0.E+000),.UNSPECIFIED.);
#12017 = CARTESIAN_POINT('',(0.537117784827,0.351,0.300297589835));
#12018 = CARTESIAN_POINT('',(0.542608828323,0.351,0.305708397978));
#12019 = CARTESIAN_POINT('',(0.553877051184,0.351,0.316811969106));
#12020 = CARTESIAN_POINT('',(0.569670139955,0.351,0.318160755456));
#12021 = CARTESIAN_POINT('',(0.577767202615,0.351,0.31885227361));
#12022 = ORIENTED_EDGE('',*,*,#12023,.F.);
#12023 = EDGE_CURVE('',#12003,#12014,#12024,.T.);
#12024 = LINE('',#12025,#12026);
#12025 = CARTESIAN_POINT('',(0.537117784827,0.35,0.300297589835));
#12026 = VECTOR('',#12027,1.);
#12027 = DIRECTION('',(0.E+000,1.,0.E+000));
#12028 = B_SPLINE_SURFACE_WITH_KNOTS('',3,1,(
    (#12029,#12030)
    ,(#12031,#12032)
    ,(#12033,#12034)
    ,(#12035,#12036)
    ,(#12037,#12038
    )),.UNSPECIFIED.,.F.,.F.,.F.,(4,1,4),(2,2),(-4.595875470638E-003,
    -2.356289653031E-003,0.E+000),(0.E+000,1.E-004),.UNSPECIFIED.);
#12029 = CARTESIAN_POINT('',(0.537117784827,0.35,0.300297589835));
#12030 = CARTESIAN_POINT('',(0.537117784827,0.351,0.300297589835));
#12031 = CARTESIAN_POINT('',(0.542608828323,0.35,0.305708397978));
#12032 = CARTESIAN_POINT('',(0.542608828323,0.351,0.305708397978));
#12033 = CARTESIAN_POINT('',(0.553877051184,0.35,0.316811969106));
#12034 = CARTESIAN_POINT('',(0.553877051184,0.351,0.316811969106));
#12035 = CARTESIAN_POINT('',(0.569670139955,0.35,0.318160755456));
#12036 = CARTESIAN_POINT('',(0.569670139955,0.351,0.318160755456));
#12037 = CARTESIAN_POINT('',(0.577767202615,0.35,0.31885227361));
#12038 = CARTESIAN_POINT('',(0.577767202615,0.351,0.31885227361));
#12039 = ADVANCED_FACE('',(#12040),#12060,.T.);
#12040 = FACE_BOUND('',#12041,.T.);
#12041 = EDGE_LOOP('',(#12042,#12050,#12051,#12059));
#12042 = ORIENTED_EDGE('',*,*,#12043,.F.);
#12043 = EDGE_CURVE('',#12003,#11584,#12044,.T.);
#12044 = B_SPLINE_CURVE_WITH_KNOTS('',3,(#12045,#12046,#12047,#12048,
    #12049),.UNSPECIFIED.,.F.,.F.,(4,1,4),(0.E+000,3.221981721949E-003,
    7.584084262497E-003),.UNSPECIFIED.);
#12045 = CARTESIAN_POINT('',(0.537117784827,0.35,0.300297589835));
#12046 = CARTESIAN_POINT('',(0.531984205937,0.35,0.290702489141));
#12047 = CARTESIAN_POINT('',(0.51990049528,0.35,0.268116994109));
#12048 = CARTESIAN_POINT('',(0.519593920632,0.35,0.242358861627));
#12049 = CARTESIAN_POINT('',(0.519417589515,0.35,0.227543676135));
#12050 = ORIENTED_EDGE('',*,*,#12023,.T.);
#12051 = ORIENTED_EDGE('',*,*,#12052,.F.);
#12052 = EDGE_CURVE('',#11596,#12014,#12053,.T.);
#12053 = B_SPLINE_CURVE_WITH_KNOTS('',3,(#12054,#12055,#12056,#12057,
    #12058),.UNSPECIFIED.,.F.,.F.,(4,1,4),(-7.584084262497E-003,
    -3.221981721949E-003,0.E+000),.UNSPECIFIED.);
#12054 = CARTESIAN_POINT('',(0.519417589515,0.351,0.227543676135));
#12055 = CARTESIAN_POINT('',(0.519593920632,0.351,0.242358861627));
#12056 = CARTESIAN_POINT('',(0.51990049528,0.351,0.268116994109));
#12057 = CARTESIAN_POINT('',(0.531984205937,0.351,0.290702489141));
#12058 = CARTESIAN_POINT('',(0.537117784827,0.351,0.300297589835));
#12059 = ORIENTED_EDGE('',*,*,#11595,.F.);
#12060 = B_SPLINE_SURFACE_WITH_KNOTS('',3,1,(
    (#12061,#12062)
    ,(#12063,#12064)
    ,(#12065,#12066)
    ,(#12067,#12068)
    ,(#12069,#12070
    )),.UNSPECIFIED.,.F.,.F.,.F.,(4,1,4),(2,2),(-7.584084262497E-003,
    -3.221981721949E-003,0.E+000),(0.E+000,1.E-004),.UNSPECIFIED.);
#12061 = CARTESIAN_POINT('',(0.519417589515,0.35,0.227543676135));
#12062 = CARTESIAN_POINT('',(0.519417589515,0.351,0.227543676135));
#12063 = CARTESIAN_POINT('',(0.519593920632,0.35,0.242358861627));
#12064 = CARTESIAN_POINT('',(0.519593920632,0.351,0.242358861627));
#12065 = CARTESIAN_POINT('',(0.51990049528,0.35,0.268116994109));
#12066 = CARTESIAN_POINT('',(0.51990049528,0.351,0.268116994109));
#12067 = CARTESIAN_POINT('',(0.531984205937,0.35,0.290702489141));
#12068 = CARTESIAN_POINT('',(0.531984205937,0.351,0.290702489141));
#12069 = CARTESIAN_POINT('',(0.537117784827,0.35,0.300297589835));
#12070 = CARTESIAN_POINT('',(0.537117784827,0.351,0.300297589835));
#12071 = ADVANCED_FACE('',(#12072,#12086),#12096,.T.);
#12072 = FACE_BOUND('',#12073,.T.);
#12073 = EDGE_LOOP('',(#12074,#12075,#12076,#12077,#12078,#12079,#12080,
    #12081,#12082,#12083,#12084,#12085));
#12074 = ORIENTED_EDGE('',*,*,#12052,.T.);
#12075 = ORIENTED_EDGE('',*,*,#12013,.T.);
#12076 = ORIENTED_EDGE('',*,*,#11972,.T.);
#12077 = ORIENTED_EDGE('',*,*,#11931,.T.);
#12078 = ORIENTED_EDGE('',*,*,#11890,.T.);
#12079 = ORIENTED_EDGE('',*,*,#11849,.T.);
#12080 = ORIENTED_EDGE('',*,*,#11808,.T.);
#12081 = ORIENTED_EDGE('',*,*,#11767,.T.);
#12082 = ORIENTED_EDGE('',*,*,#11726,.T.);
#12083 = ORIENTED_EDGE('',*,*,#11685,.T.);
#12084 = ORIENTED_EDGE('',*,*,#11644,.T.);
#12085 = ORIENTED_EDGE('',*,*,#11603,.T.);
#12086 = FACE_BOUND('',#12087,.T.);
#12087 = EDGE_LOOP('',(#12088,#12089,#12090,#12091,#12092,#12093,#12094,
    #12095));
#12088 = ORIENTED_EDGE('',*,*,#11560,.T.);
#12089 = ORIENTED_EDGE('',*,*,#11521,.T.);
#12090 = ORIENTED_EDGE('',*,*,#11480,.T.);
#12091 = ORIENTED_EDGE('',*,*,#11439,.T.);
#12092 = ORIENTED_EDGE('',*,*,#11398,.T.);
#12093 = ORIENTED_EDGE('',*,*,#11357,.T.);
#12094 = ORIENTED_EDGE('',*,*,#11316,.T.);
#12095 = ORIENTED_EDGE('',*,*,#11275,.T.);
#12096 = PLANE('',#12097);
#12097 = AXIS2_PLACEMENT_3D('',#12098,#12099,#12100);
#12098 = CARTESIAN_POINT('',(0.507637811809,0.351,0.227482646566));
#12099 = DIRECTION('',(0.E+000,1.,0.E+000));
#12100 = DIRECTION('',(-1.,0.E+000,0.E+000));
#12101 = ADVANCED_FACE('',(#12102,#12116),#12126,.F.);
#12102 = FACE_BOUND('',#12103,.T.);
#12103 = EDGE_LOOP('',(#12104,#12105,#12106,#12107,#12108,#12109,#12110,
    #12111,#12112,#12113,#12114,#12115));
#12104 = ORIENTED_EDGE('',*,*,#12043,.T.);
#12105 = ORIENTED_EDGE('',*,*,#11583,.T.);
#12106 = ORIENTED_EDGE('',*,*,#11633,.T.);
#12107 = ORIENTED_EDGE('',*,*,#11674,.T.);
#12108 = ORIENTED_EDGE('',*,*,#11715,.T.);
#12109 = ORIENTED_EDGE('',*,*,#11756,.T.);
#12110 = ORIENTED_EDGE('',*,*,#11797,.T.);
#12111 = ORIENTED_EDGE('',*,*,#11838,.T.);
#12112 = ORIENTED_EDGE('',*,*,#11879,.T.);
#12113 = ORIENTED_EDGE('',*,*,#11920,.T.);
#12114 = ORIENTED_EDGE('',*,*,#11961,.T.);
#12115 = ORIENTED_EDGE('',*,*,#12002,.T.);
#12116 = FACE_BOUND('',#12117,.T.);
#12117 = EDGE_LOOP('',(#12118,#12119,#12120,#12121,#12122,#12123,#12124,
    #12125));
#12118 = ORIENTED_EDGE('',*,*,#11551,.T.);
#12119 = ORIENTED_EDGE('',*,*,#11255,.T.);
#12120 = ORIENTED_EDGE('',*,*,#11305,.T.);
#12121 = ORIENTED_EDGE('',*,*,#11346,.T.);
#12122 = ORIENTED_EDGE('',*,*,#11387,.T.);
#12123 = ORIENTED_EDGE('',*,*,#11428,.T.);
#12124 = ORIENTED_EDGE('',*,*,#11469,.T.);
#12125 = ORIENTED_EDGE('',*,*,#11510,.T.);
#12126 = PLANE('',#12127);
#12127 = AXIS2_PLACEMENT_3D('',#12128,#12129,#12130);
#12128 = CARTESIAN_POINT('',(0.507637811809,0.35,0.227482646566));
#12129 = DIRECTION('',(0.E+000,1.,0.E+000));
#12130 = DIRECTION('',(-1.,0.E+000,0.E+000));
#12131 = MANIFOLD_SOLID_BREP('',#12132);
#12132 = CLOSED_SHELL('',(#12133,#12173,#12204,#12245,#12286,#12327,
    #12368,#12409,#12450,#12491,#12532,#12573,#12604,#12645,#12686,
    #12727,#12768,#12809,#12850,#12891,#12932,#12973,#12995,#13025));
#12133 = ADVANCED_FACE('',(#12134),#12168,.T.);
#12134 = FACE_BOUND('',#12135,.T.);
#12135 = EDGE_LOOP('',(#12136,#12146,#12154,#12162));
#12136 = ORIENTED_EDGE('',*,*,#12137,.F.);
#12137 = EDGE_CURVE('',#12138,#12140,#12142,.T.);
#12138 = VERTEX_POINT('',#12139);
#12139 = CARTESIAN_POINT('',(0.773934209704,0.35,0.29468234801));
#12140 = VERTEX_POINT('',#12141);
#12141 = CARTESIAN_POINT('',(0.773934209704,0.35,0.315800515797));
#12142 = LINE('',#12143,#12144);
#12143 = CARTESIAN_POINT('',(0.773934209704,0.35,0.29468234801));
#12144 = VECTOR('',#12145,1.);
#12145 = DIRECTION('',(0.E+000,0.E+000,1.));
#12146 = ORIENTED_EDGE('',*,*,#12147,.T.);
#12147 = EDGE_CURVE('',#12138,#12148,#12150,.T.);
#12148 = VERTEX_POINT('',#12149);
#12149 = CARTESIAN_POINT('',(0.773934209704,0.351,0.29468234801));
#12150 = LINE('',#12151,#12152);
#12151 = CARTESIAN_POINT('',(0.773934209704,0.35,0.29468234801));
#12152 = VECTOR('',#12153,1.);
#12153 = DIRECTION('',(0.E+000,1.,0.E+000));
#12154 = ORIENTED_EDGE('',*,*,#12155,.F.);
#12155 = EDGE_CURVE('',#12156,#12148,#12158,.T.);
#12156 = VERTEX_POINT('',#12157);
#12157 = CARTESIAN_POINT('',(0.773934209704,0.351,0.315800515797));
#12158 = LINE('',#12159,#12160);
#12159 = CARTESIAN_POINT('',(0.773934209704,0.351,0.29468234801));
#12160 = VECTOR('',#12161,1.);
#12161 = DIRECTION('',(0.E+000,0.E+000,-1.));
#12162 = ORIENTED_EDGE('',*,*,#12163,.F.);
#12163 = EDGE_CURVE('',#12140,#12156,#12164,.T.);
#12164 = LINE('',#12165,#12166);
#12165 = CARTESIAN_POINT('',(0.773934209704,0.35,0.315800515797));
#12166 = VECTOR('',#12167,1.);
#12167 = DIRECTION('',(0.E+000,1.,0.E+000));
#12168 = PLANE('',#12169);
#12169 = AXIS2_PLACEMENT_3D('',#12170,#12171,#12172);
#12170 = CARTESIAN_POINT('',(0.773934209704,0.35,0.315800515797));
#12171 = DIRECTION('',(1.,0.E+000,0.E+000));
#12172 = DIRECTION('',(0.E+000,0.E+000,-1.));
#12173 = ADVANCED_FACE('',(#12174),#12199,.T.);
#12174 = FACE_BOUND('',#12175,.T.);
#12175 = EDGE_LOOP('',(#12176,#12184,#12185,#12193));
#12176 = ORIENTED_EDGE('',*,*,#12177,.F.);
#12177 = EDGE_CURVE('',#12140,#12178,#12180,.T.);
#12178 = VERTEX_POINT('',#12179);
#12179 = CARTESIAN_POINT('',(0.655648084342,0.35,0.315800515797));
#12180 = LINE('',#12181,#12182);
#12181 = CARTESIAN_POINT('',(0.773934209704,0.35,0.315800515797));
#12182 = VECTOR('',#12183,1.);
#12183 = DIRECTION('',(-1.,0.E+000,0.E+000));
#12184 = ORIENTED_EDGE('',*,*,#12163,.T.);
#12185 = ORIENTED_EDGE('',*,*,#12186,.F.);
#12186 = EDGE_CURVE('',#12187,#12156,#12189,.T.);
#12187 = VERTEX_POINT('',#12188);
#12188 = CARTESIAN_POINT('',(0.655648084342,0.351,0.315800515797));
#12189 = LINE('',#12190,#12191);
#12190 = CARTESIAN_POINT('',(0.773934209704,0.351,0.315800515797));
#12191 = VECTOR('',#12192,1.);
#12192 = DIRECTION('',(1.,0.E+000,0.E+000));
#12193 = ORIENTED_EDGE('',*,*,#12194,.F.);
#12194 = EDGE_CURVE('',#12178,#12187,#12195,.T.);
#12195 = LINE('',#12196,#12197);
#12196 = CARTESIAN_POINT('',(0.655648084342,0.35,0.315800515797));
#12197 = VECTOR('',#12198,1.);
#12198 = DIRECTION('',(0.E+000,1.,0.E+000));
#12199 = PLANE('',#12200);
#12200 = AXIS2_PLACEMENT_3D('',#12201,#12202,#12203);
#12201 = CARTESIAN_POINT('',(0.655648084342,0.35,0.315800515797));
#12202 = DIRECTION('',(0.E+000,0.E+000,1.));
#12203 = DIRECTION('',(1.,0.E+000,-0.E+000));
#12204 = ADVANCED_FACE('',(#12205),#12234,.T.);
#12205 = FACE_BOUND('',#12206,.T.);
#12206 = EDGE_LOOP('',(#12207,#12217,#12218,#12228));
#12207 = ORIENTED_EDGE('',*,*,#12208,.F.);
#12208 = EDGE_CURVE('',#12178,#12209,#12211,.T.);
#12209 = VERTEX_POINT('',#12210);
#12210 = CARTESIAN_POINT('',(0.658211531102,0.35,0.300541726735));
#12211 = B_SPLINE_CURVE_WITH_KNOTS('',3,(#12212,#12213,#12214,#12215,
    #12216),.UNSPECIFIED.,.F.,.F.,(4,1,4),(0.E+000,7.799255552759E-004,
    1.555059631696E-003),.UNSPECIFIED.);
#12212 = CARTESIAN_POINT('',(0.655648084342,0.35,0.315800515797));
#12213 = CARTESIAN_POINT('',(0.655692407445,0.35,0.313184875329));
#12214 = CARTESIAN_POINT('',(0.655780781353,0.35,0.307969663602));
#12215 = CARTESIAN_POINT('',(0.657402947268,0.35,0.30301261444));
#12216 = CARTESIAN_POINT('',(0.658211531102,0.35,0.300541726735));
#12217 = ORIENTED_EDGE('',*,*,#12194,.T.);
#12218 = ORIENTED_EDGE('',*,*,#12219,.F.);
#12219 = EDGE_CURVE('',#12220,#12187,#12222,.T.);
#12220 = VERTEX_POINT('',#12221);
#12221 = CARTESIAN_POINT('',(0.658211531102,0.351,0.300541726735));
#12222 = B_SPLINE_CURVE_WITH_KNOTS('',3,(#12223,#12224,#12225,#12226,
    #12227),.UNSPECIFIED.,.F.,.F.,(4,1,4),(-1.555059631696E-003,
    -7.799255552759E-004,0.E+000),.UNSPECIFIED.);
#12223 = CARTESIAN_POINT('',(0.658211531102,0.351,0.300541726735));
#12224 = CARTESIAN_POINT('',(0.657402947268,0.351,0.30301261444));
#12225 = CARTESIAN_POINT('',(0.655780781353,0.351,0.307969663602));
#12226 = CARTESIAN_POINT('',(0.655692407445,0.351,0.313184875329));
#12227 = CARTESIAN_POINT('',(0.655648084342,0.351,0.315800515797));
#12228 = ORIENTED_EDGE('',*,*,#12229,.F.);
#12229 = EDGE_CURVE('',#12209,#12220,#12230,.T.);
#12230 = LINE('',#12231,#12232);
#12231 = CARTESIAN_POINT('',(0.658211531102,0.35,0.300541726735));
#12232 = VECTOR('',#12233,1.);
#12233 = DIRECTION('',(0.E+000,1.,0.E+000));
#12234 = B_SPLINE_SURFACE_WITH_KNOTS('',3,1,(
    (#12235,#12236)
    ,(#12237,#12238)
    ,(#12239,#12240)
    ,(#12241,#12242)
    ,(#12243,#12244
    )),.UNSPECIFIED.,.F.,.F.,.F.,(4,1,4),(2,2),(-1.555059631696E-003,
    -7.799255552759E-004,0.E+000),(0.E+000,1.E-004),.UNSPECIFIED.);
#12235 = CARTESIAN_POINT('',(0.658211531102,0.35,0.300541726735));
#12236 = CARTESIAN_POINT('',(0.658211531102,0.351,0.300541726735));
#12237 = CARTESIAN_POINT('',(0.657402947268,0.35,0.30301261444));
#12238 = CARTESIAN_POINT('',(0.657402947268,0.351,0.30301261444));
#12239 = CARTESIAN_POINT('',(0.655780781353,0.35,0.307969663602));
#12240 = CARTESIAN_POINT('',(0.655780781353,0.351,0.307969663602));
#12241 = CARTESIAN_POINT('',(0.655692407445,0.35,0.313184875329));
#12242 = CARTESIAN_POINT('',(0.655692407445,0.351,0.313184875329));
#12243 = CARTESIAN_POINT('',(0.655648084342,0.35,0.315800515797));
#12244 = CARTESIAN_POINT('',(0.655648084342,0.351,0.315800515797));
#12245 = ADVANCED_FACE('',(#12246),#12275,.T.);
#12246 = FACE_BOUND('',#12247,.T.);
#12247 = EDGE_LOOP('',(#12248,#12258,#12259,#12269));
#12248 = ORIENTED_EDGE('',*,*,#12249,.F.);
#12249 = EDGE_CURVE('',#12209,#12250,#12252,.T.);
#12250 = VERTEX_POINT('',#12251);
#12251 = CARTESIAN_POINT('',(0.672676870584,0.35,0.276738015797));
#12252 = B_SPLINE_CURVE_WITH_KNOTS('',3,(#12253,#12254,#12255,#12256,
    #12257),.UNSPECIFIED.,.F.,.F.,(4,1,4),(0.E+000,1.33548894838E-003,
    2.795912047934E-003),.UNSPECIFIED.);
#12253 = CARTESIAN_POINT('',(0.658211531102,0.35,0.300541726735));
#12254 = CARTESIAN_POINT('',(0.660012022439,0.35,0.29644891682));
#12255 = CARTESIAN_POINT('',(0.663781439946,0.35,0.287880417196));
#12256 = CARTESIAN_POINT('',(0.66962469261,0.35,0.280561168774));
#12257 = CARTESIAN_POINT('',(0.672676870584,0.35,0.276738015797));
#12258 = ORIENTED_EDGE('',*,*,#12229,.T.);
#12259 = ORIENTED_EDGE('',*,*,#12260,.F.);
#12260 = EDGE_CURVE('',#12261,#12220,#12263,.T.);
#12261 = VERTEX_POINT('',#12262);
#12262 = CARTESIAN_POINT('',(0.672676870584,0.351,0.276738015797));
#12263 = B_SPLINE_CURVE_WITH_KNOTS('',3,(#12264,#12265,#12266,#12267,
    #12268),.UNSPECIFIED.,.F.,.F.,(4,1,4),(-2.795912047934E-003,
    -1.33548894838E-003,0.E+000),.UNSPECIFIED.);
#12264 = CARTESIAN_POINT('',(0.672676870584,0.351,0.276738015797));
#12265 = CARTESIAN_POINT('',(0.66962469261,0.351,0.280561168774));
#12266 = CARTESIAN_POINT('',(0.663781439946,0.351,0.287880417196));
#12267 = CARTESIAN_POINT('',(0.660012022439,0.351,0.29644891682));
#12268 = CARTESIAN_POINT('',(0.658211531102,0.351,0.300541726735));
#12269 = ORIENTED_EDGE('',*,*,#12270,.F.);
#12270 = EDGE_CURVE('',#12250,#12261,#12271,.T.);
#12271 = LINE('',#12272,#12273);
#12272 = CARTESIAN_POINT('',(0.672676870584,0.35,0.276738015797));
#12273 = VECTOR('',#12274,1.);
#12274 = DIRECTION('',(0.E+000,1.,0.E+000));
#12275 = B_SPLINE_SURFACE_WITH_KNOTS('',3,1,(
    (#12276,#12277)
    ,(#12278,#12279)
    ,(#12280,#12281)
    ,(#12282,#12283)
    ,(#12284,#12285
    )),.UNSPECIFIED.,.F.,.F.,.F.,(4,1,4),(2,2),(-2.795912047934E-003,
    -1.33548894838E-003,0.E+000),(0.E+000,1.E-004),.UNSPECIFIED.);
#12276 = CARTESIAN_POINT('',(0.672676870584,0.35,0.276738015797));
#12277 = CARTESIAN_POINT('',(0.672676870584,0.351,0.276738015797));
#12278 = CARTESIAN_POINT('',(0.66962469261,0.35,0.280561168774));
#12279 = CARTESIAN_POINT('',(0.66962469261,0.351,0.280561168774));
#12280 = CARTESIAN_POINT('',(0.663781439946,0.35,0.287880417196));
#12281 = CARTESIAN_POINT('',(0.663781439946,0.351,0.287880417196));
#12282 = CARTESIAN_POINT('',(0.660012022439,0.35,0.29644891682));
#12283 = CARTESIAN_POINT('',(0.660012022439,0.351,0.29644891682));
#12284 = CARTESIAN_POINT('',(0.658211531102,0.35,0.300541726735));
#12285 = CARTESIAN_POINT('',(0.658211531102,0.351,0.300541726735));
#12286 = ADVANCED_FACE('',(#12287),#12316,.T.);
#12287 = FACE_BOUND('',#12288,.T.);
#12288 = EDGE_LOOP('',(#12289,#12299,#12300,#12310));
#12289 = ORIENTED_EDGE('',*,*,#12290,.F.);
#12290 = EDGE_CURVE('',#12250,#12291,#12293,.T.);
#12291 = VERTEX_POINT('',#12292);
#12292 = CARTESIAN_POINT('',(0.701424451529,0.35,0.249638410148));
#12293 = B_SPLINE_CURVE_WITH_KNOTS('',3,(#12294,#12295,#12296,#12297,
    #12298),.UNSPECIFIED.,.F.,.F.,(4,1,4),(0.E+000,1.753627929101E-003,
    3.954427708413E-003),.UNSPECIFIED.);
#12294 = CARTESIAN_POINT('',(0.672676870584,0.35,0.276738015797));
#12295 = CARTESIAN_POINT('',(0.676652646698,0.35,0.27244468683));
#12296 = CARTESIAN_POINT('',(0.685618014419,0.35,0.26276323802));
#12297 = CARTESIAN_POINT('',(0.695772864586,0.35,0.254331188496));
#12298 = CARTESIAN_POINT('',(0.701424451529,0.35,0.249638410148));
#12299 = ORIENTED_EDGE('',*,*,#12270,.T.);
#12300 = ORIENTED_EDGE('',*,*,#12301,.F.);
#12301 = EDGE_CURVE('',#12302,#12261,#12304,.T.);
#12302 = VERTEX_POINT('',#12303);
#12303 = CARTESIAN_POINT('',(0.701424451529,0.351,0.249638410148));
#12304 = B_SPLINE_CURVE_WITH_KNOTS('',3,(#12305,#12306,#12307,#12308,
    #12309),.UNSPECIFIED.,.F.,.F.,(4,1,4),(-3.954427708413E-003,
    -1.753627929101E-003,0.E+000),.UNSPECIFIED.);
#12305 = CARTESIAN_POINT('',(0.701424451529,0.351,0.249638410148));
#12306 = CARTESIAN_POINT('',(0.695772864586,0.351,0.254331188496));
#12307 = CARTESIAN_POINT('',(0.685618014419,0.351,0.26276323802));
#12308 = CARTESIAN_POINT('',(0.676652646698,0.351,0.27244468683));
#12309 = CARTESIAN_POINT('',(0.672676870584,0.351,0.276738015797));
#12310 = ORIENTED_EDGE('',*,*,#12311,.F.);
#12311 = EDGE_CURVE('',#12291,#12302,#12312,.T.);
#12312 = LINE('',#12313,#12314);
#12313 = CARTESIAN_POINT('',(0.701424451529,0.35,0.249638410148));
#12314 = VECTOR('',#12315,1.);
#12315 = DIRECTION('',(0.E+000,1.,0.E+000));
#12316 = B_SPLINE_SURFACE_WITH_KNOTS('',3,1,(
    (#12317,#12318)
    ,(#12319,#12320)
    ,(#12321,#12322)
    ,(#12323,#12324)
    ,(#12325,#12326
    )),.UNSPECIFIED.,.F.,.F.,.F.,(4,1,4),(2,2),(-3.954427708413E-003,
    -1.753627929101E-003,0.E+000),(0.E+000,1.E-004),.UNSPECIFIED.);
#12317 = CARTESIAN_POINT('',(0.701424451529,0.35,0.249638410148));
#12318 = CARTESIAN_POINT('',(0.701424451529,0.351,0.249638410148));
#12319 = CARTESIAN_POINT('',(0.695772864586,0.35,0.254331188496));
#12320 = CARTESIAN_POINT('',(0.695772864586,0.351,0.254331188496));
#12321 = CARTESIAN_POINT('',(0.685618014419,0.35,0.26276323802));
#12322 = CARTESIAN_POINT('',(0.685618014419,0.351,0.26276323802));
#12323 = CARTESIAN_POINT('',(0.676652646698,0.35,0.27244468683));
#12324 = CARTESIAN_POINT('',(0.676652646698,0.351,0.27244468683));
#12325 = CARTESIAN_POINT('',(0.672676870584,0.35,0.276738015797));
#12326 = CARTESIAN_POINT('',(0.672676870584,0.351,0.276738015797));
#12327 = ADVANCED_FACE('',(#12328),#12357,.T.);
#12328 = FACE_BOUND('',#12329,.T.);
#12329 = EDGE_LOOP('',(#12330,#12340,#12341,#12351));
#12330 = ORIENTED_EDGE('',*,*,#12331,.F.);
#12331 = EDGE_CURVE('',#12291,#12332,#12334,.T.);
#12332 = VERTEX_POINT('',#12333);
#12333 = CARTESIAN_POINT('',(0.740853147566,0.35,0.211735574391));
#12334 = B_SPLINE_CURVE_WITH_KNOTS('',3,(#12335,#12336,#12337,#12338,
    #12339),.UNSPECIFIED.,.F.,.F.,(4,1,4),(0.E+000,3.25138250752E-003,
    5.477581453711E-003),.UNSPECIFIED.);
#12335 = CARTESIAN_POINT('',(0.701424451529,0.35,0.249638410148));
#12336 = CARTESIAN_POINT('',(0.709825894841,0.35,0.242750176472));
#12337 = CARTESIAN_POINT('',(0.723979747844,0.35,0.231145617199));
#12338 = CARTESIAN_POINT('',(0.73597715906,0.35,0.217344589005));
#12339 = CARTESIAN_POINT('',(0.740853147566,0.35,0.211735574391));
#12340 = ORIENTED_EDGE('',*,*,#12311,.T.);
#12341 = ORIENTED_EDGE('',*,*,#12342,.F.);
#12342 = EDGE_CURVE('',#12343,#12302,#12345,.T.);
#12343 = VERTEX_POINT('',#12344);
#12344 = CARTESIAN_POINT('',(0.740853147566,0.351,0.211735574391));
#12345 = B_SPLINE_CURVE_WITH_KNOTS('',3,(#12346,#12347,#12348,#12349,
    #12350),.UNSPECIFIED.,.F.,.F.,(4,1,4),(-5.477581453711E-003,
    -3.25138250752E-003,0.E+000),.UNSPECIFIED.);
#12346 = CARTESIAN_POINT('',(0.740853147566,0.351,0.211735574391));
#12347 = CARTESIAN_POINT('',(0.73597715906,0.351,0.217344589005));
#12348 = CARTESIAN_POINT('',(0.723979747844,0.351,0.231145617199));
#12349 = CARTESIAN_POINT('',(0.709825894841,0.351,0.242750176472));
#12350 = CARTESIAN_POINT('',(0.701424451529,0.351,0.249638410148));
#12351 = ORIENTED_EDGE('',*,*,#12352,.F.);
#12352 = EDGE_CURVE('',#12332,#12343,#12353,.T.);
#12353 = LINE('',#12354,#12355);
#12354 = CARTESIAN_POINT('',(0.740853147566,0.35,0.211735574391));
#12355 = VECTOR('',#12356,1.);
#12356 = DIRECTION('',(0.E+000,1.,0.E+000));
#12357 = B_SPLINE_SURFACE_WITH_KNOTS('',3,1,(
    (#12358,#12359)
    ,(#12360,#12361)
    ,(#12362,#12363)
    ,(#12364,#12365)
    ,(#12366,#12367
    )),.UNSPECIFIED.,.F.,.F.,.F.,(4,1,4),(2,2),(-5.477581453711E-003,
    -3.25138250752E-003,0.E+000),(0.E+000,1.E-004),.UNSPECIFIED.);
#12358 = CARTESIAN_POINT('',(0.740853147566,0.35,0.211735574391));
#12359 = CARTESIAN_POINT('',(0.740853147566,0.351,0.211735574391));
#12360 = CARTESIAN_POINT('',(0.73597715906,0.35,0.217344589005));
#12361 = CARTESIAN_POINT('',(0.73597715906,0.351,0.217344589005));
#12362 = CARTESIAN_POINT('',(0.723979747844,0.35,0.231145617199));
#12363 = CARTESIAN_POINT('',(0.723979747844,0.351,0.231145617199));
#12364 = CARTESIAN_POINT('',(0.709825894841,0.35,0.242750176472));
#12365 = CARTESIAN_POINT('',(0.709825894841,0.351,0.242750176472));
#12366 = CARTESIAN_POINT('',(0.701424451529,0.35,0.249638410148));
#12367 = CARTESIAN_POINT('',(0.701424451529,0.351,0.249638410148));
#12368 = ADVANCED_FACE('',(#12369),#12398,.T.);
#12369 = FACE_BOUND('',#12370,.T.);
#12370 = EDGE_LOOP('',(#12371,#12381,#12382,#12392));
#12371 = ORIENTED_EDGE('',*,*,#12372,.F.);
#12372 = EDGE_CURVE('',#12332,#12373,#12375,.T.);
#12373 = VERTEX_POINT('',#12374);
#12374 = CARTESIAN_POINT('',(0.751107046365,0.35,0.185307349872));
#12375 = B_SPLINE_CURVE_WITH_KNOTS('',3,(#12376,#12377,#12378,#12379,
    #12380),.UNSPECIFIED.,.F.,.F.,(4,1,4),(0.E+000,1.561993776374E-003,
    2.87061154008E-003),.UNSPECIFIED.);
#12376 = CARTESIAN_POINT('',(0.740853147566,0.35,0.211735574391));
#12377 = CARTESIAN_POINT('',(0.743836561433,0.35,0.20735985295));
#12378 = CARTESIAN_POINT('',(0.749319440049,0.35,0.199318209857));
#12379 = CARTESIAN_POINT('',(0.750547303597,0.35,0.189694488966));
#12380 = CARTESIAN_POINT('',(0.751107046365,0.35,0.185307349872));
#12381 = ORIENTED_EDGE('',*,*,#12352,.T.);
#12382 = ORIENTED_EDGE('',*,*,#12383,.F.);
#12383 = EDGE_CURVE('',#12384,#12343,#12386,.T.);
#12384 = VERTEX_POINT('',#12385);
#12385 = CARTESIAN_POINT('',(0.751107046365,0.351,0.185307349872));
#12386 = B_SPLINE_CURVE_WITH_KNOTS('',3,(#12387,#12388,#12389,#12390,
    #12391),.UNSPECIFIED.,.F.,.F.,(4,1,4),(-2.87061154008E-003,
    -1.561993776374E-003,0.E+000),.UNSPECIFIED.);
#12387 = CARTESIAN_POINT('',(0.751107046365,0.351,0.185307349872));
#12388 = CARTESIAN_POINT('',(0.750547303597,0.351,0.189694488966));
#12389 = CARTESIAN_POINT('',(0.749319440049,0.351,0.199318209857));
#12390 = CARTESIAN_POINT('',(0.743836561433,0.351,0.20735985295));
#12391 = CARTESIAN_POINT('',(0.740853147566,0.351,0.211735574391));
#12392 = ORIENTED_EDGE('',*,*,#12393,.F.);
#12393 = EDGE_CURVE('',#12373,#12384,#12394,.T.);
#12394 = LINE('',#12395,#12396);
#12395 = CARTESIAN_POINT('',(0.751107046365,0.35,0.185307349872));
#12396 = VECTOR('',#12397,1.);
#12397 = DIRECTION('',(0.E+000,1.,0.E+000));
#12398 = B_SPLINE_SURFACE_WITH_KNOTS('',3,1,(
    (#12399,#12400)
    ,(#12401,#12402)
    ,(#12403,#12404)
    ,(#12405,#12406)
    ,(#12407,#12408
    )),.UNSPECIFIED.,.F.,.F.,.F.,(4,1,4),(2,2),(-2.87061154008E-003,
    -1.561993776374E-003,0.E+000),(0.E+000,1.E-004),.UNSPECIFIED.);
#12399 = CARTESIAN_POINT('',(0.751107046365,0.35,0.185307349872));
#12400 = CARTESIAN_POINT('',(0.751107046365,0.351,0.185307349872));
#12401 = CARTESIAN_POINT('',(0.750547303597,0.35,0.189694488966));
#12402 = CARTESIAN_POINT('',(0.750547303597,0.351,0.189694488966));
#12403 = CARTESIAN_POINT('',(0.749319440049,0.35,0.199318209857));
#12404 = CARTESIAN_POINT('',(0.749319440049,0.351,0.199318209857));
#12405 = CARTESIAN_POINT('',(0.743836561433,0.35,0.20735985295));
#12406 = CARTESIAN_POINT('',(0.743836561433,0.351,0.20735985295));
#12407 = CARTESIAN_POINT('',(0.740853147566,0.35,0.211735574391));
#12408 = CARTESIAN_POINT('',(0.740853147566,0.351,0.211735574391));
#12409 = ADVANCED_FACE('',(#12410),#12439,.T.);
#12410 = FACE_BOUND('',#12411,.T.);
#12411 = EDGE_LOOP('',(#12412,#12422,#12423,#12433));
#12412 = ORIENTED_EDGE('',*,*,#12413,.F.);
#12413 = EDGE_CURVE('',#12373,#12414,#12416,.T.);
#12414 = VERTEX_POINT('',#12415);
#12415 = CARTESIAN_POINT('',(0.741768674909,0.35,0.163273654741));
#12416 = B_SPLINE_CURVE_WITH_KNOTS('',3,(#12417,#12418,#12419,#12420,
    #12421),.UNSPECIFIED.,.F.,.F.,(4,1,4),(0.E+000,1.226344967353E-003,
    2.446767587443E-003),.UNSPECIFIED.);
#12417 = CARTESIAN_POINT('',(0.751107046365,0.35,0.185307349872));
#12418 = CARTESIAN_POINT('',(0.750721723822,0.35,0.181127540704));
#12419 = CARTESIAN_POINT('',(0.74995293956,0.35,0.172788107781));
#12420 = CARTESIAN_POINT('',(0.744492357387,0.35,0.166440017283));
#12421 = CARTESIAN_POINT('',(0.741768674909,0.35,0.163273654741));
#12422 = ORIENTED_EDGE('',*,*,#12393,.T.);
#12423 = ORIENTED_EDGE('',*,*,#12424,.F.);
#12424 = EDGE_CURVE('',#12425,#12384,#12427,.T.);
#12425 = VERTEX_POINT('',#12426);
#12426 = CARTESIAN_POINT('',(0.741768674909,0.351,0.163273654741));
#12427 = B_SPLINE_CURVE_WITH_KNOTS('',3,(#12428,#12429,#12430,#12431,
    #12432),.UNSPECIFIED.,.F.,.F.,(4,1,4),(-2.446767587443E-003,
    -1.226344967353E-003,0.E+000),.UNSPECIFIED.);
#12428 = CARTESIAN_POINT('',(0.741768674909,0.351,0.163273654741));
#12429 = CARTESIAN_POINT('',(0.744492357387,0.351,0.166440017283));
#12430 = CARTESIAN_POINT('',(0.74995293956,0.351,0.172788107781));
#12431 = CARTESIAN_POINT('',(0.750721723822,0.351,0.181127540704));
#12432 = CARTESIAN_POINT('',(0.751107046365,0.351,0.185307349872));
#12433 = ORIENTED_EDGE('',*,*,#12434,.F.);
#12434 = EDGE_CURVE('',#12414,#12425,#12435,.T.);
#12435 = LINE('',#12436,#12437);
#12436 = CARTESIAN_POINT('',(0.741768674909,0.35,0.163273654741));
#12437 = VECTOR('',#12438,1.);
#12438 = DIRECTION('',(0.E+000,1.,0.E+000));
#12439 = B_SPLINE_SURFACE_WITH_KNOTS('',3,1,(
    (#12440,#12441)
    ,(#12442,#12443)
    ,(#12444,#12445)
    ,(#12446,#12447)
    ,(#12448,#12449
    )),.UNSPECIFIED.,.F.,.F.,.F.,(4,1,4),(2,2),(-2.446767587443E-003,
    -1.226344967353E-003,0.E+000),(0.E+000,1.E-004),.UNSPECIFIED.);
#12440 = CARTESIAN_POINT('',(0.741768674909,0.35,0.163273654741));
#12441 = CARTESIAN_POINT('',(0.741768674909,0.351,0.163273654741));
#12442 = CARTESIAN_POINT('',(0.744492357387,0.35,0.166440017283));
#12443 = CARTESIAN_POINT('',(0.744492357387,0.351,0.166440017283));
#12444 = CARTESIAN_POINT('',(0.74995293956,0.35,0.172788107781));
#12445 = CARTESIAN_POINT('',(0.74995293956,0.351,0.172788107781));
#12446 = CARTESIAN_POINT('',(0.750721723822,0.35,0.181127540704));
#12447 = CARTESIAN_POINT('',(0.750721723822,0.351,0.181127540704));
#12448 = CARTESIAN_POINT('',(0.751107046365,0.35,0.185307349872));
#12449 = CARTESIAN_POINT('',(0.751107046365,0.351,0.185307349872));
#12450 = ADVANCED_FACE('',(#12451),#12480,.T.);
#12451 = FACE_BOUND('',#12452,.T.);
#12452 = EDGE_LOOP('',(#12453,#12463,#12464,#12474));
#12453 = ORIENTED_EDGE('',*,*,#12454,.F.);
#12454 = EDGE_CURVE('',#12414,#12455,#12457,.T.);
#12455 = VERTEX_POINT('',#12456);
#12456 = CARTESIAN_POINT('',(0.717415632664,0.35,0.154301488635));
#12457 = B_SPLINE_CURVE_WITH_KNOTS('',3,(#12458,#12459,#12460,#12461,
    #12462),.UNSPECIFIED.,.F.,.F.,(4,1,4),(0.E+000,1.268872479545E-003,
    2.64681106718E-003),.UNSPECIFIED.);
#12458 = CARTESIAN_POINT('',(0.741768674909,0.35,0.163273654741));
#12459 = CARTESIAN_POINT('',(0.738323645174,0.35,0.1606579934));
#12460 = CARTESIAN_POINT('',(0.731137467701,0.35,0.155201841188));
#12461 = CARTESIAN_POINT('',(0.72211352635,0.35,0.154609738994));
#12462 = CARTESIAN_POINT('',(0.717415632664,0.35,0.154301488635));
#12463 = ORIENTED_EDGE('',*,*,#12434,.T.);
#12464 = ORIENTED_EDGE('',*,*,#12465,.F.);
#12465 = EDGE_CURVE('',#12466,#12425,#12468,.T.);
#12466 = VERTEX_POINT('',#12467);
#12467 = CARTESIAN_POINT('',(0.717415632664,0.351,0.154301488635));
#12468 = B_SPLINE_CURVE_WITH_KNOTS('',3,(#12469,#12470,#12471,#12472,
    #12473),.UNSPECIFIED.,.F.,.F.,(4,1,4),(-2.64681106718E-003,
    -1.268872479545E-003,0.E+000),.UNSPECIFIED.);
#12469 = CARTESIAN_POINT('',(0.717415632664,0.351,0.154301488635));
#12470 = CARTESIAN_POINT('',(0.72211352635,0.351,0.154609738994));
#12471 = CARTESIAN_POINT('',(0.731137467701,0.351,0.155201841188));
#12472 = CARTESIAN_POINT('',(0.738323645174,0.351,0.1606579934));
#12473 = CARTESIAN_POINT('',(0.741768674909,0.351,0.163273654741));
#12474 = ORIENTED_EDGE('',*,*,#12475,.F.);
#12475 = EDGE_CURVE('',#12455,#12466,#12476,.T.);
#12476 = LINE('',#12477,#12478);
#12477 = CARTESIAN_POINT('',(0.717415632664,0.35,0.154301488635));
#12478 = VECTOR('',#12479,1.);
#12479 = DIRECTION('',(0.E+000,1.,0.E+000));
#12480 = B_SPLINE_SURFACE_WITH_KNOTS('',3,1,(
    (#12481,#12482)
    ,(#12483,#12484)
    ,(#12485,#12486)
    ,(#12487,#12488)
    ,(#12489,#12490
    )),.UNSPECIFIED.,.F.,.F.,.F.,(4,1,4),(2,2),(-2.64681106718E-003,
    -1.268872479545E-003,0.E+000),(0.E+000,1.E-004),.UNSPECIFIED.);
#12481 = CARTESIAN_POINT('',(0.717415632664,0.35,0.154301488635));
#12482 = CARTESIAN_POINT('',(0.717415632664,0.351,0.154301488635));
#12483 = CARTESIAN_POINT('',(0.72211352635,0.35,0.154609738994));
#12484 = CARTESIAN_POINT('',(0.72211352635,0.351,0.154609738994));
#12485 = CARTESIAN_POINT('',(0.731137467701,0.35,0.155201841188));
#12486 = CARTESIAN_POINT('',(0.731137467701,0.351,0.155201841188));
#12487 = CARTESIAN_POINT('',(0.738323645174,0.35,0.1606579934));
#12488 = CARTESIAN_POINT('',(0.738323645174,0.351,0.1606579934));
#12489 = CARTESIAN_POINT('',(0.741768674909,0.35,0.163273654741));
#12490 = CARTESIAN_POINT('',(0.741768674909,0.351,0.163273654741));
#12491 = ADVANCED_FACE('',(#12492),#12521,.T.);
#12492 = FACE_BOUND('',#12493,.T.);
#12493 = EDGE_LOOP('',(#12494,#12504,#12505,#12515));
#12494 = ORIENTED_EDGE('',*,*,#12495,.F.);
#12495 = EDGE_CURVE('',#12455,#12496,#12498,.T.);
#12496 = VERTEX_POINT('',#12497);
#12497 = CARTESIAN_POINT('',(0.692025022566,0.35,0.163822976735));
#12498 = B_SPLINE_CURVE_WITH_KNOTS('',3,(#12499,#12500,#12501,#12502,
    #12503),.UNSPECIFIED.,.F.,.F.,(4,1,4),(0.E+000,1.447924694879E-003,
    2.768498026939E-003),.UNSPECIFIED.);
#12499 = CARTESIAN_POINT('',(0.717415632664,0.35,0.154301488635));
#12500 = CARTESIAN_POINT('',(0.71247160697,0.35,0.154619939196));
#12501 = CARTESIAN_POINT('',(0.703018404447,0.35,0.155228831189));
#12502 = CARTESIAN_POINT('',(0.695575356044,0.35,0.16104748117));
#12503 = CARTESIAN_POINT('',(0.692025022566,0.35,0.163822976735));
#12504 = ORIENTED_EDGE('',*,*,#12475,.T.);
#12505 = ORIENTED_EDGE('',*,*,#12506,.F.);
#12506 = EDGE_CURVE('',#12507,#12466,#12509,.T.);
#12507 = VERTEX_POINT('',#12508);
#12508 = CARTESIAN_POINT('',(0.692025022566,0.351,0.163822976735));
#12509 = B_SPLINE_CURVE_WITH_KNOTS('',3,(#12510,#12511,#12512,#12513,
    #12514),.UNSPECIFIED.,.F.,.F.,(4,1,4),(-2.768498026939E-003,
    -1.447924694879E-003,0.E+000),.UNSPECIFIED.);
#12510 = CARTESIAN_POINT('',(0.692025022566,0.351,0.163822976735));
#12511 = CARTESIAN_POINT('',(0.695575356044,0.351,0.16104748117));
#12512 = CARTESIAN_POINT('',(0.703018404447,0.351,0.155228831189));
#12513 = CARTESIAN_POINT('',(0.71247160697,0.351,0.154619939196));
#12514 = CARTESIAN_POINT('',(0.717415632664,0.351,0.154301488635));
#12515 = ORIENTED_EDGE('',*,*,#12516,.F.);
#12516 = EDGE_CURVE('',#12496,#12507,#12517,.T.);
#12517 = LINE('',#12518,#12519);
#12518 = CARTESIAN_POINT('',(0.692025022566,0.35,0.163822976735));
#12519 = VECTOR('',#12520,1.);
#12520 = DIRECTION('',(0.E+000,1.,0.E+000));
#12521 = B_SPLINE_SURFACE_WITH_KNOTS('',3,1,(
    (#12522,#12523)
    ,(#12524,#12525)
    ,(#12526,#12527)
    ,(#12528,#12529)
    ,(#12530,#12531
    )),.UNSPECIFIED.,.F.,.F.,.F.,(4,1,4),(2,2),(-2.768498026939E-003,
    -1.447924694879E-003,0.E+000),(0.E+000,1.E-004),.UNSPECIFIED.);
#12522 = CARTESIAN_POINT('',(0.692025022566,0.35,0.163822976735));
#12523 = CARTESIAN_POINT('',(0.692025022566,0.351,0.163822976735));
#12524 = CARTESIAN_POINT('',(0.695575356044,0.35,0.16104748117));
#12525 = CARTESIAN_POINT('',(0.695575356044,0.351,0.16104748117));
#12526 = CARTESIAN_POINT('',(0.703018404447,0.35,0.155228831189));
#12527 = CARTESIAN_POINT('',(0.703018404447,0.351,0.155228831189));
#12528 = CARTESIAN_POINT('',(0.71247160697,0.35,0.154619939196));
#12529 = CARTESIAN_POINT('',(0.71247160697,0.351,0.154619939196));
#12530 = CARTESIAN_POINT('',(0.717415632664,0.35,0.154301488635));
#12531 = CARTESIAN_POINT('',(0.717415632664,0.351,0.154301488635));
#12532 = ADVANCED_FACE('',(#12533),#12562,.T.);
#12533 = FACE_BOUND('',#12534,.T.);
#12534 = EDGE_LOOP('',(#12535,#12545,#12546,#12556));
#12535 = ORIENTED_EDGE('',*,*,#12536,.F.);
#12536 = EDGE_CURVE('',#12496,#12537,#12539,.T.);
#12537 = VERTEX_POINT('',#12538);
#12538 = CARTESIAN_POINT('',(0.682381475329,0.35,0.190190162372));
#12539 = B_SPLINE_CURVE_WITH_KNOTS('',3,(#12540,#12541,#12542,#12543,
    #12544),.UNSPECIFIED.,.F.,.F.,(4,1,4),(0.E+000,1.342804175873E-003,
    2.864481376028E-003),.UNSPECIFIED.);
#12540 = CARTESIAN_POINT('',(0.692025022566,0.35,0.163822976735));
#12541 = CARTESIAN_POINT('',(0.689244589891,0.35,0.167458931234));
#12542 = CARTESIAN_POINT('',(0.68331334708,0.35,0.175215180532));
#12543 = CARTESIAN_POINT('',(0.682704766877,0.35,0.184994935605));
#12544 = CARTESIAN_POINT('',(0.682381475329,0.35,0.190190162372));
#12545 = ORIENTED_EDGE('',*,*,#12516,.T.);
#12546 = ORIENTED_EDGE('',*,*,#12547,.F.);
#12547 = EDGE_CURVE('',#12548,#12507,#12550,.T.);
#12548 = VERTEX_POINT('',#12549);
#12549 = CARTESIAN_POINT('',(0.682381475329,0.351,0.190190162372));
#12550 = B_SPLINE_CURVE_WITH_KNOTS('',3,(#12551,#12552,#12553,#12554,
    #12555),.UNSPECIFIED.,.F.,.F.,(4,1,4),(-2.864481376028E-003,
    -1.342804175873E-003,0.E+000),.UNSPECIFIED.);
#12551 = CARTESIAN_POINT('',(0.682381475329,0.351,0.190190162372));
#12552 = CARTESIAN_POINT('',(0.682704766877,0.351,0.184994935605));
#12553 = CARTESIAN_POINT('',(0.68331334708,0.351,0.175215180532));
#12554 = CARTESIAN_POINT('',(0.689244589891,0.351,0.167458931234));
#12555 = CARTESIAN_POINT('',(0.692025022566,0.351,0.163822976735));
#12556 = ORIENTED_EDGE('',*,*,#12557,.F.);
#12557 = EDGE_CURVE('',#12537,#12548,#12558,.T.);
#12558 = LINE('',#12559,#12560);
#12559 = CARTESIAN_POINT('',(0.682381475329,0.35,0.190190162372));
#12560 = VECTOR('',#12561,1.);
#12561 = DIRECTION('',(0.E+000,1.,0.E+000));
#12562 = B_SPLINE_SURFACE_WITH_KNOTS('',3,1,(
    (#12563,#12564)
    ,(#12565,#12566)
    ,(#12567,#12568)
    ,(#12569,#12570)
    ,(#12571,#12572
    )),.UNSPECIFIED.,.F.,.F.,.F.,(4,1,4),(2,2),(-2.864481376028E-003,
    -1.342804175873E-003,0.E+000),(0.E+000,1.E-004),.UNSPECIFIED.);
#12563 = CARTESIAN_POINT('',(0.682381475329,0.35,0.190190162372));
#12564 = CARTESIAN_POINT('',(0.682381475329,0.351,0.190190162372));
#12565 = CARTESIAN_POINT('',(0.682704766877,0.35,0.184994935605));
#12566 = CARTESIAN_POINT('',(0.682704766877,0.351,0.184994935605));
#12567 = CARTESIAN_POINT('',(0.68331334708,0.35,0.175215180532));
#12568 = CARTESIAN_POINT('',(0.68331334708,0.351,0.175215180532));
#12569 = CARTESIAN_POINT('',(0.689244589891,0.35,0.167458931234));
#12570 = CARTESIAN_POINT('',(0.689244589891,0.351,0.167458931234));
#12571 = CARTESIAN_POINT('',(0.692025022566,0.35,0.163822976735));
#12572 = CARTESIAN_POINT('',(0.692025022566,0.351,0.163822976735));
#12573 = ADVANCED_FACE('',(#12574),#12599,.T.);
#12574 = FACE_BOUND('',#12575,.T.);
#12575 = EDGE_LOOP('',(#12576,#12584,#12585,#12593));
#12576 = ORIENTED_EDGE('',*,*,#12577,.F.);
#12577 = EDGE_CURVE('',#12537,#12578,#12580,.T.);
#12578 = VERTEX_POINT('',#12579);
#12579 = CARTESIAN_POINT('',(0.659798467516,0.35,0.187870824572));
#12580 = LINE('',#12581,#12582);
#12581 = CARTESIAN_POINT('',(0.682381475329,0.35,0.190190162372));
#12582 = VECTOR('',#12583,1.);
#12583 = DIRECTION('',(-0.994767427106,0.E+000,-0.102165385373));
#12584 = ORIENTED_EDGE('',*,*,#12557,.T.);
#12585 = ORIENTED_EDGE('',*,*,#12586,.F.);
#12586 = EDGE_CURVE('',#12587,#12548,#12589,.T.);
#12587 = VERTEX_POINT('',#12588);
#12588 = CARTESIAN_POINT('',(0.659798467516,0.351,0.187870824572));
#12589 = LINE('',#12590,#12591);
#12590 = CARTESIAN_POINT('',(0.682381475329,0.351,0.190190162372));
#12591 = VECTOR('',#12592,1.);
#12592 = DIRECTION('',(0.994767427106,0.E+000,0.102165385373));
#12593 = ORIENTED_EDGE('',*,*,#12594,.F.);
#12594 = EDGE_CURVE('',#12578,#12587,#12595,.T.);
#12595 = LINE('',#12596,#12597);
#12596 = CARTESIAN_POINT('',(0.659798467516,0.35,0.187870824572));
#12597 = VECTOR('',#12598,1.);
#12598 = DIRECTION('',(0.E+000,1.,0.E+000));
#12599 = PLANE('',#12600);
#12600 = AXIS2_PLACEMENT_3D('',#12601,#12602,#12603);
#12601 = CARTESIAN_POINT('',(0.659798467516,0.35,0.187870824572));
#12602 = DIRECTION('',(-0.102165385373,0.E+000,0.994767427106));
#12603 = DIRECTION('',(0.994767427106,0.E+000,0.102165385373));
#12604 = ADVANCED_FACE('',(#12605),#12634,.T.);
#12605 = FACE_BOUND('',#12606,.T.);
#12606 = EDGE_LOOP('',(#12607,#12617,#12618,#12628));
#12607 = ORIENTED_EDGE('',*,*,#12608,.F.);
#12608 = EDGE_CURVE('',#12578,#12609,#12611,.T.);
#12609 = VERTEX_POINT('',#12610);
#12610 = CARTESIAN_POINT('',(0.677254507302,0.35,0.149357637253));
#12611 = B_SPLINE_CURVE_WITH_KNOTS('',3,(#12612,#12613,#12614,#12615,
    #12616),.UNSPECIFIED.,.F.,.F.,(4,1,4),(0.E+000,2.293759147021E-003,
    4.309853978292E-003),.UNSPECIFIED.);
#12612 = CARTESIAN_POINT('',(0.659798467516,0.35,0.187870824572));
#12613 = CARTESIAN_POINT('',(0.660925457213,0.35,0.180115217725));
#12614 = CARTESIAN_POINT('',(0.66304301216,0.35,0.16554283637));
#12615 = CARTESIAN_POINT('',(0.672725270224,0.35,0.154515898451));
#12616 = CARTESIAN_POINT('',(0.677254507302,0.35,0.149357637253));
#12617 = ORIENTED_EDGE('',*,*,#12594,.T.);
#12618 = ORIENTED_EDGE('',*,*,#12619,.F.);
#12619 = EDGE_CURVE('',#12620,#12587,#12622,.T.);
#12620 = VERTEX_POINT('',#12621);
#12621 = CARTESIAN_POINT('',(0.677254507302,0.351,0.149357637253));
#12622 = B_SPLINE_CURVE_WITH_KNOTS('',3,(#12623,#12624,#12625,#12626,
    #12627),.UNSPECIFIED.,.F.,.F.,(4,1,4),(-4.309853978292E-003,
    -2.293759147021E-003,0.E+000),.UNSPECIFIED.);
#12623 = CARTESIAN_POINT('',(0.677254507302,0.351,0.149357637253));
#12624 = CARTESIAN_POINT('',(0.672725270224,0.351,0.154515898451));
#12625 = CARTESIAN_POINT('',(0.66304301216,0.351,0.16554283637));
#12626 = CARTESIAN_POINT('',(0.660925457213,0.351,0.180115217725));
#12627 = CARTESIAN_POINT('',(0.659798467516,0.351,0.187870824572));
#12628 = ORIENTED_EDGE('',*,*,#12629,.F.);
#12629 = EDGE_CURVE('',#12609,#12620,#12630,.T.);
#12630 = LINE('',#12631,#12632);
#12631 = CARTESIAN_POINT('',(0.677254507302,0.35,0.149357637253));
#12632 = VECTOR('',#12633,1.);
#12633 = DIRECTION('',(0.E+000,1.,0.E+000));
#12634 = B_SPLINE_SURFACE_WITH_KNOTS('',3,1,(
    (#12635,#12636)
    ,(#12637,#12638)
    ,(#12639,#12640)
    ,(#12641,#12642)
    ,(#12643,#12644
    )),.UNSPECIFIED.,.F.,.F.,.F.,(4,1,4),(2,2),(-4.309853978292E-003,
    -2.293759147021E-003,0.E+000),(0.E+000,1.E-004),.UNSPECIFIED.);
#12635 = CARTESIAN_POINT('',(0.677254507302,0.35,0.149357637253));
#12636 = CARTESIAN_POINT('',(0.677254507302,0.351,0.149357637253));
#12637 = CARTESIAN_POINT('',(0.672725270224,0.35,0.154515898451));
#12638 = CARTESIAN_POINT('',(0.672725270224,0.351,0.154515898451));
#12639 = CARTESIAN_POINT('',(0.66304301216,0.35,0.16554283637));
#12640 = CARTESIAN_POINT('',(0.66304301216,0.351,0.16554283637));
#12641 = CARTESIAN_POINT('',(0.660925457213,0.35,0.180115217725));
#12642 = CARTESIAN_POINT('',(0.660925457213,0.351,0.180115217725));
#12643 = CARTESIAN_POINT('',(0.659798467516,0.35,0.187870824572));
#12644 = CARTESIAN_POINT('',(0.659798467516,0.351,0.187870824572));
#12645 = ADVANCED_FACE('',(#12646),#12675,.T.);
#12646 = FACE_BOUND('',#12647,.T.);
#12647 = EDGE_LOOP('',(#12648,#12658,#12659,#12669));
#12648 = ORIENTED_EDGE('',*,*,#12649,.F.);
#12649 = EDGE_CURVE('',#12609,#12650,#12652,.T.);
#12650 = VERTEX_POINT('',#12651);
#12651 = CARTESIAN_POINT('',(0.717903943717,0.35,0.136113019523));
#12652 = B_SPLINE_CURVE_WITH_KNOTS('',3,(#12653,#12654,#12655,#12656,
    #12657),.UNSPECIFIED.,.F.,.F.,(4,1,4),(0.E+000,2.032367113713E-003,
    4.348035425764E-003),.UNSPECIFIED.);
#12653 = CARTESIAN_POINT('',(0.677254507302,0.35,0.149357637253));
#12654 = CARTESIAN_POINT('',(0.682979010409,0.35,0.145499022765));
#12655 = CARTESIAN_POINT('',(0.695225981998,0.35,0.13724392339));
#12656 = CARTESIAN_POINT('',(0.710023245624,0.35,0.136506013922));
#12657 = CARTESIAN_POINT('',(0.717903943717,0.35,0.136113019523));
#12658 = ORIENTED_EDGE('',*,*,#12629,.T.);
#12659 = ORIENTED_EDGE('',*,*,#12660,.F.);
#12660 = EDGE_CURVE('',#12661,#12620,#12663,.T.);
#12661 = VERTEX_POINT('',#12662);
#12662 = CARTESIAN_POINT('',(0.717903943717,0.351,0.136113019523));
#12663 = B_SPLINE_CURVE_WITH_KNOTS('',3,(#12664,#12665,#12666,#12667,
    #12668),.UNSPECIFIED.,.F.,.F.,(4,1,4),(-4.348035425764E-003,
    -2.032367113713E-003,0.E+000),.UNSPECIFIED.);
#12664 = CARTESIAN_POINT('',(0.717903943717,0.351,0.136113019523));
#12665 = CARTESIAN_POINT('',(0.710023245624,0.351,0.136506013922));
#12666 = CARTESIAN_POINT('',(0.695225981998,0.351,0.13724392339));
#12667 = CARTESIAN_POINT('',(0.682979010409,0.351,0.145499022765));
#12668 = CARTESIAN_POINT('',(0.677254507302,0.351,0.149357637253));
#12669 = ORIENTED_EDGE('',*,*,#12670,.F.);
#12670 = EDGE_CURVE('',#12650,#12661,#12671,.T.);
#12671 = LINE('',#12672,#12673);
#12672 = CARTESIAN_POINT('',(0.717903943717,0.35,0.136113019523));
#12673 = VECTOR('',#12674,1.);
#12674 = DIRECTION('',(0.E+000,1.,0.E+000));
#12675 = B_SPLINE_SURFACE_WITH_KNOTS('',3,1,(
    (#12676,#12677)
    ,(#12678,#12679)
    ,(#12680,#12681)
    ,(#12682,#12683)
    ,(#12684,#12685
    )),.UNSPECIFIED.,.F.,.F.,.F.,(4,1,4),(2,2),(-4.348035425764E-003,
    -2.032367113713E-003,0.E+000),(0.E+000,1.E-004),.UNSPECIFIED.);
#12676 = CARTESIAN_POINT('',(0.717903943717,0.35,0.136113019523));
#12677 = CARTESIAN_POINT('',(0.717903943717,0.351,0.136113019523));
#12678 = CARTESIAN_POINT('',(0.710023245624,0.35,0.136506013922));
#12679 = CARTESIAN_POINT('',(0.710023245624,0.351,0.136506013922));
#12680 = CARTESIAN_POINT('',(0.695225981998,0.35,0.13724392339));
#12681 = CARTESIAN_POINT('',(0.695225981998,0.351,0.13724392339));
#12682 = CARTESIAN_POINT('',(0.682979010409,0.35,0.145499022765));
#12683 = CARTESIAN_POINT('',(0.682979010409,0.351,0.145499022765));
#12684 = CARTESIAN_POINT('',(0.677254507302,0.35,0.149357637253));
#12685 = CARTESIAN_POINT('',(0.677254507302,0.351,0.149357637253));
#12686 = ADVANCED_FACE('',(#12687),#12716,.T.);
#12687 = FACE_BOUND('',#12688,.T.);
#12688 = EDGE_LOOP('',(#12689,#12699,#12700,#12710));
#12689 = ORIENTED_EDGE('',*,*,#12690,.F.);
#12690 = EDGE_CURVE('',#12650,#12691,#12693,.T.);
#12691 = VERTEX_POINT('',#12692);
#12692 = CARTESIAN_POINT('',(0.758675420641,0.35,0.15039524236));
#12693 = B_SPLINE_CURVE_WITH_KNOTS('',3,(#12694,#12695,#12696,#12697,
    #12698),.UNSPECIFIED.,.F.,.F.,(4,1,4),(0.E+000,2.334593976026E-003,
    4.403498823427E-003),.UNSPECIFIED.);
#12694 = CARTESIAN_POINT('',(0.717903943717,0.35,0.136113019523));
#12695 = CARTESIAN_POINT('',(0.725868116436,0.35,0.136550657356));
#12696 = CARTESIAN_POINT('',(0.740890096943,0.35,0.137376127525));
#12697 = CARTESIAN_POINT('',(0.752990339134,0.35,0.146233680263));
#12698 = CARTESIAN_POINT('',(0.758675420641,0.35,0.15039524236));
#12699 = ORIENTED_EDGE('',*,*,#12670,.T.);
#12700 = ORIENTED_EDGE('',*,*,#12701,.F.);
#12701 = EDGE_CURVE('',#12702,#12661,#12704,.T.);
#12702 = VERTEX_POINT('',#12703);
#12703 = CARTESIAN_POINT('',(0.758675420641,0.351,0.15039524236));
#12704 = B_SPLINE_CURVE_WITH_KNOTS('',3,(#12705,#12706,#12707,#12708,
    #12709),.UNSPECIFIED.,.F.,.F.,(4,1,4),(-4.403498823427E-003,
    -2.334593976026E-003,0.E+000),.UNSPECIFIED.);
#12705 = CARTESIAN_POINT('',(0.758675420641,0.351,0.15039524236));
#12706 = CARTESIAN_POINT('',(0.752990339134,0.351,0.146233680263));
#12707 = CARTESIAN_POINT('',(0.740890096943,0.351,0.137376127525));
#12708 = CARTESIAN_POINT('',(0.725868116436,0.351,0.136550657356));
#12709 = CARTESIAN_POINT('',(0.717903943717,0.351,0.136113019523));
#12710 = ORIENTED_EDGE('',*,*,#12711,.F.);
#12711 = EDGE_CURVE('',#12691,#12702,#12712,.T.);
#12712 = LINE('',#12713,#12714);
#12713 = CARTESIAN_POINT('',(0.758675420641,0.35,0.15039524236));
#12714 = VECTOR('',#12715,1.);
#12715 = DIRECTION('',(0.E+000,1.,0.E+000));
#12716 = B_SPLINE_SURFACE_WITH_KNOTS('',3,1,(
    (#12717,#12718)
    ,(#12719,#12720)
    ,(#12721,#12722)
    ,(#12723,#12724)
    ,(#12725,#12726
    )),.UNSPECIFIED.,.F.,.F.,.F.,(4,1,4),(2,2),(-4.403498823427E-003,
    -2.334593976026E-003,0.E+000),(0.E+000,1.E-004),.UNSPECIFIED.);
#12717 = CARTESIAN_POINT('',(0.758675420641,0.35,0.15039524236));
#12718 = CARTESIAN_POINT('',(0.758675420641,0.351,0.15039524236));
#12719 = CARTESIAN_POINT('',(0.752990339134,0.35,0.146233680263));
#12720 = CARTESIAN_POINT('',(0.752990339134,0.351,0.146233680263));
#12721 = CARTESIAN_POINT('',(0.740890096943,0.35,0.137376127525));
#12722 = CARTESIAN_POINT('',(0.740890096943,0.351,0.137376127525));
#12723 = CARTESIAN_POINT('',(0.725868116436,0.35,0.136550657356));
#12724 = CARTESIAN_POINT('',(0.725868116436,0.351,0.136550657356));
#12725 = CARTESIAN_POINT('',(0.717903943717,0.35,0.136113019523));
#12726 = CARTESIAN_POINT('',(0.717903943717,0.351,0.136113019523));
#12727 = ADVANCED_FACE('',(#12728),#12757,.T.);
#12728 = FACE_BOUND('',#12729,.T.);
#12729 = EDGE_LOOP('',(#12730,#12740,#12741,#12751));
#12730 = ORIENTED_EDGE('',*,*,#12731,.F.);
#12731 = EDGE_CURVE('',#12691,#12732,#12734,.T.);
#12732 = VERTEX_POINT('',#12733);
#12733 = CARTESIAN_POINT('',(0.773690054177,0.35,0.185795632985));
#12734 = B_SPLINE_CURVE_WITH_KNOTS('',3,(#12735,#12736,#12737,#12738,
    #12739),.UNSPECIFIED.,.F.,.F.,(4,1,4),(0.E+000,1.955832072423E-003,
    3.932714515933E-003),.UNSPECIFIED.);
#12735 = CARTESIAN_POINT('',(0.758675420641,0.35,0.15039524236));
#12736 = CARTESIAN_POINT('',(0.763054643818,0.35,0.155459469598));
#12737 = CARTESIAN_POINT('',(0.771860223193,0.35,0.165642429706));
#12738 = CARTESIAN_POINT('',(0.773077937857,0.35,0.179053969549));
#12739 = CARTESIAN_POINT('',(0.773690054177,0.35,0.185795632985));
#12740 = ORIENTED_EDGE('',*,*,#12711,.T.);
#12741 = ORIENTED_EDGE('',*,*,#12742,.F.);
#12742 = EDGE_CURVE('',#12743,#12702,#12745,.T.);
#12743 = VERTEX_POINT('',#12744);
#12744 = CARTESIAN_POINT('',(0.773690054177,0.351,0.185795632985));
#12745 = B_SPLINE_CURVE_WITH_KNOTS('',3,(#12746,#12747,#12748,#12749,
    #12750),.UNSPECIFIED.,.F.,.F.,(4,1,4),(-3.932714515933E-003,
    -1.955832072423E-003,0.E+000),.UNSPECIFIED.);
#12746 = CARTESIAN_POINT('',(0.773690054177,0.351,0.185795632985));
#12747 = CARTESIAN_POINT('',(0.773077937857,0.351,0.179053969549));
#12748 = CARTESIAN_POINT('',(0.771860223193,0.351,0.165642429706));
#12749 = CARTESIAN_POINT('',(0.763054643818,0.351,0.155459469598));
#12750 = CARTESIAN_POINT('',(0.758675420641,0.351,0.15039524236));
#12751 = ORIENTED_EDGE('',*,*,#12752,.F.);
#12752 = EDGE_CURVE('',#12732,#12743,#12753,.T.);
#12753 = LINE('',#12754,#12755);
#12754 = CARTESIAN_POINT('',(0.773690054177,0.35,0.185795632985));
#12755 = VECTOR('',#12756,1.);
#12756 = DIRECTION('',(0.E+000,1.,0.E+000));
#12757 = B_SPLINE_SURFACE_WITH_KNOTS('',3,1,(
    (#12758,#12759)
    ,(#12760,#12761)
    ,(#12762,#12763)
    ,(#12764,#12765)
    ,(#12766,#12767
    )),.UNSPECIFIED.,.F.,.F.,.F.,(4,1,4),(2,2),(-3.932714515933E-003,
    -1.955832072423E-003,0.E+000),(0.E+000,1.E-004),.UNSPECIFIED.);
#12758 = CARTESIAN_POINT('',(0.773690054177,0.35,0.185795632985));
#12759 = CARTESIAN_POINT('',(0.773690054177,0.351,0.185795632985));
#12760 = CARTESIAN_POINT('',(0.773077937857,0.35,0.179053969549));
#12761 = CARTESIAN_POINT('',(0.773077937857,0.351,0.179053969549));
#12762 = CARTESIAN_POINT('',(0.771860223193,0.35,0.165642429706));
#12763 = CARTESIAN_POINT('',(0.771860223193,0.351,0.165642429706));
#12764 = CARTESIAN_POINT('',(0.763054643818,0.35,0.155459469598));
#12765 = CARTESIAN_POINT('',(0.763054643818,0.351,0.155459469598));
#12766 = CARTESIAN_POINT('',(0.758675420641,0.35,0.15039524236));
#12767 = CARTESIAN_POINT('',(0.758675420641,0.351,0.15039524236));
#12768 = ADVANCED_FACE('',(#12769),#12798,.T.);
#12769 = FACE_BOUND('',#12770,.T.);
#12770 = EDGE_LOOP('',(#12771,#12781,#12782,#12792));
#12771 = ORIENTED_EDGE('',*,*,#12772,.F.);
#12772 = EDGE_CURVE('',#12732,#12773,#12775,.T.);
#12773 = VERTEX_POINT('',#12774);
#12774 = CARTESIAN_POINT('',(0.769295515477,0.35,0.206913791459));
#12775 = B_SPLINE_CURVE_WITH_KNOTS('',3,(#12776,#12777,#12778,#12779,
    #12780),.UNSPECIFIED.,.F.,.F.,(4,1,4),(0.E+000,1.070714522737E-003,
    2.168130288651E-003),.UNSPECIFIED.);
#12776 = CARTESIAN_POINT('',(0.773690054177,0.35,0.185795632985));
#12777 = CARTESIAN_POINT('',(0.773498097584,0.35,0.189381877396));
#12778 = CARTESIAN_POINT('',(0.773109397425,0.35,0.196643799193));
#12779 = CARTESIAN_POINT('',(0.770577204392,0.35,0.20346246931));
#12780 = CARTESIAN_POINT('',(0.769295515477,0.35,0.206913791459));
#12781 = ORIENTED_EDGE('',*,*,#12752,.T.);
#12782 = ORIENTED_EDGE('',*,*,#12783,.F.);
#12783 = EDGE_CURVE('',#12784,#12743,#12786,.T.);
#12784 = VERTEX_POINT('',#12785);
#12785 = CARTESIAN_POINT('',(0.769295515477,0.351,0.206913791459));
#12786 = B_SPLINE_CURVE_WITH_KNOTS('',3,(#12787,#12788,#12789,#12790,
    #12791),.UNSPECIFIED.,.F.,.F.,(4,1,4),(-2.168130288651E-003,
    -1.070714522737E-003,0.E+000),.UNSPECIFIED.);
#12787 = CARTESIAN_POINT('',(0.769295515477,0.351,0.206913791459));
#12788 = CARTESIAN_POINT('',(0.770577204392,0.351,0.20346246931));
#12789 = CARTESIAN_POINT('',(0.773109397425,0.351,0.196643799193));
#12790 = CARTESIAN_POINT('',(0.773498097584,0.351,0.189381877396));
#12791 = CARTESIAN_POINT('',(0.773690054177,0.351,0.185795632985));
#12792 = ORIENTED_EDGE('',*,*,#12793,.F.);
#12793 = EDGE_CURVE('',#12773,#12784,#12794,.T.);
#12794 = LINE('',#12795,#12796);
#12795 = CARTESIAN_POINT('',(0.769295515477,0.35,0.206913791459));
#12796 = VECTOR('',#12797,1.);
#12797 = DIRECTION('',(0.E+000,1.,0.E+000));
#12798 = B_SPLINE_SURFACE_WITH_KNOTS('',3,1,(
    (#12799,#12800)
    ,(#12801,#12802)
    ,(#12803,#12804)
    ,(#12805,#12806)
    ,(#12807,#12808
    )),.UNSPECIFIED.,.F.,.F.,.F.,(4,1,4),(2,2),(-2.168130288651E-003,
    -1.070714522737E-003,0.E+000),(0.E+000,1.E-004),.UNSPECIFIED.);
#12799 = CARTESIAN_POINT('',(0.769295515477,0.35,0.206913791459));
#12800 = CARTESIAN_POINT('',(0.769295515477,0.351,0.206913791459));
#12801 = CARTESIAN_POINT('',(0.770577204392,0.35,0.20346246931));
#12802 = CARTESIAN_POINT('',(0.770577204392,0.351,0.20346246931));
#12803 = CARTESIAN_POINT('',(0.773109397425,0.35,0.196643799193));
#12804 = CARTESIAN_POINT('',(0.773109397425,0.351,0.196643799193));
#12805 = CARTESIAN_POINT('',(0.773498097584,0.35,0.189381877396));
#12806 = CARTESIAN_POINT('',(0.773498097584,0.351,0.189381877396));
#12807 = CARTESIAN_POINT('',(0.773690054177,0.35,0.185795632985));
#12808 = CARTESIAN_POINT('',(0.773690054177,0.351,0.185795632985));
#12809 = ADVANCED_FACE('',(#12810),#12839,.T.);
#12810 = FACE_BOUND('',#12811,.T.);
#12811 = EDGE_LOOP('',(#12812,#12822,#12823,#12833));
#12812 = ORIENTED_EDGE('',*,*,#12813,.F.);
#12813 = EDGE_CURVE('',#12773,#12814,#12816,.T.);
#12814 = VERTEX_POINT('',#12815);
#12815 = CARTESIAN_POINT('',(0.754708135485,0.35,0.22876437926));
#12816 = B_SPLINE_CURVE_WITH_KNOTS('',3,(#12817,#12818,#12819,#12820,
    #12821),.UNSPECIFIED.,.F.,.F.,(4,1,4),(0.E+000,1.21486347869E-003,
    2.635722980484E-003),.UNSPECIFIED.);
#12817 = CARTESIAN_POINT('',(0.769295515477,0.35,0.206913791459));
#12818 = CARTESIAN_POINT('',(0.767472827242,0.35,0.210546541778));
#12819 = CARTESIAN_POINT('',(0.763518390095,0.35,0.218428022839));
#12820 = CARTESIAN_POINT('',(0.757794017266,0.35,0.225143964712));
#12821 = CARTESIAN_POINT('',(0.754708135485,0.35,0.22876437926));
#12822 = ORIENTED_EDGE('',*,*,#12793,.T.);
#12823 = ORIENTED_EDGE('',*,*,#12824,.F.);
#12824 = EDGE_CURVE('',#12825,#12784,#12827,.T.);
#12825 = VERTEX_POINT('',#12826);
#12826 = CARTESIAN_POINT('',(0.754708135485,0.351,0.22876437926));
#12827 = B_SPLINE_CURVE_WITH_KNOTS('',3,(#12828,#12829,#12830,#12831,
    #12832),.UNSPECIFIED.,.F.,.F.,(4,1,4),(-2.635722980484E-003,
    -1.21486347869E-003,0.E+000),.UNSPECIFIED.);
#12828 = CARTESIAN_POINT('',(0.754708135485,0.351,0.22876437926));
#12829 = CARTESIAN_POINT('',(0.757794017266,0.351,0.225143964712));
#12830 = CARTESIAN_POINT('',(0.763518390095,0.351,0.218428022839));
#12831 = CARTESIAN_POINT('',(0.767472827242,0.351,0.210546541778));
#12832 = CARTESIAN_POINT('',(0.769295515477,0.351,0.206913791459));
#12833 = ORIENTED_EDGE('',*,*,#12834,.F.);
#12834 = EDGE_CURVE('',#12814,#12825,#12835,.T.);
#12835 = LINE('',#12836,#12837);
#12836 = CARTESIAN_POINT('',(0.754708135485,0.35,0.22876437926));
#12837 = VECTOR('',#12838,1.);
#12838 = DIRECTION('',(0.E+000,1.,0.E+000));
#12839 = B_SPLINE_SURFACE_WITH_KNOTS('',3,1,(
    (#12840,#12841)
    ,(#12842,#12843)
    ,(#12844,#12845)
    ,(#12846,#12847)
    ,(#12848,#12849
    )),.UNSPECIFIED.,.F.,.F.,.F.,(4,1,4),(2,2),(-2.635722980484E-003,
    -1.21486347869E-003,0.E+000),(0.E+000,1.E-004),.UNSPECIFIED.);
#12840 = CARTESIAN_POINT('',(0.754708135485,0.35,0.22876437926));
#12841 = CARTESIAN_POINT('',(0.754708135485,0.351,0.22876437926));
#12842 = CARTESIAN_POINT('',(0.757794017266,0.35,0.225143964712));
#12843 = CARTESIAN_POINT('',(0.757794017266,0.351,0.225143964712));
#12844 = CARTESIAN_POINT('',(0.763518390095,0.35,0.218428022839));
#12845 = CARTESIAN_POINT('',(0.763518390095,0.351,0.218428022839));
#12846 = CARTESIAN_POINT('',(0.767472827242,0.35,0.210546541778));
#12847 = CARTESIAN_POINT('',(0.767472827242,0.351,0.210546541778));
#12848 = CARTESIAN_POINT('',(0.769295515477,0.35,0.206913791459));
#12849 = CARTESIAN_POINT('',(0.769295515477,0.351,0.206913791459));
#12850 = ADVANCED_FACE('',(#12851),#12880,.T.);
#12851 = FACE_BOUND('',#12852,.T.);
#12852 = EDGE_LOOP('',(#12853,#12863,#12864,#12874));
#12853 = ORIENTED_EDGE('',*,*,#12854,.F.);
#12854 = EDGE_CURVE('',#12814,#12855,#12857,.T.);
#12855 = VERTEX_POINT('',#12856);
#12856 = CARTESIAN_POINT('',(0.720833623766,0.35,0.26025852361));
#12857 = B_SPLINE_CURVE_WITH_KNOTS('',3,(#12858,#12859,#12860,#12861,
    #12862),.UNSPECIFIED.,.F.,.F.,(4,1,4),(0.E+000,1.921629018128E-003,
    4.627708236337E-003),.UNSPECIFIED.);
#12858 = CARTESIAN_POINT('',(0.754708135485,0.35,0.22876437926));
#12859 = CARTESIAN_POINT('',(0.750245764562,0.35,0.233364422203));
#12860 = CARTESIAN_POINT('',(0.739499387151,0.35,0.244442344329));
#12861 = CARTESIAN_POINT('',(0.727721065583,0.35,0.254422543998));
#12862 = CARTESIAN_POINT('',(0.720833623766,0.35,0.26025852361));
#12863 = ORIENTED_EDGE('',*,*,#12834,.T.);
#12864 = ORIENTED_EDGE('',*,*,#12865,.F.);
#12865 = EDGE_CURVE('',#12866,#12825,#12868,.T.);
#12866 = VERTEX_POINT('',#12867);
#12867 = CARTESIAN_POINT('',(0.720833623766,0.351,0.26025852361));
#12868 = B_SPLINE_CURVE_WITH_KNOTS('',3,(#12869,#12870,#12871,#12872,
    #12873),.UNSPECIFIED.,.F.,.F.,(4,1,4),(-4.627708236337E-003,
    -1.921629018128E-003,0.E+000),.UNSPECIFIED.);
#12869 = CARTESIAN_POINT('',(0.720833623766,0.351,0.26025852361));
#12870 = CARTESIAN_POINT('',(0.727721065583,0.351,0.254422543998));
#12871 = CARTESIAN_POINT('',(0.739499387151,0.351,0.244442344329));
#12872 = CARTESIAN_POINT('',(0.750245764562,0.351,0.233364422203));
#12873 = CARTESIAN_POINT('',(0.754708135485,0.351,0.22876437926));
#12874 = ORIENTED_EDGE('',*,*,#12875,.F.);
#12875 = EDGE_CURVE('',#12855,#12866,#12876,.T.);
#12876 = LINE('',#12877,#12878);
#12877 = CARTESIAN_POINT('',(0.720833623766,0.35,0.26025852361));
#12878 = VECTOR('',#12879,1.);
#12879 = DIRECTION('',(0.E+000,1.,0.E+000));
#12880 = B_SPLINE_SURFACE_WITH_KNOTS('',3,1,(
    (#12881,#12882)
    ,(#12883,#12884)
    ,(#12885,#12886)
    ,(#12887,#12888)
    ,(#12889,#12890
    )),.UNSPECIFIED.,.F.,.F.,.F.,(4,1,4),(2,2),(-4.627708236337E-003,
    -1.921629018128E-003,0.E+000),(0.E+000,1.E-004),.UNSPECIFIED.);
#12881 = CARTESIAN_POINT('',(0.720833623766,0.35,0.26025852361));
#12882 = CARTESIAN_POINT('',(0.720833623766,0.351,0.26025852361));
#12883 = CARTESIAN_POINT('',(0.727721065583,0.35,0.254422543998));
#12884 = CARTESIAN_POINT('',(0.727721065583,0.351,0.254422543998));
#12885 = CARTESIAN_POINT('',(0.739499387151,0.35,0.244442344329));
#12886 = CARTESIAN_POINT('',(0.739499387151,0.351,0.244442344329));
#12887 = CARTESIAN_POINT('',(0.750245764562,0.35,0.233364422203));
#12888 = CARTESIAN_POINT('',(0.750245764562,0.351,0.233364422203));
#12889 = CARTESIAN_POINT('',(0.754708135485,0.35,0.22876437926));
#12890 = CARTESIAN_POINT('',(0.754708135485,0.351,0.22876437926));
#12891 = ADVANCED_FACE('',(#12892),#12921,.T.);
#12892 = FACE_BOUND('',#12893,.T.);
#12893 = EDGE_LOOP('',(#12894,#12904,#12905,#12915));
#12894 = ORIENTED_EDGE('',*,*,#12895,.F.);
#12895 = EDGE_CURVE('',#12855,#12896,#12898,.T.);
#12896 = VERTEX_POINT('',#12897);
#12897 = CARTESIAN_POINT('',(0.695442976414,0.35,0.282780492541));
#12898 = B_SPLINE_CURVE_WITH_KNOTS('',3,(#12899,#12900,#12901,#12902,
    #12903),.UNSPECIFIED.,.F.,.F.,(4,1,4),(0.E+000,2.139316389754E-003,
    3.394781466987E-003),.UNSPECIFIED.);
#12899 = CARTESIAN_POINT('',(0.720833623766,0.35,0.26025852361));
#12900 = CARTESIAN_POINT('',(0.715355163884,0.35,0.264827987822));
#12901 = CARTESIAN_POINT('',(0.706661651243,0.35,0.272079057602));
#12902 = CARTESIAN_POINT('',(0.698471773775,0.35,0.279891338662));
#12903 = CARTESIAN_POINT('',(0.695442976414,0.35,0.282780492541));
#12904 = ORIENTED_EDGE('',*,*,#12875,.T.);
#12905 = ORIENTED_EDGE('',*,*,#12906,.F.);
#12906 = EDGE_CURVE('',#12907,#12866,#12909,.T.);
#12907 = VERTEX_POINT('',#12908);
#12908 = CARTESIAN_POINT('',(0.695442976414,0.351,0.282780492541));
#12909 = B_SPLINE_CURVE_WITH_KNOTS('',3,(#12910,#12911,#12912,#12913,
    #12914),.UNSPECIFIED.,.F.,.F.,(4,1,4),(-3.394781466987E-003,
    -2.139316389754E-003,0.E+000),.UNSPECIFIED.);
#12910 = CARTESIAN_POINT('',(0.695442976414,0.351,0.282780492541));
#12911 = CARTESIAN_POINT('',(0.698471773775,0.351,0.279891338662));
#12912 = CARTESIAN_POINT('',(0.706661651243,0.351,0.272079057602));
#12913 = CARTESIAN_POINT('',(0.715355163884,0.351,0.264827987822));
#12914 = CARTESIAN_POINT('',(0.720833623766,0.351,0.26025852361));
#12915 = ORIENTED_EDGE('',*,*,#12916,.F.);
#12916 = EDGE_CURVE('',#12896,#12907,#12917,.T.);
#12917 = LINE('',#12918,#12919);
#12918 = CARTESIAN_POINT('',(0.695442976414,0.35,0.282780492541));
#12919 = VECTOR('',#12920,1.);
#12920 = DIRECTION('',(0.E+000,1.,0.E+000));
#12921 = B_SPLINE_SURFACE_WITH_KNOTS('',3,1,(
    (#12922,#12923)
    ,(#12924,#12925)
    ,(#12926,#12927)
    ,(#12928,#12929)
    ,(#12930,#12931
    )),.UNSPECIFIED.,.F.,.F.,.F.,(4,1,4),(2,2),(-3.394781466987E-003,
    -2.139316389754E-003,0.E+000),(0.E+000,1.E-004),.UNSPECIFIED.);
#12922 = CARTESIAN_POINT('',(0.695442976414,0.35,0.282780492541));
#12923 = CARTESIAN_POINT('',(0.695442976414,0.351,0.282780492541));
#12924 = CARTESIAN_POINT('',(0.698471773775,0.35,0.279891338662));
#12925 = CARTESIAN_POINT('',(0.698471773775,0.351,0.279891338662));
#12926 = CARTESIAN_POINT('',(0.706661651243,0.35,0.272079057602));
#12927 = CARTESIAN_POINT('',(0.706661651243,0.351,0.272079057602));
#12928 = CARTESIAN_POINT('',(0.715355163884,0.35,0.264827987822));
#12929 = CARTESIAN_POINT('',(0.715355163884,0.351,0.264827987822));
#12930 = CARTESIAN_POINT('',(0.720833623766,0.35,0.26025852361));
#12931 = CARTESIAN_POINT('',(0.720833623766,0.351,0.26025852361));
#12932 = ADVANCED_FACE('',(#12933),#12962,.T.);
#12933 = FACE_BOUND('',#12934,.T.);
#12934 = EDGE_LOOP('',(#12935,#12945,#12946,#12956));
#12935 = ORIENTED_EDGE('',*,*,#12936,.F.);
#12936 = EDGE_CURVE('',#12896,#12937,#12939,.T.);
#12937 = VERTEX_POINT('',#12938);
#12938 = CARTESIAN_POINT('',(0.686165662467,0.35,0.29468234801));
#12939 = B_SPLINE_CURVE_WITH_KNOTS('',3,(#12940,#12941,#12942,#12943,
    #12944),.UNSPECIFIED.,.F.,.F.,(4,1,4),(0.E+000,7.843317487283E-004,
    1.511112442441E-003),.UNSPECIFIED.);
#12940 = CARTESIAN_POINT('',(0.695442976414,0.35,0.282780492541));
#12941 = CARTESIAN_POINT('',(0.693677952039,0.35,0.284715541358));
#12942 = CARTESIAN_POINT('',(0.690277413555,0.35,0.288443653027));
#12943 = CARTESIAN_POINT('',(0.687500999378,0.35,0.292656262405));
#12944 = CARTESIAN_POINT('',(0.686165662467,0.35,0.29468234801));
#12945 = ORIENTED_EDGE('',*,*,#12916,.T.);
#12946 = ORIENTED_EDGE('',*,*,#12947,.F.);
#12947 = EDGE_CURVE('',#12948,#12907,#12950,.T.);
#12948 = VERTEX_POINT('',#12949);
#12949 = CARTESIAN_POINT('',(0.686165662467,0.351,0.29468234801));
#12950 = B_SPLINE_CURVE_WITH_KNOTS('',3,(#12951,#12952,#12953,#12954,
    #12955),.UNSPECIFIED.,.F.,.F.,(4,1,4),(-1.511112442441E-003,
    -7.843317487283E-004,0.E+000),.UNSPECIFIED.);
#12951 = CARTESIAN_POINT('',(0.686165662467,0.351,0.29468234801));
#12952 = CARTESIAN_POINT('',(0.687500999378,0.351,0.292656262405));
#12953 = CARTESIAN_POINT('',(0.690277413555,0.351,0.288443653027));
#12954 = CARTESIAN_POINT('',(0.693677952039,0.351,0.284715541358));
#12955 = CARTESIAN_POINT('',(0.695442976414,0.351,0.282780492541));
#12956 = ORIENTED_EDGE('',*,*,#12957,.F.);
#12957 = EDGE_CURVE('',#12937,#12948,#12958,.T.);
#12958 = LINE('',#12959,#12960);
#12959 = CARTESIAN_POINT('',(0.686165662467,0.35,0.29468234801));
#12960 = VECTOR('',#12961,1.);
#12961 = DIRECTION('',(0.E+000,1.,0.E+000));
#12962 = B_SPLINE_SURFACE_WITH_KNOTS('',3,1,(
    (#12963,#12964)
    ,(#12965,#12966)
    ,(#12967,#12968)
    ,(#12969,#12970)
    ,(#12971,#12972
    )),.UNSPECIFIED.,.F.,.F.,.F.,(4,1,4),(2,2),(-1.511112442441E-003,
    -7.843317487283E-004,0.E+000),(0.E+000,1.E-004),.UNSPECIFIED.);
#12963 = CARTESIAN_POINT('',(0.686165662467,0.35,0.29468234801));
#12964 = CARTESIAN_POINT('',(0.686165662467,0.351,0.29468234801));
#12965 = CARTESIAN_POINT('',(0.687500999378,0.35,0.292656262405));
#12966 = CARTESIAN_POINT('',(0.687500999378,0.351,0.292656262405));
#12967 = CARTESIAN_POINT('',(0.690277413555,0.35,0.288443653027));
#12968 = CARTESIAN_POINT('',(0.690277413555,0.351,0.288443653027));
#12969 = CARTESIAN_POINT('',(0.693677952039,0.35,0.284715541358));
#12970 = CARTESIAN_POINT('',(0.693677952039,0.351,0.284715541358));
#12971 = CARTESIAN_POINT('',(0.695442976414,0.35,0.282780492541));
#12972 = CARTESIAN_POINT('',(0.695442976414,0.351,0.282780492541));
#12973 = ADVANCED_FACE('',(#12974),#12990,.T.);
#12974 = FACE_BOUND('',#12975,.T.);
#12975 = EDGE_LOOP('',(#12976,#12982,#12983,#12989));
#12976 = ORIENTED_EDGE('',*,*,#12977,.F.);
#12977 = EDGE_CURVE('',#12937,#12138,#12978,.T.);
#12978 = LINE('',#12979,#12980);
#12979 = CARTESIAN_POINT('',(0.686165662467,0.35,0.29468234801));
#12980 = VECTOR('',#12981,1.);
#12981 = DIRECTION('',(1.,0.E+000,0.E+000));
#12982 = ORIENTED_EDGE('',*,*,#12957,.T.);
#12983 = ORIENTED_EDGE('',*,*,#12984,.F.);
#12984 = EDGE_CURVE('',#12148,#12948,#12985,.T.);
#12985 = LINE('',#12986,#12987);
#12986 = CARTESIAN_POINT('',(0.686165662467,0.351,0.29468234801));
#12987 = VECTOR('',#12988,1.);
#12988 = DIRECTION('',(-1.,0.E+000,0.E+000));
#12989 = ORIENTED_EDGE('',*,*,#12147,.F.);
#12990 = PLANE('',#12991);
#12991 = AXIS2_PLACEMENT_3D('',#12992,#12993,#12994);
#12992 = CARTESIAN_POINT('',(0.773934209704,0.35,0.29468234801));
#12993 = DIRECTION('',(0.E+000,0.E+000,-1.));
#12994 = DIRECTION('',(-1.,0.E+000,0.E+000));
#12995 = ADVANCED_FACE('',(#12996),#13020,.T.);
#12996 = FACE_BOUND('',#12997,.T.);
#12997 = EDGE_LOOP('',(#12998,#12999,#13000,#13001,#13002,#13003,#13004,
    #13005,#13006,#13007,#13008,#13009,#13010,#13011,#13012,#13013,
    #13014,#13015,#13016,#13017,#13018,#13019));
#12998 = ORIENTED_EDGE('',*,*,#12984,.T.);
#12999 = ORIENTED_EDGE('',*,*,#12947,.T.);
#13000 = ORIENTED_EDGE('',*,*,#12906,.T.);
#13001 = ORIENTED_EDGE('',*,*,#12865,.T.);
#13002 = ORIENTED_EDGE('',*,*,#12824,.T.);
#13003 = ORIENTED_EDGE('',*,*,#12783,.T.);
#13004 = ORIENTED_EDGE('',*,*,#12742,.T.);
#13005 = ORIENTED_EDGE('',*,*,#12701,.T.);
#13006 = ORIENTED_EDGE('',*,*,#12660,.T.);
#13007 = ORIENTED_EDGE('',*,*,#12619,.T.);
#13008 = ORIENTED_EDGE('',*,*,#12586,.T.);
#13009 = ORIENTED_EDGE('',*,*,#12547,.T.);
#13010 = ORIENTED_EDGE('',*,*,#12506,.T.);
#13011 = ORIENTED_EDGE('',*,*,#12465,.T.);
#13012 = ORIENTED_EDGE('',*,*,#12424,.T.);
#13013 = ORIENTED_EDGE('',*,*,#12383,.T.);
#13014 = ORIENTED_EDGE('',*,*,#12342,.T.);
#13015 = ORIENTED_EDGE('',*,*,#12301,.T.);
#13016 = ORIENTED_EDGE('',*,*,#12260,.T.);
#13017 = ORIENTED_EDGE('',*,*,#12219,.T.);
#13018 = ORIENTED_EDGE('',*,*,#12186,.T.);
#13019 = ORIENTED_EDGE('',*,*,#12155,.T.);
#13020 = PLANE('',#13021);
#13021 = AXIS2_PLACEMENT_3D('',#13022,#13023,#13024);
#13022 = CARTESIAN_POINT('',(0.507637811809,0.351,0.227482646566));
#13023 = DIRECTION('',(0.E+000,1.,0.E+000));
#13024 = DIRECTION('',(-1.,0.E+000,0.E+000));
#13025 = ADVANCED_FACE('',(#13026),#13050,.F.);
#13026 = FACE_BOUND('',#13027,.T.);
#13027 = EDGE_LOOP('',(#13028,#13029,#13030,#13031,#13032,#13033,#13034,
    #13035,#13036,#13037,#13038,#13039,#13040,#13041,#13042,#13043,
    #13044,#13045,#13046,#13047,#13048,#13049));
#13028 = ORIENTED_EDGE('',*,*,#12977,.T.);
#13029 = ORIENTED_EDGE('',*,*,#12137,.T.);
#13030 = ORIENTED_EDGE('',*,*,#12177,.T.);
#13031 = ORIENTED_EDGE('',*,*,#12208,.T.);
#13032 = ORIENTED_EDGE('',*,*,#12249,.T.);
#13033 = ORIENTED_EDGE('',*,*,#12290,.T.);
#13034 = ORIENTED_EDGE('',*,*,#12331,.T.);
#13035 = ORIENTED_EDGE('',*,*,#12372,.T.);
#13036 = ORIENTED_EDGE('',*,*,#12413,.T.);
#13037 = ORIENTED_EDGE('',*,*,#12454,.T.);
#13038 = ORIENTED_EDGE('',*,*,#12495,.T.);
#13039 = ORIENTED_EDGE('',*,*,#12536,.T.);
#13040 = ORIENTED_EDGE('',*,*,#12577,.T.);
#13041 = ORIENTED_EDGE('',*,*,#12608,.T.);
#13042 = ORIENTED_EDGE('',*,*,#12649,.T.);
#13043 = ORIENTED_EDGE('',*,*,#12690,.T.);
#13044 = ORIENTED_EDGE('',*,*,#12731,.T.);
#13045 = ORIENTED_EDGE('',*,*,#12772,.T.);
#13046 = ORIENTED_EDGE('',*,*,#12813,.T.);
#13047 = ORIENTED_EDGE('',*,*,#12854,.T.);
#13048 = ORIENTED_EDGE('',*,*,#12895,.T.);
#13049 = ORIENTED_EDGE('',*,*,#12936,.T.);
#13050 = PLANE('',#13051);
#13051 = AXIS2_PLACEMENT_3D('',#13052,#13053,#13054);
#13052 = CARTESIAN_POINT('',(0.507637811809,0.35,0.227482646566));
#13053 = DIRECTION('',(0.E+000,1.,0.E+000));
#13054 = DIRECTION('',(-1.,0.E+000,0.E+000));
#13055 = MANIFOLD_SOLID_BREP('',#13056);
#13056 = CLOSED_SHELL('',(#13057,#13107,#13148,#13189,#13230,#13271,
    #13312,#13353,#13385,#13435,#13476,#13517,#13558,#13599,#13640,
    #13681,#13722,#13763,#13804,#13845,#13877,#13907));
#13057 = ADVANCED_FACE('',(#13058),#13096,.T.);
#13058 = FACE_BOUND('',#13059,.T.);
#13059 = EDGE_LOOP('',(#13060,#13072,#13080,#13090));
#13060 = ORIENTED_EDGE('',*,*,#13061,.F.);
#13061 = EDGE_CURVE('',#13062,#13064,#13066,.T.);
#13062 = VERTEX_POINT('',#13063);
#13063 = CARTESIAN_POINT('',(0.263924421727,0.35,0.227543676135));
#13064 = VERTEX_POINT('',#13065);
#13065 = CARTESIAN_POINT('',(0.274239364064,0.35,0.286198465016));
#13066 = B_SPLINE_CURVE_WITH_KNOTS('',3,(#13067,#13068,#13069,#13070,
    #13071),.UNSPECIFIED.,.F.,.F.,(4,1,4),(0.E+000,3.67878802715E-003,
    6.006826643224E-003),.UNSPECIFIED.);
#13067 = CARTESIAN_POINT('',(0.263924421727,0.35,0.227543676135));
#13068 = CARTESIAN_POINT('',(0.263799399856,0.35,0.239980293794));
#13069 = CARTESIAN_POINT('',(0.263595260694,0.35,0.26028714642));
#13070 = CARTESIAN_POINT('',(0.27126632456,0.35,0.278961089437));
#13071 = CARTESIAN_POINT('',(0.274239364064,0.35,0.286198465016));
#13072 = ORIENTED_EDGE('',*,*,#13073,.T.);
#13073 = EDGE_CURVE('',#13062,#13074,#13076,.T.);
#13074 = VERTEX_POINT('',#13075);
#13075 = CARTESIAN_POINT('',(0.263924421727,0.351,0.227543676135));
#13076 = LINE('',#13077,#13078);
#13077 = CARTESIAN_POINT('',(0.263924421727,0.35,0.227543676135));
#13078 = VECTOR('',#13079,1.);
#13079 = DIRECTION('',(0.E+000,1.,0.E+000));
#13080 = ORIENTED_EDGE('',*,*,#13081,.F.);
#13081 = EDGE_CURVE('',#13082,#13074,#13084,.T.);
#13082 = VERTEX_POINT('',#13083);
#13083 = CARTESIAN_POINT('',(0.274239364064,0.351,0.286198465016));
#13084 = B_SPLINE_CURVE_WITH_KNOTS('',3,(#13085,#13086,#13087,#13088,
    #13089),.UNSPECIFIED.,.F.,.F.,(4,1,4),(-6.006826643224E-003,
    -3.67878802715E-003,0.E+000),.UNSPECIFIED.);
#13085 = CARTESIAN_POINT('',(0.274239364064,0.351,0.286198465016));
#13086 = CARTESIAN_POINT('',(0.27126632456,0.351,0.278961089437));
#13087 = CARTESIAN_POINT('',(0.263595260694,0.351,0.26028714642));
#13088 = CARTESIAN_POINT('',(0.263799399856,0.351,0.239980293794));
#13089 = CARTESIAN_POINT('',(0.263924421727,0.351,0.227543676135));
#13090 = ORIENTED_EDGE('',*,*,#13091,.F.);
#13091 = EDGE_CURVE('',#13064,#13082,#13092,.T.);
#13092 = LINE('',#13093,#13094);
#13093 = CARTESIAN_POINT('',(0.274239364064,0.35,0.286198465016));
#13094 = VECTOR('',#13095,1.);
#13095 = DIRECTION('',(0.E+000,1.,0.E+000));
#13096 = B_SPLINE_SURFACE_WITH_KNOTS('',3,1,(
    (#13097,#13098)
    ,(#13099,#13100)
    ,(#13101,#13102)
    ,(#13103,#13104)
    ,(#13105,#13106
    )),.UNSPECIFIED.,.F.,.F.,.F.,(4,1,4),(2,2),(-6.006826643224E-003,
    -3.67878802715E-003,0.E+000),(0.E+000,1.E-004),.UNSPECIFIED.);
#13097 = CARTESIAN_POINT('',(0.274239364064,0.35,0.286198465016));
#13098 = CARTESIAN_POINT('',(0.274239364064,0.351,0.286198465016));
#13099 = CARTESIAN_POINT('',(0.27126632456,0.35,0.278961089437));
#13100 = CARTESIAN_POINT('',(0.27126632456,0.351,0.278961089437));
#13101 = CARTESIAN_POINT('',(0.263595260694,0.35,0.26028714642));
#13102 = CARTESIAN_POINT('',(0.263595260694,0.351,0.26028714642));
#13103 = CARTESIAN_POINT('',(0.263799399856,0.35,0.239980293794));
#13104 = CARTESIAN_POINT('',(0.263799399856,0.351,0.239980293794));
#13105 = CARTESIAN_POINT('',(0.263924421727,0.35,0.227543676135));
#13106 = CARTESIAN_POINT('',(0.263924421727,0.351,0.227543676135));
#13107 = ADVANCED_FACE('',(#13108),#13137,.T.);
#13108 = FACE_BOUND('',#13109,.T.);
#13109 = EDGE_LOOP('',(#13110,#13120,#13121,#13131));
#13110 = ORIENTED_EDGE('',*,*,#13111,.F.);
#13111 = EDGE_CURVE('',#13064,#13112,#13114,.T.);
#13112 = VERTEX_POINT('',#13113);
#13113 = CARTESIAN_POINT('',(0.299691022358,0.35,0.300785863635));
#13114 = B_SPLINE_CURVE_WITH_KNOTS('',3,(#13115,#13116,#13117,#13118,
    #13119),.UNSPECIFIED.,.F.,.F.,(4,1,4),(0.E+000,1.58875802108E-003,
    3.028826649353E-003),.UNSPECIFIED.);
#13115 = CARTESIAN_POINT('',(0.274239364064,0.35,0.286198465016));
#13116 = CARTESIAN_POINT('',(0.277742969208,0.35,0.290450049333));
#13117 = CARTESIAN_POINT('',(0.284422282537,0.35,0.298555318801));
#13118 = CARTESIAN_POINT('',(0.294770783273,0.35,0.300067086971));
#13119 = CARTESIAN_POINT('',(0.299691022358,0.35,0.300785863635));
#13120 = ORIENTED_EDGE('',*,*,#13091,.T.);
#13121 = ORIENTED_EDGE('',*,*,#13122,.F.);
#13122 = EDGE_CURVE('',#13123,#13082,#13125,.T.);
#13123 = VERTEX_POINT('',#13124);
#13124 = CARTESIAN_POINT('',(0.299691022358,0.351,0.300785863635));
#13125 = B_SPLINE_CURVE_WITH_KNOTS('',3,(#13126,#13127,#13128,#13129,
    #13130),.UNSPECIFIED.,.F.,.F.,(4,1,4),(-3.028826649353E-003,
    -1.58875802108E-003,0.E+000),.UNSPECIFIED.);
#13126 = CARTESIAN_POINT('',(0.299691022358,0.351,0.300785863635));
#13127 = CARTESIAN_POINT('',(0.294770783273,0.351,0.300067086971));
#13128 = CARTESIAN_POINT('',(0.284422282537,0.351,0.298555318801));
#13129 = CARTESIAN_POINT('',(0.277742969208,0.351,0.290450049333));
#13130 = CARTESIAN_POINT('',(0.274239364064,0.351,0.286198465016));
#13131 = ORIENTED_EDGE('',*,*,#13132,.F.);
#13132 = EDGE_CURVE('',#13112,#13123,#13133,.T.);
#13133 = LINE('',#13134,#13135);
#13134 = CARTESIAN_POINT('',(0.299691022358,0.35,0.300785863635));
#13135 = VECTOR('',#13136,1.);
#13136 = DIRECTION('',(0.E+000,1.,0.E+000));
#13137 = B_SPLINE_SURFACE_WITH_KNOTS('',3,1,(
    (#13138,#13139)
    ,(#13140,#13141)
    ,(#13142,#13143)
    ,(#13144,#13145)
    ,(#13146,#13147
    )),.UNSPECIFIED.,.F.,.F.,.F.,(4,1,4),(2,2),(-3.028826649353E-003,
    -1.58875802108E-003,0.E+000),(0.E+000,1.E-004),.UNSPECIFIED.);
#13138 = CARTESIAN_POINT('',(0.299691022358,0.35,0.300785863635));
#13139 = CARTESIAN_POINT('',(0.299691022358,0.351,0.300785863635));
#13140 = CARTESIAN_POINT('',(0.294770783273,0.35,0.300067086971));
#13141 = CARTESIAN_POINT('',(0.294770783273,0.351,0.300067086971));
#13142 = CARTESIAN_POINT('',(0.284422282537,0.35,0.298555318801));
#13143 = CARTESIAN_POINT('',(0.284422282537,0.351,0.298555318801));
#13144 = CARTESIAN_POINT('',(0.277742969208,0.35,0.290450049333));
#13145 = CARTESIAN_POINT('',(0.277742969208,0.351,0.290450049333));
#13146 = CARTESIAN_POINT('',(0.274239364064,0.35,0.286198465016));
#13147 = CARTESIAN_POINT('',(0.274239364064,0.351,0.286198465016));
#13148 = ADVANCED_FACE('',(#13149),#13178,.T.);
#13149 = FACE_BOUND('',#13150,.T.);
#13150 = EDGE_LOOP('',(#13151,#13161,#13162,#13172));
#13151 = ORIENTED_EDGE('',*,*,#13152,.F.);
#13152 = EDGE_CURVE('',#13112,#13153,#13155,.T.);
#13153 = VERTEX_POINT('',#13154);
#13154 = CARTESIAN_POINT('',(0.325142685308,0.35,0.286137426135));
#13155 = B_SPLINE_CURVE_WITH_KNOTS('',3,(#13156,#13157,#13158,#13159,
    #13160),.UNSPECIFIED.,.F.,.F.,(4,1,4),(0.E+000,1.440456628023E-003,
    3.032369607174E-003),.UNSPECIFIED.);
#13156 = CARTESIAN_POINT('',(0.299691022358,0.35,0.300785863635));
#13157 = CARTESIAN_POINT('',(0.304612430882,0.35,0.300062273406));
#13158 = CARTESIAN_POINT('',(0.314972707854,0.35,0.298539011285));
#13159 = CARTESIAN_POINT('',(0.321641662435,0.35,0.290406681742));
#13160 = CARTESIAN_POINT('',(0.325142685308,0.35,0.286137426135));
#13161 = ORIENTED_EDGE('',*,*,#13132,.T.);
#13162 = ORIENTED_EDGE('',*,*,#13163,.F.);
#13163 = EDGE_CURVE('',#13164,#13123,#13166,.T.);
#13164 = VERTEX_POINT('',#13165);
#13165 = CARTESIAN_POINT('',(0.325142685308,0.351,0.286137426135));
#13166 = B_SPLINE_CURVE_WITH_KNOTS('',3,(#13167,#13168,#13169,#13170,
    #13171),.UNSPECIFIED.,.F.,.F.,(4,1,4),(-3.032369607174E-003,
    -1.440456628023E-003,0.E+000),.UNSPECIFIED.);
#13167 = CARTESIAN_POINT('',(0.325142685308,0.351,0.286137426135));
#13168 = CARTESIAN_POINT('',(0.321641662435,0.351,0.290406681742));
#13169 = CARTESIAN_POINT('',(0.314972707854,0.351,0.298539011285));
#13170 = CARTESIAN_POINT('',(0.304612430882,0.351,0.300062273406));
#13171 = CARTESIAN_POINT('',(0.299691022358,0.351,0.300785863635));
#13172 = ORIENTED_EDGE('',*,*,#13173,.F.);
#13173 = EDGE_CURVE('',#13153,#13164,#13174,.T.);
#13174 = LINE('',#13175,#13176);
#13175 = CARTESIAN_POINT('',(0.325142685308,0.35,0.286137426135));
#13176 = VECTOR('',#13177,1.);
#13177 = DIRECTION('',(0.E+000,1.,0.E+000));
#13178 = B_SPLINE_SURFACE_WITH_KNOTS('',3,1,(
    (#13179,#13180)
    ,(#13181,#13182)
    ,(#13183,#13184)
    ,(#13185,#13186)
    ,(#13187,#13188
    )),.UNSPECIFIED.,.F.,.F.,.F.,(4,1,4),(2,2),(-3.032369607174E-003,
    -1.440456628023E-003,0.E+000),(0.E+000,1.E-004),.UNSPECIFIED.);
#13179 = CARTESIAN_POINT('',(0.325142685308,0.35,0.286137426135));
#13180 = CARTESIAN_POINT('',(0.325142685308,0.351,0.286137426135));
#13181 = CARTESIAN_POINT('',(0.321641662435,0.35,0.290406681742));
#13182 = CARTESIAN_POINT('',(0.321641662435,0.351,0.290406681742));
#13183 = CARTESIAN_POINT('',(0.314972707854,0.35,0.298539011285));
#13184 = CARTESIAN_POINT('',(0.314972707854,0.351,0.298539011285));
#13185 = CARTESIAN_POINT('',(0.304612430882,0.35,0.300062273406));
#13186 = CARTESIAN_POINT('',(0.304612430882,0.351,0.300062273406));
#13187 = CARTESIAN_POINT('',(0.299691022358,0.35,0.300785863635));
#13188 = CARTESIAN_POINT('',(0.299691022358,0.351,0.300785863635));
#13189 = ADVANCED_FACE('',(#13190),#13219,.T.);
#13190 = FACE_BOUND('',#13191,.T.);
#13191 = EDGE_LOOP('',(#13192,#13202,#13203,#13213));
#13192 = ORIENTED_EDGE('',*,*,#13193,.F.);
#13193 = EDGE_CURVE('',#13153,#13194,#13196,.T.);
#13194 = VERTEX_POINT('',#13195);
#13195 = CARTESIAN_POINT('',(0.335457622989,0.35,0.227543676135));
#13196 = B_SPLINE_CURVE_WITH_KNOTS('',3,(#13197,#13198,#13199,#13200,
    #13201),.UNSPECIFIED.,.F.,.F.,(4,1,4),(0.E+000,2.329477485663E-003,
    6.000654891673E-003),.UNSPECIFIED.);
#13197 = CARTESIAN_POINT('',(0.325142685308,0.35,0.286137426135));
#13198 = CARTESIAN_POINT('',(0.328116090227,0.35,0.278895026469));
#13199 = CARTESIAN_POINT('',(0.335775480316,0.35,0.26023885089));
#13200 = CARTESIAN_POINT('',(0.33557827341,0.35,0.239953918905));
#13201 = CARTESIAN_POINT('',(0.335457622989,0.35,0.227543676135));
#13202 = ORIENTED_EDGE('',*,*,#13173,.T.);
#13203 = ORIENTED_EDGE('',*,*,#13204,.F.);
#13204 = EDGE_CURVE('',#13205,#13164,#13207,.T.);
#13205 = VERTEX_POINT('',#13206);
#13206 = CARTESIAN_POINT('',(0.335457622989,0.351,0.227543676135));
#13207 = B_SPLINE_CURVE_WITH_KNOTS('',3,(#13208,#13209,#13210,#13211,
    #13212),.UNSPECIFIED.,.F.,.F.,(4,1,4),(-6.000654891673E-003,
    -2.329477485663E-003,0.E+000),.UNSPECIFIED.);
#13208 = CARTESIAN_POINT('',(0.335457622989,0.351,0.227543676135));
#13209 = CARTESIAN_POINT('',(0.33557827341,0.351,0.239953918905));
#13210 = CARTESIAN_POINT('',(0.335775480316,0.351,0.26023885089));
#13211 = CARTESIAN_POINT('',(0.328116090227,0.351,0.278895026469));
#13212 = CARTESIAN_POINT('',(0.325142685308,0.351,0.286137426135));
#13213 = ORIENTED_EDGE('',*,*,#13214,.F.);
#13214 = EDGE_CURVE('',#13194,#13205,#13215,.T.);
#13215 = LINE('',#13216,#13217);
#13216 = CARTESIAN_POINT('',(0.335457622989,0.35,0.227543676135));
#13217 = VECTOR('',#13218,1.);
#13218 = DIRECTION('',(0.E+000,1.,0.E+000));
#13219 = B_SPLINE_SURFACE_WITH_KNOTS('',3,1,(
    (#13220,#13221)
    ,(#13222,#13223)
    ,(#13224,#13225)
    ,(#13226,#13227)
    ,(#13228,#13229
    )),.UNSPECIFIED.,.F.,.F.,.F.,(4,1,4),(2,2),(-6.000654891673E-003,
    -2.329477485663E-003,0.E+000),(0.E+000,1.E-004),.UNSPECIFIED.);
#13220 = CARTESIAN_POINT('',(0.335457622989,0.35,0.227543676135));
#13221 = CARTESIAN_POINT('',(0.335457622989,0.351,0.227543676135));
#13222 = CARTESIAN_POINT('',(0.33557827341,0.35,0.239953918905));
#13223 = CARTESIAN_POINT('',(0.33557827341,0.351,0.239953918905));
#13224 = CARTESIAN_POINT('',(0.335775480316,0.35,0.26023885089));
#13225 = CARTESIAN_POINT('',(0.335775480316,0.351,0.26023885089));
#13226 = CARTESIAN_POINT('',(0.328116090227,0.35,0.278895026469));
#13227 = CARTESIAN_POINT('',(0.328116090227,0.351,0.278895026469));
#13228 = CARTESIAN_POINT('',(0.325142685308,0.35,0.286137426135));
#13229 = CARTESIAN_POINT('',(0.325142685308,0.351,0.286137426135));
#13230 = ADVANCED_FACE('',(#13231),#13260,.T.);
#13231 = FACE_BOUND('',#13232,.T.);
#13232 = EDGE_LOOP('',(#13233,#13243,#13244,#13254));
#13233 = ORIENTED_EDGE('',*,*,#13234,.F.);
#13234 = EDGE_CURVE('',#13194,#13235,#13237,.T.);
#13235 = VERTEX_POINT('',#13236);
#13236 = CARTESIAN_POINT('',(0.325142685308,0.35,0.168827857685));
#13237 = B_SPLINE_CURVE_WITH_KNOTS('',3,(#13238,#13239,#13240,#13241,
    #13242),.UNSPECIFIED.,.F.,.F.,(4,1,4),(0.E+000,3.686398725901E-003,
    6.012997394768E-003),.UNSPECIFIED.);
#13238 = CARTESIAN_POINT('',(0.335457622989,0.35,0.227543676135));
#13239 = CARTESIAN_POINT('',(0.335587024613,0.35,0.215080681211));
#13240 = CARTESIAN_POINT('',(0.335798095547,0.35,0.194751910079));
#13241 = CARTESIAN_POINT('',(0.328115354858,0.35,0.17606020627));
#13242 = CARTESIAN_POINT('',(0.325142685308,0.35,0.168827857685));
#13243 = ORIENTED_EDGE('',*,*,#13214,.T.);
#13244 = ORIENTED_EDGE('',*,*,#13245,.F.);
#13245 = EDGE_CURVE('',#13246,#13205,#13248,.T.);
#13246 = VERTEX_POINT('',#13247);
#13247 = CARTESIAN_POINT('',(0.325142685308,0.351,0.168827857685));
#13248 = B_SPLINE_CURVE_WITH_KNOTS('',3,(#13249,#13250,#13251,#13252,
    #13253),.UNSPECIFIED.,.F.,.F.,(4,1,4),(-6.012997394768E-003,
    -3.686398725901E-003,0.E+000),.UNSPECIFIED.);
#13249 = CARTESIAN_POINT('',(0.325142685308,0.351,0.168827857685));
#13250 = CARTESIAN_POINT('',(0.328115354858,0.351,0.17606020627));
#13251 = CARTESIAN_POINT('',(0.335798095547,0.351,0.194751910079));
#13252 = CARTESIAN_POINT('',(0.335587024613,0.351,0.215080681211));
#13253 = CARTESIAN_POINT('',(0.335457622989,0.351,0.227543676135));
#13254 = ORIENTED_EDGE('',*,*,#13255,.F.);
#13255 = EDGE_CURVE('',#13235,#13246,#13256,.T.);
#13256 = LINE('',#13257,#13258);
#13257 = CARTESIAN_POINT('',(0.325142685308,0.35,0.168827857685));
#13258 = VECTOR('',#13259,1.);
#13259 = DIRECTION('',(0.E+000,1.,0.E+000));
#13260 = B_SPLINE_SURFACE_WITH_KNOTS('',3,1,(
    (#13261,#13262)
    ,(#13263,#13264)
    ,(#13265,#13266)
    ,(#13267,#13268)
    ,(#13269,#13270
    )),.UNSPECIFIED.,.F.,.F.,.F.,(4,1,4),(2,2),(-6.012997394768E-003,
    -3.686398725901E-003,0.E+000),(0.E+000,1.E-004),.UNSPECIFIED.);
#13261 = CARTESIAN_POINT('',(0.325142685308,0.35,0.168827857685));
#13262 = CARTESIAN_POINT('',(0.325142685308,0.351,0.168827857685));
#13263 = CARTESIAN_POINT('',(0.328115354858,0.35,0.17606020627));
#13264 = CARTESIAN_POINT('',(0.328115354858,0.351,0.17606020627));
#13265 = CARTESIAN_POINT('',(0.335798095547,0.35,0.194751910079));
#13266 = CARTESIAN_POINT('',(0.335798095547,0.351,0.194751910079));
#13267 = CARTESIAN_POINT('',(0.335587024613,0.35,0.215080681211));
#13268 = CARTESIAN_POINT('',(0.335587024613,0.351,0.215080681211));
#13269 = CARTESIAN_POINT('',(0.335457622989,0.35,0.227543676135));
#13270 = CARTESIAN_POINT('',(0.335457622989,0.351,0.227543676135));
#13271 = ADVANCED_FACE('',(#13272),#13301,.T.);
#13272 = FACE_BOUND('',#13273,.T.);
#13273 = EDGE_LOOP('',(#13274,#13284,#13285,#13295));
#13274 = ORIENTED_EDGE('',*,*,#13275,.F.);
#13275 = EDGE_CURVE('',#13235,#13276,#13278,.T.);
#13276 = VERTEX_POINT('',#13277);
#13277 = CARTESIAN_POINT('',(0.299446885458,0.35,0.154301488635));
#13278 = B_SPLINE_CURVE_WITH_KNOTS('',3,(#13279,#13280,#13281,#13282,
    #13283),.UNSPECIFIED.,.F.,.F.,(4,1,4),(0.E+000,1.590049081946E-003,
    3.047457856025E-003),.UNSPECIFIED.);
#13279 = CARTESIAN_POINT('',(0.325142685308,0.35,0.168827857685));
#13280 = CARTESIAN_POINT('',(0.321614183077,0.35,0.164593396451));
#13281 = CARTESIAN_POINT('',(0.31485152275,0.35,0.156477708516));
#13282 = CARTESIAN_POINT('',(0.304430574298,0.35,0.155005536548));
#13283 = CARTESIAN_POINT('',(0.299446885458,0.35,0.154301488635));
#13284 = ORIENTED_EDGE('',*,*,#13255,.T.);
#13285 = ORIENTED_EDGE('',*,*,#13286,.F.);
#13286 = EDGE_CURVE('',#13287,#13246,#13289,.T.);
#13287 = VERTEX_POINT('',#13288);
#13288 = CARTESIAN_POINT('',(0.299446885458,0.351,0.154301488635));
#13289 = B_SPLINE_CURVE_WITH_KNOTS('',3,(#13290,#13291,#13292,#13293,
    #13294),.UNSPECIFIED.,.F.,.F.,(4,1,4),(-3.047457856025E-003,
    -1.590049081946E-003,0.E+000),.UNSPECIFIED.);
#13290 = CARTESIAN_POINT('',(0.299446885458,0.351,0.154301488635));
#13291 = CARTESIAN_POINT('',(0.304430574298,0.351,0.155005536548));
#13292 = CARTESIAN_POINT('',(0.31485152275,0.351,0.156477708516));
#13293 = CARTESIAN_POINT('',(0.321614183077,0.351,0.164593396451));
#13294 = CARTESIAN_POINT('',(0.325142685308,0.351,0.168827857685));
#13295 = ORIENTED_EDGE('',*,*,#13296,.F.);
#13296 = EDGE_CURVE('',#13276,#13287,#13297,.T.);
#13297 = LINE('',#13298,#13299);
#13298 = CARTESIAN_POINT('',(0.299446885458,0.35,0.154301488635));
#13299 = VECTOR('',#13300,1.);
#13300 = DIRECTION('',(0.E+000,1.,0.E+000));
#13301 = B_SPLINE_SURFACE_WITH_KNOTS('',3,1,(
    (#13302,#13303)
    ,(#13304,#13305)
    ,(#13306,#13307)
    ,(#13308,#13309)
    ,(#13310,#13311
    )),.UNSPECIFIED.,.F.,.F.,.F.,(4,1,4),(2,2),(-3.047457856025E-003,
    -1.590049081946E-003,0.E+000),(0.E+000,1.E-004),.UNSPECIFIED.);
#13302 = CARTESIAN_POINT('',(0.299446885458,0.35,0.154301488635));
#13303 = CARTESIAN_POINT('',(0.299446885458,0.351,0.154301488635));
#13304 = CARTESIAN_POINT('',(0.304430574298,0.35,0.155005536548));
#13305 = CARTESIAN_POINT('',(0.304430574298,0.351,0.155005536548));
#13306 = CARTESIAN_POINT('',(0.31485152275,0.35,0.156477708516));
#13307 = CARTESIAN_POINT('',(0.31485152275,0.351,0.156477708516));
#13308 = CARTESIAN_POINT('',(0.321614183077,0.35,0.164593396451));
#13309 = CARTESIAN_POINT('',(0.321614183077,0.351,0.164593396451));
#13310 = CARTESIAN_POINT('',(0.325142685308,0.35,0.168827857685));
#13311 = CARTESIAN_POINT('',(0.325142685308,0.351,0.168827857685));
#13312 = ADVANCED_FACE('',(#13313),#13342,.T.);
#13313 = FACE_BOUND('',#13314,.T.);
#13314 = EDGE_LOOP('',(#13315,#13325,#13326,#13336));
#13315 = ORIENTED_EDGE('',*,*,#13316,.F.);
#13316 = EDGE_CURVE('',#13276,#13317,#13319,.T.);
#13317 = VERTEX_POINT('',#13318);
#13318 = CARTESIAN_POINT('',(0.275276964515,0.35,0.167118871447));
#13319 = B_SPLINE_CURVE_WITH_KNOTS('',3,(#13320,#13321,#13322,#13323,
    #13324),.UNSPECIFIED.,.F.,.F.,(4,1,4),(0.E+000,1.398294830648E-003,
    2.826246639378E-003),.UNSPECIFIED.);
#13320 = CARTESIAN_POINT('',(0.299446885458,0.35,0.154301488635));
#13321 = CARTESIAN_POINT('',(0.294640210037,0.35,0.154857613432));
#13322 = CARTESIAN_POINT('',(0.284924912548,0.35,0.155981658093));
#13323 = CARTESIAN_POINT('',(0.278515366534,0.35,0.163380586986));
#13324 = CARTESIAN_POINT('',(0.275276964515,0.35,0.167118871447));
#13325 = ORIENTED_EDGE('',*,*,#13296,.T.);
#13326 = ORIENTED_EDGE('',*,*,#13327,.F.);
#13327 = EDGE_CURVE('',#13328,#13287,#13330,.T.);
#13328 = VERTEX_POINT('',#13329);
#13329 = CARTESIAN_POINT('',(0.275276964515,0.351,0.167118871447));
#13330 = B_SPLINE_CURVE_WITH_KNOTS('',3,(#13331,#13332,#13333,#13334,
    #13335),.UNSPECIFIED.,.F.,.F.,(4,1,4),(-2.826246639378E-003,
    -1.398294830648E-003,0.E+000),.UNSPECIFIED.);
#13331 = CARTESIAN_POINT('',(0.275276964515,0.351,0.167118871447));
#13332 = CARTESIAN_POINT('',(0.278515366534,0.351,0.163380586986));
#13333 = CARTESIAN_POINT('',(0.284924912548,0.351,0.155981658093));
#13334 = CARTESIAN_POINT('',(0.294640210037,0.351,0.154857613432));
#13335 = CARTESIAN_POINT('',(0.299446885458,0.351,0.154301488635));
#13336 = ORIENTED_EDGE('',*,*,#13337,.F.);
#13337 = EDGE_CURVE('',#13317,#13328,#13338,.T.);
#13338 = LINE('',#13339,#13340);
#13339 = CARTESIAN_POINT('',(0.275276964515,0.35,0.167118871447));
#13340 = VECTOR('',#13341,1.);
#13341 = DIRECTION('',(0.E+000,1.,0.E+000));
#13342 = B_SPLINE_SURFACE_WITH_KNOTS('',3,1,(
    (#13343,#13344)
    ,(#13345,#13346)
    ,(#13347,#13348)
    ,(#13349,#13350)
    ,(#13351,#13352
    )),.UNSPECIFIED.,.F.,.F.,.F.,(4,1,4),(2,2),(-2.826246639378E-003,
    -1.398294830648E-003,0.E+000),(0.E+000,1.E-004),.UNSPECIFIED.);
#13343 = CARTESIAN_POINT('',(0.275276964515,0.35,0.167118871447));
#13344 = CARTESIAN_POINT('',(0.275276964515,0.351,0.167118871447));
#13345 = CARTESIAN_POINT('',(0.278515366534,0.35,0.163380586986));
#13346 = CARTESIAN_POINT('',(0.278515366534,0.351,0.163380586986));
#13347 = CARTESIAN_POINT('',(0.284924912548,0.35,0.155981658093));
#13348 = CARTESIAN_POINT('',(0.284924912548,0.351,0.155981658093));
#13349 = CARTESIAN_POINT('',(0.294640210037,0.35,0.154857613432));
#13350 = CARTESIAN_POINT('',(0.294640210037,0.351,0.154857613432));
#13351 = CARTESIAN_POINT('',(0.299446885458,0.35,0.154301488635));
#13352 = CARTESIAN_POINT('',(0.299446885458,0.351,0.154301488635));
#13353 = ADVANCED_FACE('',(#13354),#13374,.T.);
#13354 = FACE_BOUND('',#13355,.T.);
#13355 = EDGE_LOOP('',(#13356,#13364,#13365,#13373));
#13356 = ORIENTED_EDGE('',*,*,#13357,.F.);
#13357 = EDGE_CURVE('',#13317,#13062,#13358,.T.);
#13358 = B_SPLINE_CURVE_WITH_KNOTS('',3,(#13359,#13360,#13361,#13362,
    #13363),.UNSPECIFIED.,.F.,.F.,(4,1,4),(0.E+000,2.479278295319E-003,
    6.204096293104E-003),.UNSPECIFIED.);
#13359 = CARTESIAN_POINT('',(0.275276964515,0.35,0.167118871447));
#13360 = CARTESIAN_POINT('',(0.2719975613,0.35,0.174784878625));
#13361 = CARTESIAN_POINT('',(0.263791248454,0.35,0.193968141271));
#13362 = CARTESIAN_POINT('',(0.263874461964,0.35,0.214947862244));
#13363 = CARTESIAN_POINT('',(0.263924421727,0.35,0.227543676135));
#13364 = ORIENTED_EDGE('',*,*,#13337,.T.);
#13365 = ORIENTED_EDGE('',*,*,#13366,.F.);
#13366 = EDGE_CURVE('',#13074,#13328,#13367,.T.);
#13367 = B_SPLINE_CURVE_WITH_KNOTS('',3,(#13368,#13369,#13370,#13371,
    #13372),.UNSPECIFIED.,.F.,.F.,(4,1,4),(-6.204096293104E-003,
    -2.479278295319E-003,0.E+000),.UNSPECIFIED.);
#13368 = CARTESIAN_POINT('',(0.263924421727,0.351,0.227543676135));
#13369 = CARTESIAN_POINT('',(0.263874461964,0.351,0.214947862244));
#13370 = CARTESIAN_POINT('',(0.263791248454,0.351,0.193968141271));
#13371 = CARTESIAN_POINT('',(0.2719975613,0.351,0.174784878625));
#13372 = CARTESIAN_POINT('',(0.275276964515,0.351,0.167118871447));
#13373 = ORIENTED_EDGE('',*,*,#13073,.F.);
#13374 = B_SPLINE_SURFACE_WITH_KNOTS('',3,1,(
    (#13375,#13376)
    ,(#13377,#13378)
    ,(#13379,#13380)
    ,(#13381,#13382)
    ,(#13383,#13384
    )),.UNSPECIFIED.,.F.,.F.,.F.,(4,1,4),(2,2),(-6.204096293104E-003,
    -2.479278295319E-003,0.E+000),(0.E+000,1.E-004),.UNSPECIFIED.);
#13375 = CARTESIAN_POINT('',(0.263924421727,0.35,0.227543676135));
#13376 = CARTESIAN_POINT('',(0.263924421727,0.351,0.227543676135));
#13377 = CARTESIAN_POINT('',(0.263874461964,0.35,0.214947862244));
#13378 = CARTESIAN_POINT('',(0.263874461964,0.351,0.214947862244));
#13379 = CARTESIAN_POINT('',(0.263791248454,0.35,0.193968141271));
#13380 = CARTESIAN_POINT('',(0.263791248454,0.351,0.193968141271));
#13381 = CARTESIAN_POINT('',(0.2719975613,0.35,0.174784878625));
#13382 = CARTESIAN_POINT('',(0.2719975613,0.351,0.174784878625));
#13383 = CARTESIAN_POINT('',(0.275276964515,0.35,0.167118871447));
#13384 = CARTESIAN_POINT('',(0.275276964515,0.351,0.167118871447));
#13385 = ADVANCED_FACE('',(#13386),#13424,.T.);
#13386 = FACE_BOUND('',#13387,.T.);
#13387 = EDGE_LOOP('',(#13388,#13400,#13408,#13418));
#13388 = ORIENTED_EDGE('',*,*,#13389,.F.);
#13389 = EDGE_CURVE('',#13390,#13392,#13394,.T.);
#13390 = VERTEX_POINT('',#13391);
#13391 = CARTESIAN_POINT('',(0.241341413914,0.35,0.227543676135));
#13392 = VERTEX_POINT('',#13393);
#13393 = CARTESIAN_POINT('',(0.247872176099,0.35,0.176457252216));
#13394 = B_SPLINE_CURVE_WITH_KNOTS('',3,(#13395,#13396,#13397,#13398,
    #13399),.UNSPECIFIED.,.F.,.F.,(4,1,4),(0.E+000,2.86872476191E-003,
    5.166113359943E-003),.UNSPECIFIED.);
#13395 = CARTESIAN_POINT('',(0.241341413914,0.35,0.227543676135));
#13396 = CARTESIAN_POINT('',(0.241470700353,0.35,0.217940020294));
#13397 = CARTESIAN_POINT('',(0.241703524499,0.35,0.200645375857));
#13398 = CARTESIAN_POINT('',(0.245973363728,0.35,0.183902754311));
#13399 = CARTESIAN_POINT('',(0.247872176099,0.35,0.176457252216));
#13400 = ORIENTED_EDGE('',*,*,#13401,.T.);
#13401 = EDGE_CURVE('',#13390,#13402,#13404,.T.);
#13402 = VERTEX_POINT('',#13403);
#13403 = CARTESIAN_POINT('',(0.241341413914,0.351,0.227543676135));
#13404 = LINE('',#13405,#13406);
#13405 = CARTESIAN_POINT('',(0.241341413914,0.35,0.227543676135));
#13406 = VECTOR('',#13407,1.);
#13407 = DIRECTION('',(0.E+000,1.,0.E+000));
#13408 = ORIENTED_EDGE('',*,*,#13409,.F.);
#13409 = EDGE_CURVE('',#13410,#13402,#13412,.T.);
#13410 = VERTEX_POINT('',#13411);
#13411 = CARTESIAN_POINT('',(0.247872176099,0.351,0.176457252216));
#13412 = B_SPLINE_CURVE_WITH_KNOTS('',3,(#13413,#13414,#13415,#13416,
    #13417),.UNSPECIFIED.,.F.,.F.,(4,1,4),(-5.166113359943E-003,
    -2.86872476191E-003,0.E+000),.UNSPECIFIED.);
#13413 = CARTESIAN_POINT('',(0.247872176099,0.351,0.176457252216));
#13414 = CARTESIAN_POINT('',(0.245973363728,0.351,0.183902754311));
#13415 = CARTESIAN_POINT('',(0.241703524499,0.351,0.200645375857));
#13416 = CARTESIAN_POINT('',(0.241470700353,0.351,0.217940020294));
#13417 = CARTESIAN_POINT('',(0.241341413914,0.351,0.227543676135));
#13418 = ORIENTED_EDGE('',*,*,#13419,.F.);
#13419 = EDGE_CURVE('',#13392,#13410,#13420,.T.);
#13420 = LINE('',#13421,#13422);
#13421 = CARTESIAN_POINT('',(0.247872176099,0.35,0.176457252216));
#13422 = VECTOR('',#13423,1.);
#13423 = DIRECTION('',(0.E+000,1.,0.E+000));
#13424 = B_SPLINE_SURFACE_WITH_KNOTS('',3,1,(
    (#13425,#13426)
    ,(#13427,#13428)
    ,(#13429,#13430)
    ,(#13431,#13432)
    ,(#13433,#13434
    )),.UNSPECIFIED.,.F.,.F.,.F.,(4,1,4),(2,2),(-5.166113359943E-003,
    -2.86872476191E-003,0.E+000),(0.E+000,1.E-004),.UNSPECIFIED.);
#13425 = CARTESIAN_POINT('',(0.247872176099,0.35,0.176457252216));
#13426 = CARTESIAN_POINT('',(0.247872176099,0.351,0.176457252216));
#13427 = CARTESIAN_POINT('',(0.245973363728,0.35,0.183902754311));
#13428 = CARTESIAN_POINT('',(0.245973363728,0.351,0.183902754311));
#13429 = CARTESIAN_POINT('',(0.241703524499,0.35,0.200645375857));
#13430 = CARTESIAN_POINT('',(0.241703524499,0.351,0.200645375857));
#13431 = CARTESIAN_POINT('',(0.241470700353,0.35,0.217940020294));
#13432 = CARTESIAN_POINT('',(0.241470700353,0.351,0.217940020294));
#13433 = CARTESIAN_POINT('',(0.241341413914,0.35,0.227543676135));
#13434 = CARTESIAN_POINT('',(0.241341413914,0.351,0.227543676135));
#13435 = ADVANCED_FACE('',(#13436),#13465,.T.);
#13436 = FACE_BOUND('',#13437,.T.);
#13437 = EDGE_LOOP('',(#13438,#13448,#13449,#13459));
#13438 = ORIENTED_EDGE('',*,*,#13439,.F.);
#13439 = EDGE_CURVE('',#13392,#13440,#13442,.T.);
#13440 = VERTEX_POINT('',#13441);
#13441 = CARTESIAN_POINT('',(0.267281355321,0.35,0.146611055222));
#13442 = B_SPLINE_CURVE_WITH_KNOTS('',3,(#13443,#13444,#13445,#13446,
    #13447),.UNSPECIFIED.,.F.,.F.,(4,1,4),(0.E+000,1.896117678528E-003,
    3.596284593819E-003),.UNSPECIFIED.);
#13443 = CARTESIAN_POINT('',(0.247872176099,0.35,0.176457252216));
#13444 = CARTESIAN_POINT('',(0.250184812958,0.35,0.170485261771));
#13445 = CARTESIAN_POINT('',(0.254571091511,0.35,0.159158445153));
#13446 = CARTESIAN_POINT('',(0.263201346285,0.35,0.150638781558));
#13447 = CARTESIAN_POINT('',(0.267281355321,0.35,0.146611055222));
#13448 = ORIENTED_EDGE('',*,*,#13419,.T.);
#13449 = ORIENTED_EDGE('',*,*,#13450,.F.);
#13450 = EDGE_CURVE('',#13451,#13410,#13453,.T.);
#13451 = VERTEX_POINT('',#13452);
#13452 = CARTESIAN_POINT('',(0.267281355321,0.351,0.146611055222));
#13453 = B_SPLINE_CURVE_WITH_KNOTS('',3,(#13454,#13455,#13456,#13457,
    #13458),.UNSPECIFIED.,.F.,.F.,(4,1,4),(-3.596284593819E-003,
    -1.896117678528E-003,0.E+000),.UNSPECIFIED.);
#13454 = CARTESIAN_POINT('',(0.267281355321,0.351,0.146611055222));
#13455 = CARTESIAN_POINT('',(0.263201346285,0.351,0.150638781558));
#13456 = CARTESIAN_POINT('',(0.254571091511,0.351,0.159158445153));
#13457 = CARTESIAN_POINT('',(0.250184812958,0.351,0.170485261771));
#13458 = CARTESIAN_POINT('',(0.247872176099,0.351,0.176457252216));
#13459 = ORIENTED_EDGE('',*,*,#13460,.F.);
#13460 = EDGE_CURVE('',#13440,#13451,#13461,.T.);
#13461 = LINE('',#13462,#13463);
#13462 = CARTESIAN_POINT('',(0.267281355321,0.35,0.146611055222));
#13463 = VECTOR('',#13464,1.);
#13464 = DIRECTION('',(0.E+000,1.,0.E+000));
#13465 = B_SPLINE_SURFACE_WITH_KNOTS('',3,1,(
    (#13466,#13467)
    ,(#13468,#13469)
    ,(#13470,#13471)
    ,(#13472,#13473)
    ,(#13474,#13475
    )),.UNSPECIFIED.,.F.,.F.,.F.,(4,1,4),(2,2),(-3.596284593819E-003,
    -1.896117678528E-003,0.E+000),(0.E+000,1.E-004),.UNSPECIFIED.);
#13466 = CARTESIAN_POINT('',(0.267281355321,0.35,0.146611055222));
#13467 = CARTESIAN_POINT('',(0.267281355321,0.351,0.146611055222));
#13468 = CARTESIAN_POINT('',(0.263201346285,0.35,0.150638781558));
#13469 = CARTESIAN_POINT('',(0.263201346285,0.351,0.150638781558));
#13470 = CARTESIAN_POINT('',(0.254571091511,0.35,0.159158445153));
#13471 = CARTESIAN_POINT('',(0.254571091511,0.351,0.159158445153));
#13472 = CARTESIAN_POINT('',(0.250184812958,0.35,0.170485261771));
#13473 = CARTESIAN_POINT('',(0.250184812958,0.351,0.170485261771));
#13474 = CARTESIAN_POINT('',(0.247872176099,0.35,0.176457252216));
#13475 = CARTESIAN_POINT('',(0.247872176099,0.351,0.176457252216));
#13476 = ADVANCED_FACE('',(#13477),#13506,.T.);
#13477 = FACE_BOUND('',#13478,.T.);
#13478 = EDGE_LOOP('',(#13479,#13489,#13490,#13500));
#13479 = ORIENTED_EDGE('',*,*,#13480,.F.);
#13480 = EDGE_CURVE('',#13440,#13481,#13483,.T.);
#13481 = VERTEX_POINT('',#13482);
#13482 = CARTESIAN_POINT('',(0.299691022358,0.35,0.136113019523));
#13483 = B_SPLINE_CURVE_WITH_KNOTS('',3,(#13484,#13485,#13486,#13487,
    #13488),.UNSPECIFIED.,.F.,.F.,(4,1,4),(0.E+000,1.653636571821E-003,
    3.4596123153E-003),.UNSPECIFIED.);
#13484 = CARTESIAN_POINT('',(0.267281355321,0.35,0.146611055222));
#13485 = CARTESIAN_POINT('',(0.271983641214,0.35,0.143550752871));
#13486 = CARTESIAN_POINT('',(0.281821405123,0.35,0.137148221696));
#13487 = CARTESIAN_POINT('',(0.293562154146,0.35,0.136468070088));
#13488 = CARTESIAN_POINT('',(0.299691022358,0.35,0.136113019523));
#13489 = ORIENTED_EDGE('',*,*,#13460,.T.);
#13490 = ORIENTED_EDGE('',*,*,#13491,.F.);
#13491 = EDGE_CURVE('',#13492,#13451,#13494,.T.);
#13492 = VERTEX_POINT('',#13493);
#13493 = CARTESIAN_POINT('',(0.299691022358,0.351,0.136113019523));
#13494 = B_SPLINE_CURVE_WITH_KNOTS('',3,(#13495,#13496,#13497,#13498,
    #13499),.UNSPECIFIED.,.F.,.F.,(4,1,4),(-3.4596123153E-003,
    -1.653636571821E-003,0.E+000),.UNSPECIFIED.);
#13495 = CARTESIAN_POINT('',(0.299691022358,0.351,0.136113019523));
#13496 = CARTESIAN_POINT('',(0.293562154146,0.351,0.136468070088));
#13497 = CARTESIAN_POINT('',(0.281821405123,0.351,0.137148221696));
#13498 = CARTESIAN_POINT('',(0.271983641214,0.351,0.143550752871));
#13499 = CARTESIAN_POINT('',(0.267281355321,0.351,0.146611055222));
#13500 = ORIENTED_EDGE('',*,*,#13501,.F.);
#13501 = EDGE_CURVE('',#13481,#13492,#13502,.T.);
#13502 = LINE('',#13503,#13504);
#13503 = CARTESIAN_POINT('',(0.299691022358,0.35,0.136113019523));
#13504 = VECTOR('',#13505,1.);
#13505 = DIRECTION('',(0.E+000,1.,0.E+000));
#13506 = B_SPLINE_SURFACE_WITH_KNOTS('',3,1,(
    (#13507,#13508)
    ,(#13509,#13510)
    ,(#13511,#13512)
    ,(#13513,#13514)
    ,(#13515,#13516
    )),.UNSPECIFIED.,.F.,.F.,.F.,(4,1,4),(2,2),(-3.4596123153E-003,
    -1.653636571821E-003,0.E+000),(0.E+000,1.E-004),.UNSPECIFIED.);
#13507 = CARTESIAN_POINT('',(0.299691022358,0.35,0.136113019523));
#13508 = CARTESIAN_POINT('',(0.299691022358,0.351,0.136113019523));
#13509 = CARTESIAN_POINT('',(0.293562154146,0.35,0.136468070088));
#13510 = CARTESIAN_POINT('',(0.293562154146,0.351,0.136468070088));
#13511 = CARTESIAN_POINT('',(0.281821405123,0.35,0.137148221696));
#13512 = CARTESIAN_POINT('',(0.281821405123,0.351,0.137148221696));
#13513 = CARTESIAN_POINT('',(0.271983641214,0.35,0.143550752871));
#13514 = CARTESIAN_POINT('',(0.271983641214,0.351,0.143550752871));
#13515 = CARTESIAN_POINT('',(0.267281355321,0.35,0.146611055222));
#13516 = CARTESIAN_POINT('',(0.267281355321,0.351,0.146611055222));
#13517 = ADVANCED_FACE('',(#13518),#13547,.T.);
#13518 = FACE_BOUND('',#13519,.T.);
#13519 = EDGE_LOOP('',(#13520,#13530,#13531,#13541));
#13520 = ORIENTED_EDGE('',*,*,#13521,.F.);
#13521 = EDGE_CURVE('',#13481,#13522,#13524,.T.);
#13522 = VERTEX_POINT('',#13523);
#13523 = CARTESIAN_POINT('',(0.324959577977,0.35,0.141911359366));
#13524 = B_SPLINE_CURVE_WITH_KNOTS('',3,(#13525,#13526,#13527,#13528,
    #13529),.UNSPECIFIED.,.F.,.F.,(4,1,4),(0.E+000,1.359678071039E-003,
    2.612502710217E-003),.UNSPECIFIED.);
#13525 = CARTESIAN_POINT('',(0.299691022358,0.35,0.136113019523));
#13526 = CARTESIAN_POINT('',(0.304264062872,0.35,0.136312562513));
#13527 = CARTESIAN_POINT('',(0.313050760983,0.35,0.136695966948));
#13528 = CARTESIAN_POINT('',(0.321099708423,0.35,0.140220953475));
#13529 = CARTESIAN_POINT('',(0.324959577977,0.35,0.141911359366));
#13530 = ORIENTED_EDGE('',*,*,#13501,.T.);
#13531 = ORIENTED_EDGE('',*,*,#13532,.F.);
#13532 = EDGE_CURVE('',#13533,#13492,#13535,.T.);
#13533 = VERTEX_POINT('',#13534);
#13534 = CARTESIAN_POINT('',(0.324959577977,0.351,0.141911359366));
#13535 = B_SPLINE_CURVE_WITH_KNOTS('',3,(#13536,#13537,#13538,#13539,
    #13540),.UNSPECIFIED.,.F.,.F.,(4,1,4),(-2.612502710217E-003,
    -1.359678071039E-003,0.E+000),.UNSPECIFIED.);
#13536 = CARTESIAN_POINT('',(0.324959577977,0.351,0.141911359366));
#13537 = CARTESIAN_POINT('',(0.321099708423,0.351,0.140220953475));
#13538 = CARTESIAN_POINT('',(0.313050760983,0.351,0.136695966948));
#13539 = CARTESIAN_POINT('',(0.304264062872,0.351,0.136312562513));
#13540 = CARTESIAN_POINT('',(0.299691022358,0.351,0.136113019523));
#13541 = ORIENTED_EDGE('',*,*,#13542,.F.);
#13542 = EDGE_CURVE('',#13522,#13533,#13543,.T.);
#13543 = LINE('',#13544,#13545);
#13544 = CARTESIAN_POINT('',(0.324959577977,0.35,0.141911359366));
#13545 = VECTOR('',#13546,1.);
#13546 = DIRECTION('',(0.E+000,1.,0.E+000));
#13547 = B_SPLINE_SURFACE_WITH_KNOTS('',3,1,(
    (#13548,#13549)
    ,(#13550,#13551)
    ,(#13552,#13553)
    ,(#13554,#13555)
    ,(#13556,#13557
    )),.UNSPECIFIED.,.F.,.F.,.F.,(4,1,4),(2,2),(-2.612502710217E-003,
    -1.359678071039E-003,0.E+000),(0.E+000,1.E-004),.UNSPECIFIED.);
#13548 = CARTESIAN_POINT('',(0.324959577977,0.35,0.141911359366));
#13549 = CARTESIAN_POINT('',(0.324959577977,0.351,0.141911359366));
#13550 = CARTESIAN_POINT('',(0.321099708423,0.35,0.140220953475));
#13551 = CARTESIAN_POINT('',(0.321099708423,0.351,0.140220953475));
#13552 = CARTESIAN_POINT('',(0.313050760983,0.35,0.136695966948));
#13553 = CARTESIAN_POINT('',(0.313050760983,0.351,0.136695966948));
#13554 = CARTESIAN_POINT('',(0.304264062872,0.35,0.136312562513));
#13555 = CARTESIAN_POINT('',(0.304264062872,0.351,0.136312562513));
#13556 = CARTESIAN_POINT('',(0.299691022358,0.35,0.136113019523));
#13557 = CARTESIAN_POINT('',(0.299691022358,0.351,0.136113019523));
#13558 = ADVANCED_FACE('',(#13559),#13588,.T.);
#13559 = FACE_BOUND('',#13560,.T.);
#13560 = EDGE_LOOP('',(#13561,#13571,#13572,#13582));
#13561 = ORIENTED_EDGE('',*,*,#13562,.F.);
#13562 = EDGE_CURVE('',#13522,#13563,#13565,.T.);
#13563 = VERTEX_POINT('',#13564);
#13564 = CARTESIAN_POINT('',(0.342903919502,0.35,0.158634988454));
#13565 = B_SPLINE_CURVE_WITH_KNOTS('',3,(#13566,#13567,#13568,#13569,
    #13570),.UNSPECIFIED.,.F.,.F.,(4,1,4),(0.E+000,1.218599359971E-003,
    2.473258014689E-003),.UNSPECIFIED.);
#13566 = CARTESIAN_POINT('',(0.324959577977,0.35,0.141911359366));
#13567 = CARTESIAN_POINT('',(0.328439966329,0.35,0.144083636584));
#13568 = CARTESIAN_POINT('',(0.33550373041,0.35,0.148492470377));
#13569 = CARTESIAN_POINT('',(0.340413329686,0.35,0.155221447));
#13570 = CARTESIAN_POINT('',(0.342903919502,0.35,0.158634988454));
#13571 = ORIENTED_EDGE('',*,*,#13542,.T.);
#13572 = ORIENTED_EDGE('',*,*,#13573,.F.);
#13573 = EDGE_CURVE('',#13574,#13533,#13576,.T.);
#13574 = VERTEX_POINT('',#13575);
#13575 = CARTESIAN_POINT('',(0.342903919502,0.351,0.158634988454));
#13576 = B_SPLINE_CURVE_WITH_KNOTS('',3,(#13577,#13578,#13579,#13580,
    #13581),.UNSPECIFIED.,.F.,.F.,(4,1,4),(-2.473258014689E-003,
    -1.218599359971E-003,0.E+000),.UNSPECIFIED.);
#13577 = CARTESIAN_POINT('',(0.342903919502,0.351,0.158634988454));
#13578 = CARTESIAN_POINT('',(0.340413329686,0.351,0.155221447));
#13579 = CARTESIAN_POINT('',(0.33550373041,0.351,0.148492470377));
#13580 = CARTESIAN_POINT('',(0.328439966329,0.351,0.144083636584));
#13581 = CARTESIAN_POINT('',(0.324959577977,0.351,0.141911359366));
#13582 = ORIENTED_EDGE('',*,*,#13583,.F.);
#13583 = EDGE_CURVE('',#13563,#13574,#13584,.T.);
#13584 = LINE('',#13585,#13586);
#13585 = CARTESIAN_POINT('',(0.342903919502,0.35,0.158634988454));
#13586 = VECTOR('',#13587,1.);
#13587 = DIRECTION('',(0.E+000,1.,0.E+000));
#13588 = B_SPLINE_SURFACE_WITH_KNOTS('',3,1,(
    (#13589,#13590)
    ,(#13591,#13592)
    ,(#13593,#13594)
    ,(#13595,#13596)
    ,(#13597,#13598
    )),.UNSPECIFIED.,.F.,.F.,.F.,(4,1,4),(2,2),(-2.473258014689E-003,
    -1.218599359971E-003,0.E+000),(0.E+000,1.E-004),.UNSPECIFIED.);
#13589 = CARTESIAN_POINT('',(0.342903919502,0.35,0.158634988454));
#13590 = CARTESIAN_POINT('',(0.342903919502,0.351,0.158634988454));
#13591 = CARTESIAN_POINT('',(0.340413329686,0.35,0.155221447));
#13592 = CARTESIAN_POINT('',(0.340413329686,0.351,0.155221447));
#13593 = CARTESIAN_POINT('',(0.33550373041,0.35,0.148492470377));
#13594 = CARTESIAN_POINT('',(0.33550373041,0.351,0.148492470377));
#13595 = CARTESIAN_POINT('',(0.328439966329,0.35,0.144083636584));
#13596 = CARTESIAN_POINT('',(0.328439966329,0.351,0.144083636584));
#13597 = CARTESIAN_POINT('',(0.324959577977,0.35,0.141911359366));
#13598 = CARTESIAN_POINT('',(0.324959577977,0.351,0.141911359366));
#13599 = ADVANCED_FACE('',(#13600),#13629,.T.);
#13600 = FACE_BOUND('',#13601,.T.);
#13601 = EDGE_LOOP('',(#13602,#13612,#13613,#13623));
#13602 = ORIENTED_EDGE('',*,*,#13603,.F.);
#13603 = EDGE_CURVE('',#13563,#13604,#13606,.T.);
#13604 = VERTEX_POINT('',#13605);
#13605 = CARTESIAN_POINT('',(0.354012316077,0.35,0.185246310991));
#13606 = B_SPLINE_CURVE_WITH_KNOTS('',3,(#13607,#13608,#13609,#13610,
    #13611),.UNSPECIFIED.,.F.,.F.,(4,1,4),(0.E+000,1.366348618259E-003,
    2.893063594071E-003),.UNSPECIFIED.);
#13607 = CARTESIAN_POINT('',(0.342903919502,0.35,0.158634988454));
#13608 = CARTESIAN_POINT('',(0.345169352731,0.35,0.162605963976));
#13609 = CARTESIAN_POINT('',(0.349966109804,0.35,0.171013982665));
#13610 = CARTESIAN_POINT('',(0.352614643408,0.35,0.180330067235));
#13611 = CARTESIAN_POINT('',(0.354012316077,0.35,0.185246310991));
#13612 = ORIENTED_EDGE('',*,*,#13583,.T.);
#13613 = ORIENTED_EDGE('',*,*,#13614,.F.);
#13614 = EDGE_CURVE('',#13615,#13574,#13617,.T.);
#13615 = VERTEX_POINT('',#13616);
#13616 = CARTESIAN_POINT('',(0.354012316077,0.351,0.185246310991));
#13617 = B_SPLINE_CURVE_WITH_KNOTS('',3,(#13618,#13619,#13620,#13621,
    #13622),.UNSPECIFIED.,.F.,.F.,(4,1,4),(-2.893063594071E-003,
    -1.366348618259E-003,0.E+000),.UNSPECIFIED.);
#13618 = CARTESIAN_POINT('',(0.354012316077,0.351,0.185246310991));
#13619 = CARTESIAN_POINT('',(0.352614643408,0.351,0.180330067235));
#13620 = CARTESIAN_POINT('',(0.349966109804,0.351,0.171013982665));
#13621 = CARTESIAN_POINT('',(0.345169352731,0.351,0.162605963976));
#13622 = CARTESIAN_POINT('',(0.342903919502,0.351,0.158634988454));
#13623 = ORIENTED_EDGE('',*,*,#13624,.F.);
#13624 = EDGE_CURVE('',#13604,#13615,#13625,.T.);
#13625 = LINE('',#13626,#13627);
#13626 = CARTESIAN_POINT('',(0.354012316077,0.35,0.185246310991));
#13627 = VECTOR('',#13628,1.);
#13628 = DIRECTION('',(0.E+000,1.,0.E+000));
#13629 = B_SPLINE_SURFACE_WITH_KNOTS('',3,1,(
    (#13630,#13631)
    ,(#13632,#13633)
    ,(#13634,#13635)
    ,(#13636,#13637)
    ,(#13638,#13639
    )),.UNSPECIFIED.,.F.,.F.,.F.,(4,1,4),(2,2),(-2.893063594071E-003,
    -1.366348618259E-003,0.E+000),(0.E+000,1.E-004),.UNSPECIFIED.);
#13630 = CARTESIAN_POINT('',(0.354012316077,0.35,0.185246310991));
#13631 = CARTESIAN_POINT('',(0.354012316077,0.351,0.185246310991));
#13632 = CARTESIAN_POINT('',(0.352614643408,0.35,0.180330067235));
#13633 = CARTESIAN_POINT('',(0.352614643408,0.351,0.180330067235));
#13634 = CARTESIAN_POINT('',(0.349966109804,0.35,0.171013982665));
#13635 = CARTESIAN_POINT('',(0.349966109804,0.351,0.171013982665));
#13636 = CARTESIAN_POINT('',(0.345169352731,0.35,0.162605963976));
#13637 = CARTESIAN_POINT('',(0.345169352731,0.351,0.162605963976));
#13638 = CARTESIAN_POINT('',(0.342903919502,0.35,0.158634988454));
#13639 = CARTESIAN_POINT('',(0.342903919502,0.351,0.158634988454));
#13640 = ADVANCED_FACE('',(#13641),#13670,.T.);
#13641 = FACE_BOUND('',#13642,.T.);
#13642 = EDGE_LOOP('',(#13643,#13653,#13654,#13664));
#13643 = ORIENTED_EDGE('',*,*,#13644,.F.);
#13644 = EDGE_CURVE('',#13604,#13645,#13647,.T.);
#13645 = VERTEX_POINT('',#13646);
#13646 = CARTESIAN_POINT('',(0.358040630802,0.35,0.227543676135));
#13647 = B_SPLINE_CURVE_WITH_KNOTS('',3,(#13648,#13649,#13650,#13651,
    #13652),.UNSPECIFIED.,.F.,.F.,(4,1,4),(0.E+000,1.866352164746E-003,
    4.256475249409E-003),.UNSPECIFIED.);
#13648 = CARTESIAN_POINT('',(0.354012316077,0.35,0.185246310991));
#13649 = CARTESIAN_POINT('',(0.35518271618,0.35,0.191368653113));
#13650 = CARTESIAN_POINT('',(0.357851976122,0.35,0.205331504391));
#13651 = CARTESIAN_POINT('',(0.357972790399,0.35,0.219556158043));
#13652 = CARTESIAN_POINT('',(0.358040630802,0.35,0.227543676135));
#13653 = ORIENTED_EDGE('',*,*,#13624,.T.);
#13654 = ORIENTED_EDGE('',*,*,#13655,.F.);
#13655 = EDGE_CURVE('',#13656,#13615,#13658,.T.);
#13656 = VERTEX_POINT('',#13657);
#13657 = CARTESIAN_POINT('',(0.358040630802,0.351,0.227543676135));
#13658 = B_SPLINE_CURVE_WITH_KNOTS('',3,(#13659,#13660,#13661,#13662,
    #13663),.UNSPECIFIED.,.F.,.F.,(4,1,4),(-4.256475249409E-003,
    -1.866352164746E-003,0.E+000),.UNSPECIFIED.);
#13659 = CARTESIAN_POINT('',(0.358040630802,0.351,0.227543676135));
#13660 = CARTESIAN_POINT('',(0.357972790399,0.351,0.219556158043));
#13661 = CARTESIAN_POINT('',(0.357851976122,0.351,0.205331504391));
#13662 = CARTESIAN_POINT('',(0.35518271618,0.351,0.191368653113));
#13663 = CARTESIAN_POINT('',(0.354012316077,0.351,0.185246310991));
#13664 = ORIENTED_EDGE('',*,*,#13665,.F.);
#13665 = EDGE_CURVE('',#13645,#13656,#13666,.T.);
#13666 = LINE('',#13667,#13668);
#13667 = CARTESIAN_POINT('',(0.358040630802,0.35,0.227543676135));
#13668 = VECTOR('',#13669,1.);
#13669 = DIRECTION('',(0.E+000,1.,0.E+000));
#13670 = B_SPLINE_SURFACE_WITH_KNOTS('',3,1,(
    (#13671,#13672)
    ,(#13673,#13674)
    ,(#13675,#13676)
    ,(#13677,#13678)
    ,(#13679,#13680
    )),.UNSPECIFIED.,.F.,.F.,.F.,(4,1,4),(2,2),(-4.256475249409E-003,
    -1.866352164746E-003,0.E+000),(0.E+000,1.E-004),.UNSPECIFIED.);
#13671 = CARTESIAN_POINT('',(0.358040630802,0.35,0.227543676135));
#13672 = CARTESIAN_POINT('',(0.358040630802,0.351,0.227543676135));
#13673 = CARTESIAN_POINT('',(0.357972790399,0.35,0.219556158043));
#13674 = CARTESIAN_POINT('',(0.357972790399,0.351,0.219556158043));
#13675 = CARTESIAN_POINT('',(0.357851976122,0.35,0.205331504391));
#13676 = CARTESIAN_POINT('',(0.357851976122,0.351,0.205331504391));
#13677 = CARTESIAN_POINT('',(0.35518271618,0.35,0.191368653113));
#13678 = CARTESIAN_POINT('',(0.35518271618,0.351,0.191368653113));
#13679 = CARTESIAN_POINT('',(0.354012316077,0.35,0.185246310991));
#13680 = CARTESIAN_POINT('',(0.354012316077,0.351,0.185246310991));
#13681 = ADVANCED_FACE('',(#13682),#13711,.T.);
#13682 = FACE_BOUND('',#13683,.T.);
#13683 = EDGE_LOOP('',(#13684,#13694,#13695,#13705));
#13684 = ORIENTED_EDGE('',*,*,#13685,.F.);
#13685 = EDGE_CURVE('',#13645,#13686,#13688,.T.);
#13686 = VERTEX_POINT('',#13687);
#13687 = CARTESIAN_POINT('',(0.351570909827,0.35,0.27838595384));
#13688 = B_SPLINE_CURVE_WITH_KNOTS('',3,(#13689,#13690,#13691,#13692,
    #13693),.UNSPECIFIED.,.F.,.F.,(4,1,4),(0.E+000,2.850356940299E-003,
    5.140807968078E-003),.UNSPECIFIED.);
#13689 = CARTESIAN_POINT('',(0.358040630802,0.35,0.227543676135));
#13690 = CARTESIAN_POINT('',(0.357910027289,0.35,0.237085097622));
#13691 = CARTESIAN_POINT('',(0.357674475185,0.35,0.2542936847));
#13692 = CARTESIAN_POINT('',(0.353452141198,0.35,0.270960272318));
#13693 = CARTESIAN_POINT('',(0.351570909827,0.35,0.27838595384));
#13694 = ORIENTED_EDGE('',*,*,#13665,.T.);
#13695 = ORIENTED_EDGE('',*,*,#13696,.F.);
#13696 = EDGE_CURVE('',#13697,#13656,#13699,.T.);
#13697 = VERTEX_POINT('',#13698);
#13698 = CARTESIAN_POINT('',(0.351570909827,0.351,0.27838595384));
#13699 = B_SPLINE_CURVE_WITH_KNOTS('',3,(#13700,#13701,#13702,#13703,
    #13704),.UNSPECIFIED.,.F.,.F.,(4,1,4),(-5.140807968078E-003,
    -2.850356940299E-003,0.E+000),.UNSPECIFIED.);
#13700 = CARTESIAN_POINT('',(0.351570909827,0.351,0.27838595384));
#13701 = CARTESIAN_POINT('',(0.353452141198,0.351,0.270960272318));
#13702 = CARTESIAN_POINT('',(0.357674475185,0.351,0.2542936847));
#13703 = CARTESIAN_POINT('',(0.357910027289,0.351,0.237085097622));
#13704 = CARTESIAN_POINT('',(0.358040630802,0.351,0.227543676135));
#13705 = ORIENTED_EDGE('',*,*,#13706,.F.);
#13706 = EDGE_CURVE('',#13686,#13697,#13707,.T.);
#13707 = LINE('',#13708,#13709);
#13708 = CARTESIAN_POINT('',(0.351570909827,0.35,0.27838595384));
#13709 = VECTOR('',#13710,1.);
#13710 = DIRECTION('',(0.E+000,1.,0.E+000));
#13711 = B_SPLINE_SURFACE_WITH_KNOTS('',3,1,(
    (#13712,#13713)
    ,(#13714,#13715)
    ,(#13716,#13717)
    ,(#13718,#13719)
    ,(#13720,#13721
    )),.UNSPECIFIED.,.F.,.F.,.F.,(4,1,4),(2,2),(-5.140807968078E-003,
    -2.850356940299E-003,0.E+000),(0.E+000,1.E-004),.UNSPECIFIED.);
#13712 = CARTESIAN_POINT('',(0.351570909827,0.35,0.27838595384));
#13713 = CARTESIAN_POINT('',(0.351570909827,0.351,0.27838595384));
#13714 = CARTESIAN_POINT('',(0.353452141198,0.35,0.270960272318));
#13715 = CARTESIAN_POINT('',(0.353452141198,0.351,0.270960272318));
#13716 = CARTESIAN_POINT('',(0.357674475185,0.35,0.2542936847));
#13717 = CARTESIAN_POINT('',(0.357674475185,0.351,0.2542936847));
#13718 = CARTESIAN_POINT('',(0.357910027289,0.35,0.237085097622));
#13719 = CARTESIAN_POINT('',(0.357910027289,0.351,0.237085097622));
#13720 = CARTESIAN_POINT('',(0.358040630802,0.35,0.227543676135));
#13721 = CARTESIAN_POINT('',(0.358040630802,0.351,0.227543676135));
#13722 = ADVANCED_FACE('',(#13723),#13752,.T.);
#13723 = FACE_BOUND('',#13724,.T.);
#13724 = EDGE_LOOP('',(#13725,#13735,#13736,#13746));
#13725 = ORIENTED_EDGE('',*,*,#13726,.F.);
#13726 = EDGE_CURVE('',#13686,#13727,#13729,.T.);
#13727 = VERTEX_POINT('',#13728);
#13728 = CARTESIAN_POINT('',(0.332222767159,0.35,0.308293199029));
#13729 = B_SPLINE_CURVE_WITH_KNOTS('',3,(#13730,#13731,#13732,#13733,
    #13734),.UNSPECIFIED.,.F.,.F.,(4,1,4),(0.E+000,1.895543181602E-003,
    3.598124644021E-003),.UNSPECIFIED.);
#13730 = CARTESIAN_POINT('',(0.351570909827,0.35,0.27838595384));
#13731 = CARTESIAN_POINT('',(0.349273834343,0.35,0.284361824615));
#13732 = CARTESIAN_POINT('',(0.344913520112,0.35,0.295705236947));
#13733 = CARTESIAN_POINT('',(0.336299024225,0.35,0.304249958287));
#13734 = CARTESIAN_POINT('',(0.332222767159,0.35,0.308293199029));
#13735 = ORIENTED_EDGE('',*,*,#13706,.T.);
#13736 = ORIENTED_EDGE('',*,*,#13737,.F.);
#13737 = EDGE_CURVE('',#13738,#13697,#13740,.T.);
#13738 = VERTEX_POINT('',#13739);
#13739 = CARTESIAN_POINT('',(0.332222767159,0.351,0.308293199029));
#13740 = B_SPLINE_CURVE_WITH_KNOTS('',3,(#13741,#13742,#13743,#13744,
    #13745),.UNSPECIFIED.,.F.,.F.,(4,1,4),(-3.598124644021E-003,
    -1.895543181602E-003,0.E+000),.UNSPECIFIED.);
#13741 = CARTESIAN_POINT('',(0.332222767159,0.351,0.308293199029));
#13742 = CARTESIAN_POINT('',(0.336299024225,0.351,0.304249958287));
#13743 = CARTESIAN_POINT('',(0.344913520112,0.351,0.295705236947));
#13744 = CARTESIAN_POINT('',(0.349273834343,0.351,0.284361824615));
#13745 = CARTESIAN_POINT('',(0.351570909827,0.351,0.27838595384));
#13746 = ORIENTED_EDGE('',*,*,#13747,.F.);
#13747 = EDGE_CURVE('',#13727,#13738,#13748,.T.);
#13748 = LINE('',#13749,#13750);
#13749 = CARTESIAN_POINT('',(0.332222767159,0.35,0.308293199029));
#13750 = VECTOR('',#13751,1.);
#13751 = DIRECTION('',(0.E+000,1.,0.E+000));
#13752 = B_SPLINE_SURFACE_WITH_KNOTS('',3,1,(
    (#13753,#13754)
    ,(#13755,#13756)
    ,(#13757,#13758)
    ,(#13759,#13760)
    ,(#13761,#13762
    )),.UNSPECIFIED.,.F.,.F.,.F.,(4,1,4),(2,2),(-3.598124644021E-003,
    -1.895543181602E-003,0.E+000),(0.E+000,1.E-004),.UNSPECIFIED.);
#13753 = CARTESIAN_POINT('',(0.332222767159,0.35,0.308293199029));
#13754 = CARTESIAN_POINT('',(0.332222767159,0.351,0.308293199029));
#13755 = CARTESIAN_POINT('',(0.336299024225,0.35,0.304249958287));
#13756 = CARTESIAN_POINT('',(0.336299024225,0.351,0.304249958287));
#13757 = CARTESIAN_POINT('',(0.344913520112,0.35,0.295705236947));
#13758 = CARTESIAN_POINT('',(0.344913520112,0.351,0.295705236947));
#13759 = CARTESIAN_POINT('',(0.349273834343,0.35,0.284361824615));
#13760 = CARTESIAN_POINT('',(0.349273834343,0.351,0.284361824615));
#13761 = CARTESIAN_POINT('',(0.351570909827,0.35,0.27838595384));
#13762 = CARTESIAN_POINT('',(0.351570909827,0.351,0.27838595384));
#13763 = ADVANCED_FACE('',(#13764),#13793,.T.);
#13764 = FACE_BOUND('',#13765,.T.);
#13765 = EDGE_LOOP('',(#13766,#13776,#13777,#13787));
#13766 = ORIENTED_EDGE('',*,*,#13767,.F.);
#13767 = EDGE_CURVE('',#13727,#13768,#13770,.T.);
#13768 = VERTEX_POINT('',#13769);
#13769 = CARTESIAN_POINT('',(0.299691022358,0.35,0.31885227361));
#13770 = B_SPLINE_CURVE_WITH_KNOTS('',3,(#13771,#13772,#13773,#13774,
    #13775),.UNSPECIFIED.,.F.,.F.,(4,1,4),(0.E+000,1.658502918944E-003,
    3.473758470418E-003),.UNSPECIFIED.);
#13771 = CARTESIAN_POINT('',(0.332222767159,0.35,0.308293199029));
#13772 = CARTESIAN_POINT('',(0.327511524587,0.35,0.311371219258));
#13773 = CARTESIAN_POINT('',(0.317643758541,0.35,0.317818177368));
#13774 = CARTESIAN_POINT('',(0.305852625236,0.35,0.318497358888));
#13775 = CARTESIAN_POINT('',(0.299691022358,0.35,0.31885227361));
#13776 = ORIENTED_EDGE('',*,*,#13747,.T.);
#13777 = ORIENTED_EDGE('',*,*,#13778,.F.);
#13778 = EDGE_CURVE('',#13779,#13738,#13781,.T.);
#13779 = VERTEX_POINT('',#13780);
#13780 = CARTESIAN_POINT('',(0.299691022358,0.351,0.31885227361));
#13781 = B_SPLINE_CURVE_WITH_KNOTS('',3,(#13782,#13783,#13784,#13785,
    #13786),.UNSPECIFIED.,.F.,.F.,(4,1,4),(-3.473758470418E-003,
    -1.658502918944E-003,0.E+000),.UNSPECIFIED.);
#13782 = CARTESIAN_POINT('',(0.299691022358,0.351,0.31885227361));
#13783 = CARTESIAN_POINT('',(0.305852625236,0.351,0.318497358888));
#13784 = CARTESIAN_POINT('',(0.317643758541,0.351,0.317818177368));
#13785 = CARTESIAN_POINT('',(0.327511524587,0.351,0.311371219258));
#13786 = CARTESIAN_POINT('',(0.332222767159,0.351,0.308293199029));
#13787 = ORIENTED_EDGE('',*,*,#13788,.F.);
#13788 = EDGE_CURVE('',#13768,#13779,#13789,.T.);
#13789 = LINE('',#13790,#13791);
#13790 = CARTESIAN_POINT('',(0.299691022358,0.35,0.31885227361));
#13791 = VECTOR('',#13792,1.);
#13792 = DIRECTION('',(0.E+000,1.,0.E+000));
#13793 = B_SPLINE_SURFACE_WITH_KNOTS('',3,1,(
    (#13794,#13795)
    ,(#13796,#13797)
    ,(#13798,#13799)
    ,(#13800,#13801)
    ,(#13802,#13803
    )),.UNSPECIFIED.,.F.,.F.,.F.,(4,1,4),(2,2),(-3.473758470418E-003,
    -1.658502918944E-003,0.E+000),(0.E+000,1.E-004),.UNSPECIFIED.);
#13794 = CARTESIAN_POINT('',(0.299691022358,0.35,0.31885227361));
#13795 = CARTESIAN_POINT('',(0.299691022358,0.351,0.31885227361));
#13796 = CARTESIAN_POINT('',(0.305852625236,0.35,0.318497358888));
#13797 = CARTESIAN_POINT('',(0.305852625236,0.351,0.318497358888));
#13798 = CARTESIAN_POINT('',(0.317643758541,0.35,0.317818177368));
#13799 = CARTESIAN_POINT('',(0.317643758541,0.351,0.317818177368));
#13800 = CARTESIAN_POINT('',(0.327511524587,0.35,0.311371219258));
#13801 = CARTESIAN_POINT('',(0.327511524587,0.351,0.311371219258));
#13802 = CARTESIAN_POINT('',(0.332222767159,0.35,0.308293199029));
#13803 = CARTESIAN_POINT('',(0.332222767159,0.351,0.308293199029));
#13804 = ADVANCED_FACE('',(#13805),#13834,.T.);
#13805 = FACE_BOUND('',#13806,.T.);
#13806 = EDGE_LOOP('',(#13807,#13817,#13818,#13828));
#13807 = ORIENTED_EDGE('',*,*,#13808,.F.);
#13808 = EDGE_CURVE('',#13768,#13809,#13811,.T.);
#13809 = VERTEX_POINT('',#13810);
#13810 = CARTESIAN_POINT('',(0.259041609227,0.35,0.300297589835));
#13811 = B_SPLINE_CURVE_WITH_KNOTS('',3,(#13812,#13813,#13814,#13815,
    #13816),.UNSPECIFIED.,.F.,.F.,(4,1,4),(0.E+000,2.356291022678E-003,
    4.595875380863E-003),.UNSPECIFIED.);
#13812 = CARTESIAN_POINT('',(0.299691022358,0.35,0.31885227361));
#13813 = CARTESIAN_POINT('',(0.29159395388,0.35,0.318160757512));
#13814 = CARTESIAN_POINT('',(0.275800863249,0.35,0.316811975983));
#13815 = CARTESIAN_POINT('',(0.264532646348,0.35,0.305708397932));
#13816 = CARTESIAN_POINT('',(0.259041609227,0.35,0.300297589835));
#13817 = ORIENTED_EDGE('',*,*,#13788,.T.);
#13818 = ORIENTED_EDGE('',*,*,#13819,.F.);
#13819 = EDGE_CURVE('',#13820,#13779,#13822,.T.);
#13820 = VERTEX_POINT('',#13821);
#13821 = CARTESIAN_POINT('',(0.259041609227,0.351,0.300297589835));
#13822 = B_SPLINE_CURVE_WITH_KNOTS('',3,(#13823,#13824,#13825,#13826,
    #13827),.UNSPECIFIED.,.F.,.F.,(4,1,4),(-4.595875380863E-003,
    -2.356291022678E-003,0.E+000),.UNSPECIFIED.);
#13823 = CARTESIAN_POINT('',(0.259041609227,0.351,0.300297589835));
#13824 = CARTESIAN_POINT('',(0.264532646348,0.351,0.305708397932));
#13825 = CARTESIAN_POINT('',(0.275800863249,0.351,0.316811975983));
#13826 = CARTESIAN_POINT('',(0.29159395388,0.351,0.318160757512));
#13827 = CARTESIAN_POINT('',(0.299691022358,0.351,0.31885227361));
#13828 = ORIENTED_EDGE('',*,*,#13829,.F.);
#13829 = EDGE_CURVE('',#13809,#13820,#13830,.T.);
#13830 = LINE('',#13831,#13832);
#13831 = CARTESIAN_POINT('',(0.259041609227,0.35,0.300297589835));
#13832 = VECTOR('',#13833,1.);
#13833 = DIRECTION('',(0.E+000,1.,0.E+000));
#13834 = B_SPLINE_SURFACE_WITH_KNOTS('',3,1,(
    (#13835,#13836)
    ,(#13837,#13838)
    ,(#13839,#13840)
    ,(#13841,#13842)
    ,(#13843,#13844
    )),.UNSPECIFIED.,.F.,.F.,.F.,(4,1,4),(2,2),(-4.595875380863E-003,
    -2.356291022678E-003,0.E+000),(0.E+000,1.E-004),.UNSPECIFIED.);
#13835 = CARTESIAN_POINT('',(0.259041609227,0.35,0.300297589835));
#13836 = CARTESIAN_POINT('',(0.259041609227,0.351,0.300297589835));
#13837 = CARTESIAN_POINT('',(0.264532646348,0.35,0.305708397932));
#13838 = CARTESIAN_POINT('',(0.264532646348,0.351,0.305708397932));
#13839 = CARTESIAN_POINT('',(0.275800863249,0.35,0.316811975983));
#13840 = CARTESIAN_POINT('',(0.275800863249,0.351,0.316811975983));
#13841 = CARTESIAN_POINT('',(0.29159395388,0.35,0.318160757512));
#13842 = CARTESIAN_POINT('',(0.29159395388,0.351,0.318160757512));
#13843 = CARTESIAN_POINT('',(0.299691022358,0.35,0.31885227361));
#13844 = CARTESIAN_POINT('',(0.299691022358,0.351,0.31885227361));
#13845 = ADVANCED_FACE('',(#13846),#13866,.T.);
#13846 = FACE_BOUND('',#13847,.T.);
#13847 = EDGE_LOOP('',(#13848,#13856,#13857,#13865));
#13848 = ORIENTED_EDGE('',*,*,#13849,.F.);
#13849 = EDGE_CURVE('',#13809,#13390,#13850,.T.);
#13850 = B_SPLINE_CURVE_WITH_KNOTS('',3,(#13851,#13852,#13853,#13854,
    #13855),.UNSPECIFIED.,.F.,.F.,(4,1,4),(0.E+000,3.221981721949E-003,
    7.584084262497E-003),.UNSPECIFIED.);
#13851 = CARTESIAN_POINT('',(0.259041609227,0.35,0.300297589835));
#13852 = CARTESIAN_POINT('',(0.253908030337,0.35,0.290702489141));
#13853 = CARTESIAN_POINT('',(0.24182431968,0.35,0.268116994109));
#13854 = CARTESIAN_POINT('',(0.241517745032,0.35,0.242358861627));
#13855 = CARTESIAN_POINT('',(0.241341413914,0.35,0.227543676135));
#13856 = ORIENTED_EDGE('',*,*,#13829,.T.);
#13857 = ORIENTED_EDGE('',*,*,#13858,.F.);
#13858 = EDGE_CURVE('',#13402,#13820,#13859,.T.);
#13859 = B_SPLINE_CURVE_WITH_KNOTS('',3,(#13860,#13861,#13862,#13863,
    #13864),.UNSPECIFIED.,.F.,.F.,(4,1,4),(-7.584084262497E-003,
    -3.221981721949E-003,0.E+000),.UNSPECIFIED.);
#13860 = CARTESIAN_POINT('',(0.241341413914,0.351,0.227543676135));
#13861 = CARTESIAN_POINT('',(0.241517745032,0.351,0.242358861627));
#13862 = CARTESIAN_POINT('',(0.24182431968,0.351,0.268116994109));
#13863 = CARTESIAN_POINT('',(0.253908030337,0.351,0.290702489141));
#13864 = CARTESIAN_POINT('',(0.259041609227,0.351,0.300297589835));
#13865 = ORIENTED_EDGE('',*,*,#13401,.F.);
#13866 = B_SPLINE_SURFACE_WITH_KNOTS('',3,1,(
    (#13867,#13868)
    ,(#13869,#13870)
    ,(#13871,#13872)
    ,(#13873,#13874)
    ,(#13875,#13876
    )),.UNSPECIFIED.,.F.,.F.,.F.,(4,1,4),(2,2),(-7.584084262497E-003,
    -3.221981721949E-003,0.E+000),(0.E+000,1.E-004),.UNSPECIFIED.);
#13867 = CARTESIAN_POINT('',(0.241341413914,0.35,0.227543676135));
#13868 = CARTESIAN_POINT('',(0.241341413914,0.351,0.227543676135));
#13869 = CARTESIAN_POINT('',(0.241517745032,0.35,0.242358861627));
#13870 = CARTESIAN_POINT('',(0.241517745032,0.351,0.242358861627));
#13871 = CARTESIAN_POINT('',(0.24182431968,0.35,0.268116994109));
#13872 = CARTESIAN_POINT('',(0.24182431968,0.351,0.268116994109));
#13873 = CARTESIAN_POINT('',(0.253908030337,0.35,0.290702489141));
#13874 = CARTESIAN_POINT('',(0.253908030337,0.351,0.290702489141));
#13875 = CARTESIAN_POINT('',(0.259041609227,0.35,0.300297589835));
#13876 = CARTESIAN_POINT('',(0.259041609227,0.351,0.300297589835));
#13877 = ADVANCED_FACE('',(#13878,#13892),#13902,.T.);
#13878 = FACE_BOUND('',#13879,.T.);
#13879 = EDGE_LOOP('',(#13880,#13881,#13882,#13883,#13884,#13885,#13886,
    #13887,#13888,#13889,#13890,#13891));
#13880 = ORIENTED_EDGE('',*,*,#13858,.T.);
#13881 = ORIENTED_EDGE('',*,*,#13819,.T.);
#13882 = ORIENTED_EDGE('',*,*,#13778,.T.);
#13883 = ORIENTED_EDGE('',*,*,#13737,.T.);
#13884 = ORIENTED_EDGE('',*,*,#13696,.T.);
#13885 = ORIENTED_EDGE('',*,*,#13655,.T.);
#13886 = ORIENTED_EDGE('',*,*,#13614,.T.);
#13887 = ORIENTED_EDGE('',*,*,#13573,.T.);
#13888 = ORIENTED_EDGE('',*,*,#13532,.T.);
#13889 = ORIENTED_EDGE('',*,*,#13491,.T.);
#13890 = ORIENTED_EDGE('',*,*,#13450,.T.);
#13891 = ORIENTED_EDGE('',*,*,#13409,.T.);
#13892 = FACE_BOUND('',#13893,.T.);
#13893 = EDGE_LOOP('',(#13894,#13895,#13896,#13897,#13898,#13899,#13900,
    #13901));
#13894 = ORIENTED_EDGE('',*,*,#13366,.T.);
#13895 = ORIENTED_EDGE('',*,*,#13327,.T.);
#13896 = ORIENTED_EDGE('',*,*,#13286,.T.);
#13897 = ORIENTED_EDGE('',*,*,#13245,.T.);
#13898 = ORIENTED_EDGE('',*,*,#13204,.T.);
#13899 = ORIENTED_EDGE('',*,*,#13163,.T.);
#13900 = ORIENTED_EDGE('',*,*,#13122,.T.);
#13901 = ORIENTED_EDGE('',*,*,#13081,.T.);
#13902 = PLANE('',#13903);
#13903 = AXIS2_PLACEMENT_3D('',#13904,#13905,#13906);
#13904 = CARTESIAN_POINT('',(0.507637811809,0.351,0.227482646566));
#13905 = DIRECTION('',(0.E+000,1.,0.E+000));
#13906 = DIRECTION('',(-1.,0.E+000,0.E+000));
#13907 = ADVANCED_FACE('',(#13908,#13922),#13932,.F.);
#13908 = FACE_BOUND('',#13909,.T.);
#13909 = EDGE_LOOP('',(#13910,#13911,#13912,#13913,#13914,#13915,#13916,
    #13917,#13918,#13919,#13920,#13921));
#13910 = ORIENTED_EDGE('',*,*,#13849,.T.);
#13911 = ORIENTED_EDGE('',*,*,#13389,.T.);
#13912 = ORIENTED_EDGE('',*,*,#13439,.T.);
#13913 = ORIENTED_EDGE('',*,*,#13480,.T.);
#13914 = ORIENTED_EDGE('',*,*,#13521,.T.);
#13915 = ORIENTED_EDGE('',*,*,#13562,.T.);
#13916 = ORIENTED_EDGE('',*,*,#13603,.T.);
#13917 = ORIENTED_EDGE('',*,*,#13644,.T.);
#13918 = ORIENTED_EDGE('',*,*,#13685,.T.);
#13919 = ORIENTED_EDGE('',*,*,#13726,.T.);
#13920 = ORIENTED_EDGE('',*,*,#13767,.T.);
#13921 = ORIENTED_EDGE('',*,*,#13808,.T.);
#13922 = FACE_BOUND('',#13923,.T.);
#13923 = EDGE_LOOP('',(#13924,#13925,#13926,#13927,#13928,#13929,#13930,
    #13931));
#13924 = ORIENTED_EDGE('',*,*,#13357,.T.);
#13925 = ORIENTED_EDGE('',*,*,#13061,.T.);
#13926 = ORIENTED_EDGE('',*,*,#13111,.T.);
#13927 = ORIENTED_EDGE('',*,*,#13152,.T.);
#13928 = ORIENTED_EDGE('',*,*,#13193,.T.);
#13929 = ORIENTED_EDGE('',*,*,#13234,.T.);
#13930 = ORIENTED_EDGE('',*,*,#13275,.T.);
#13931 = ORIENTED_EDGE('',*,*,#13316,.T.);
#13932 = PLANE('',#13933);
#13933 = AXIS2_PLACEMENT_3D('',#13934,#13935,#13936);
#13934 = CARTESIAN_POINT('',(0.507637811809,0.35,0.227482646566));
#13935 = DIRECTION('',(0.E+000,1.,0.E+000));
#13936 = DIRECTION('',(-1.,0.E+000,0.E+000));
#13937 = ( GEOMETRIC_REPRESENTATION_CONTEXT(3) 
GLOBAL_UNCERTAINTY_ASSIGNED_CONTEXT((#13941)) 
GLOBAL_UNIT_ASSIGNED_CONTEXT((#13938,#13939,#13940)) 
REPRESENTATION_CONTEXT('Context #1',
  '3D Context with UNIT and UNCERTAINTY') );
#13938 = ( LENGTH_UNIT() NAMED_UNIT(*) SI_UNIT(.MILLI.,.METRE.) );
#13939 = ( NAMED_UNIT(*) PLANE_ANGLE_UNIT() SI_UNIT($,.RADIAN.) );
#13940 = ( NAMED_UNIT(*) SI_UNIT($,.STERADIAN.) SOLID_ANGLE_UNIT() );
#13941 = UNCERTAINTY_MEASURE_WITH_UNIT(LENGTH_MEASURE(2.E-005),#13938,
  'distance_accuracy_value','confusion accuracy');
#13942 = SHAPE_DEFINITION_REPRESENTATION(#13943,#8146);
#13943 = PRODUCT_DEFINITION_SHAPE('','',#13944);
#13944 = PRODUCT_DEFINITION('design','',#13945,#13948);
#13945 = PRODUCT_DEFINITION_FORMATION('','',#13946);
#13946 = PRODUCT('Resistor_0402','Resistor_0402','',(#13947));
#13947 = PRODUCT_CONTEXT('',#2,'mechanical');
#13948 = PRODUCT_DEFINITION_CONTEXT('part definition',#2,'design');
#13949 = CONTEXT_DEPENDENT_SHAPE_REPRESENTATION(#13950,#13952);
#13950 = ( REPRESENTATION_RELATIONSHIP('','',#8146,#8136) 
REPRESENTATION_RELATIONSHIP_WITH_TRANSFORMATION(#13951) 
SHAPE_REPRESENTATION_RELATIONSHIP() );
#13951 = ITEM_DEFINED_TRANSFORMATION('','',#11,#8137);
#13952 = PRODUCT_DEFINITION_SHAPE('Placement','Placement of an item',
  #13953);
#13953 = NEXT_ASSEMBLY_USAGE_OCCURRENCE('21','','',#8131,#13944,$);
#13954 = PRODUCT_RELATED_PRODUCT_CATEGORY('part',$,(#13946));
#13955 = CONTEXT_DEPENDENT_SHAPE_REPRESENTATION(#13956,#13958);
#13956 = ( REPRESENTATION_RELATIONSHIP('','',#8136,#10) 
REPRESENTATION_RELATIONSHIP_WITH_TRANSFORMATION(#13957) 
SHAPE_REPRESENTATION_RELATIONSHIP() );
#13957 = ITEM_DEFINED_TRANSFORMATION('','',#11,#51);
#13958 = PRODUCT_DEFINITION_SHAPE('Placement','Placement of an item',
  #13959);
#13959 = NEXT_ASSEMBLY_USAGE_OCCURRENCE('22','','',#5,#8131,$);
#13960 = PRODUCT_RELATED_PRODUCT_CATEGORY('part',$,(#8133));
#13961 = SHAPE_DEFINITION_REPRESENTATION(#13962,#13968);
#13962 = PRODUCT_DEFINITION_SHAPE('','',#13963);
#13963 = PRODUCT_DEFINITION('design','',#13964,#13967);
#13964 = PRODUCT_DEFINITION_FORMATION('','',#13965);
#13965 = PRODUCT('C4','C4','',(#13966));
#13966 = PRODUCT_CONTEXT('',#2,'mechanical');
#13967 = PRODUCT_DEFINITION_CONTEXT('part definition',#2,'design');
#13968 = SHAPE_REPRESENTATION('',(#11,#13969),#13973);
#13969 = AXIS2_PLACEMENT_3D('',#13970,#13971,#13972);
#13970 = CARTESIAN_POINT('',(27.46537399292,4.790572166443,0.E+000));
#13971 = DIRECTION('',(0.E+000,-1.,-4.371140912996E-008));
#13972 = DIRECTION('',(1.,0.E+000,0.E+000));
#13973 = ( GEOMETRIC_REPRESENTATION_CONTEXT(3) 
GLOBAL_UNCERTAINTY_ASSIGNED_CONTEXT((#13977)) 
GLOBAL_UNIT_ASSIGNED_CONTEXT((#13974,#13975,#13976)) 
REPRESENTATION_CONTEXT('Context #1',
  '3D Context with UNIT and UNCERTAINTY') );
#13974 = ( LENGTH_UNIT() NAMED_UNIT(*) SI_UNIT(.MILLI.,.METRE.) );
#13975 = ( NAMED_UNIT(*) PLANE_ANGLE_UNIT() SI_UNIT($,.RADIAN.) );
#13976 = ( NAMED_UNIT(*) SI_UNIT($,.STERADIAN.) SOLID_ANGLE_UNIT() );
#13977 = UNCERTAINTY_MEASURE_WITH_UNIT(LENGTH_MEASURE(2.E-005),#13974,
  'distance_accuracy_value','confusion accuracy');
#13978 = CONTEXT_DEPENDENT_SHAPE_REPRESENTATION(#13979,#13981);
#13979 = ( REPRESENTATION_RELATIONSHIP('','',#8146,#13968) 
REPRESENTATION_RELATIONSHIP_WITH_TRANSFORMATION(#13980) 
SHAPE_REPRESENTATION_RELATIONSHIP() );
#13980 = ITEM_DEFINED_TRANSFORMATION('','',#11,#13969);
#13981 = PRODUCT_DEFINITION_SHAPE('Placement','Placement of an item',
  #13982);
#13982 = NEXT_ASSEMBLY_USAGE_OCCURRENCE('23','','',#13963,#13944,$);
#13983 = CONTEXT_DEPENDENT_SHAPE_REPRESENTATION(#13984,#13986);
#13984 = ( REPRESENTATION_RELATIONSHIP('','',#13968,#10) 
REPRESENTATION_RELATIONSHIP_WITH_TRANSFORMATION(#13985) 
SHAPE_REPRESENTATION_RELATIONSHIP() );
#13985 = ITEM_DEFINED_TRANSFORMATION('','',#11,#55);
#13986 = PRODUCT_DEFINITION_SHAPE('Placement','Placement of an item',
  #13987);
#13987 = NEXT_ASSEMBLY_USAGE_OCCURRENCE('24','','',#5,#13963,$);
#13988 = PRODUCT_RELATED_PRODUCT_CATEGORY('part',$,(#13965));
#13989 = SHAPE_DEFINITION_REPRESENTATION(#13990,#13996);
#13990 = PRODUCT_DEFINITION_SHAPE('','',#13991);
#13991 = PRODUCT_DEFINITION('design','',#13992,#13995);
#13992 = PRODUCT_DEFINITION_FORMATION('','',#13993);
#13993 = PRODUCT('C3','C3','',(#13994));
#13994 = PRODUCT_CONTEXT('',#2,'mechanical');
#13995 = PRODUCT_DEFINITION_CONTEXT('part definition',#2,'design');
#13996 = SHAPE_REPRESENTATION('',(#11,#13997,#14001,#14005),#14009);
#13997 = AXIS2_PLACEMENT_3D('',#13998,#13999,#14000);
#13998 = CARTESIAN_POINT('',(27.60000038147,9.299999237061,0.E+000));
#13999 = DIRECTION('',(0.E+000,0.E+000,1.));
#14000 = DIRECTION('',(-4.371138828674E-008,1.,0.E+000));
#14001 = AXIS2_PLACEMENT_3D('',#14002,#14003,#14004);
#14002 = CARTESIAN_POINT('',(27.60000038147,9.299999237061,0.E+000));
#14003 = DIRECTION('',(0.E+000,0.E+000,1.));
#14004 = DIRECTION('',(-4.371138828674E-008,1.,0.E+000));
#14005 = AXIS2_PLACEMENT_3D('',#14006,#14007,#14008);
#14006 = CARTESIAN_POINT('',(27.60000038147,9.299999237061,0.E+000));
#14007 = DIRECTION('',(0.E+000,0.E+000,1.));
#14008 = DIRECTION('',(-4.371138828674E-008,1.,0.E+000));
#14009 = ( GEOMETRIC_REPRESENTATION_CONTEXT(3) 
GLOBAL_UNCERTAINTY_ASSIGNED_CONTEXT((#14013)) 
GLOBAL_UNIT_ASSIGNED_CONTEXT((#14010,#14011,#14012)) 
REPRESENTATION_CONTEXT('Context #1',
  '3D Context with UNIT and UNCERTAINTY') );
#14010 = ( LENGTH_UNIT() NAMED_UNIT(*) SI_UNIT(.MILLI.,.METRE.) );
#14011 = ( NAMED_UNIT(*) PLANE_ANGLE_UNIT() SI_UNIT($,.RADIAN.) );
#14012 = ( NAMED_UNIT(*) SI_UNIT($,.STERADIAN.) SOLID_ANGLE_UNIT() );
#14013 = UNCERTAINTY_MEASURE_WITH_UNIT(LENGTH_MEASURE(1.E-007),#14010,
  'distance_accuracy_value','confusion accuracy');
#14014 = ADVANCED_BREP_SHAPE_REPRESENTATION('',(#11,#14015),#14305);
#14015 = MANIFOLD_SOLID_BREP('',#14016);
#14016 = CLOSED_SHELL('',(#14017,#14059,#14101,#14143,#14185,#14207,
    #14229,#14251,#14273,#14289));
#14017 = ADVANCED_FACE('',(#14018),#14054,.T.);
#14018 = FACE_BOUND('',#14019,.T.);
#14019 = EDGE_LOOP('',(#14020,#14031,#14039,#14048));
#14020 = ORIENTED_EDGE('',*,*,#14021,.F.);
#14021 = EDGE_CURVE('',#14022,#14024,#14026,.T.);
#14022 = VERTEX_POINT('',#14023);
#14023 = CARTESIAN_POINT('',(1.45,-0.735,1.485));
#14024 = VERTEX_POINT('',#14025);
#14025 = CARTESIAN_POINT('',(1.45,-0.785,1.435));
#14026 = CIRCLE('',#14027,5.E-002);
#14027 = AXIS2_PLACEMENT_3D('',#14028,#14029,#14030);
#14028 = CARTESIAN_POINT('',(1.45,-0.735,1.435));
#14029 = DIRECTION('',(1.,0.E+000,0.E+000));
#14030 = DIRECTION('',(0.E+000,0.E+000,-1.));
#14031 = ORIENTED_EDGE('',*,*,#14032,.T.);
#14032 = EDGE_CURVE('',#14022,#14033,#14035,.T.);
#14033 = VERTEX_POINT('',#14034);
#14034 = CARTESIAN_POINT('',(-1.45,-0.735,1.485));
#14035 = LINE('',#14036,#14037);
#14036 = CARTESIAN_POINT('',(1.45,-0.735,1.485));
#14037 = VECTOR('',#14038,1.);
#14038 = DIRECTION('',(-1.,0.E+000,-1.495451272394E-016));
#14039 = ORIENTED_EDGE('',*,*,#14040,.T.);
#14040 = EDGE_CURVE('',#14033,#14041,#14043,.T.);
#14041 = VERTEX_POINT('',#14042);
#14042 = CARTESIAN_POINT('',(-1.45,-0.785,1.435));
#14043 = CIRCLE('',#14044,5.E-002);
#14044 = AXIS2_PLACEMENT_3D('',#14045,#14046,#14047);
#14045 = CARTESIAN_POINT('',(-1.45,-0.735,1.435));
#14046 = DIRECTION('',(1.,0.E+000,1.475104996579E-016));
#14047 = DIRECTION('',(1.475104996579E-016,0.E+000,-1.));
#14048 = ORIENTED_EDGE('',*,*,#14049,.F.);
#14049 = EDGE_CURVE('',#14024,#14041,#14050,.T.);
#14050 = LINE('',#14051,#14052);
#14051 = CARTESIAN_POINT('',(-1.45,-0.785,1.435));
#14052 = VECTOR('',#14053,1.);
#14053 = DIRECTION('',(-1.,0.E+000,-1.495451272394E-016));
#14054 = CYLINDRICAL_SURFACE('',#14055,5.E-002);
#14055 = AXIS2_PLACEMENT_3D('',#14056,#14057,#14058);
#14056 = CARTESIAN_POINT('',(-9.698001501474E-016,-0.735,1.435));
#14057 = DIRECTION('',(-1.,-0.E+000,-1.495451272394E-016));
#14058 = DIRECTION('',(1.495451272394E-016,0.E+000,-1.));
#14059 = ADVANCED_FACE('',(#14060),#14096,.T.);
#14060 = FACE_BOUND('',#14061,.T.);
#14061 = EDGE_LOOP('',(#14062,#14073,#14081,#14090));
#14062 = ORIENTED_EDGE('',*,*,#14063,.F.);
#14063 = EDGE_CURVE('',#14064,#14066,#14068,.T.);
#14064 = VERTEX_POINT('',#14065);
#14065 = CARTESIAN_POINT('',(1.45,-0.785,6.5E-002));
#14066 = VERTEX_POINT('',#14067);
#14067 = CARTESIAN_POINT('',(1.45,-0.735,1.5E-002));
#14068 = CIRCLE('',#14069,5.E-002);
#14069 = AXIS2_PLACEMENT_3D('',#14070,#14071,#14072);
#14070 = CARTESIAN_POINT('',(1.45,-0.735,6.5E-002));
#14071 = DIRECTION('',(1.,0.E+000,0.E+000));
#14072 = DIRECTION('',(0.E+000,0.E+000,-1.));
#14073 = ORIENTED_EDGE('',*,*,#14074,.T.);
#14074 = EDGE_CURVE('',#14064,#14075,#14077,.T.);
#14075 = VERTEX_POINT('',#14076);
#14076 = CARTESIAN_POINT('',(-1.45,-0.785,6.5E-002));
#14077 = LINE('',#14078,#14079);
#14078 = CARTESIAN_POINT('',(-8.253459830013E-016,-0.785,6.5E-002));
#14079 = VECTOR('',#14080,1.);
#14080 = DIRECTION('',(-1.,0.E+000,-6.133686859428E-017));
#14081 = ORIENTED_EDGE('',*,*,#14082,.T.);
#14082 = EDGE_CURVE('',#14075,#14083,#14085,.T.);
#14083 = VERTEX_POINT('',#14084);
#14084 = CARTESIAN_POINT('',(-1.45,-0.735,1.5E-002));
#14085 = CIRCLE('',#14086,5.E-002);
#14086 = AXIS2_PLACEMENT_3D('',#14087,#14088,#14089);
#14087 = CARTESIAN_POINT('',(-1.45,-0.735,6.5E-002));
#14088 = DIRECTION('',(1.,0.E+000,1.475104996579E-016));
#14089 = DIRECTION('',(1.475104996579E-016,0.E+000,-1.));
#14090 = ORIENTED_EDGE('',*,*,#14091,.F.);
#14091 = EDGE_CURVE('',#14066,#14083,#14092,.T.);
#14092 = LINE('',#14093,#14094);
#14093 = CARTESIAN_POINT('',(0.E+000,-0.735,1.5E-002));
#14094 = VECTOR('',#14095,1.);
#14095 = DIRECTION('',(-1.,0.E+000,-6.133686859428E-017));
#14096 = CYLINDRICAL_SURFACE('',#14097,5.E-002);
#14097 = AXIS2_PLACEMENT_3D('',#14098,#14099,#14100);
#14098 = CARTESIAN_POINT('',(-3.066843429714E-018,-0.735,6.5E-002));
#14099 = DIRECTION('',(1.,-0.E+000,6.133686859428E-017));
#14100 = DIRECTION('',(-6.133686859428E-017,0.E+000,1.));
#14101 = ADVANCED_FACE('',(#14102),#14138,.T.);
#14102 = FACE_BOUND('',#14103,.T.);
#14103 = EDGE_LOOP('',(#14104,#14115,#14123,#14132));
#14104 = ORIENTED_EDGE('',*,*,#14105,.F.);
#14105 = EDGE_CURVE('',#14106,#14108,#14110,.T.);
#14106 = VERTEX_POINT('',#14107);
#14107 = CARTESIAN_POINT('',(1.45,0.785,1.435));
#14108 = VERTEX_POINT('',#14109);
#14109 = CARTESIAN_POINT('',(1.45,0.735,1.485));
#14110 = CIRCLE('',#14111,5.E-002);
#14111 = AXIS2_PLACEMENT_3D('',#14112,#14113,#14114);
#14112 = CARTESIAN_POINT('',(1.45,0.735,1.435));
#14113 = DIRECTION('',(1.,0.E+000,0.E+000));
#14114 = DIRECTION('',(0.E+000,0.E+000,-1.));
#14115 = ORIENTED_EDGE('',*,*,#14116,.T.);
#14116 = EDGE_CURVE('',#14106,#14117,#14119,.T.);
#14117 = VERTEX_POINT('',#14118);
#14118 = CARTESIAN_POINT('',(-1.45,0.785,1.435));
#14119 = LINE('',#14120,#14121);
#14120 = CARTESIAN_POINT('',(1.45,0.785,1.435));
#14121 = VECTOR('',#14122,1.);
#14122 = DIRECTION('',(-1.,0.E+000,-1.495451272394E-016));
#14123 = ORIENTED_EDGE('',*,*,#14124,.T.);
#14124 = EDGE_CURVE('',#14117,#14125,#14127,.T.);
#14125 = VERTEX_POINT('',#14126);
#14126 = CARTESIAN_POINT('',(-1.45,0.735,1.485));
#14127 = CIRCLE('',#14128,5.E-002);
#14128 = AXIS2_PLACEMENT_3D('',#14129,#14130,#14131);
#14129 = CARTESIAN_POINT('',(-1.45,0.735,1.435));
#14130 = DIRECTION('',(1.,0.E+000,1.475104996579E-016));
#14131 = DIRECTION('',(1.475104996579E-016,0.E+000,-1.));
#14132 = ORIENTED_EDGE('',*,*,#14133,.F.);
#14133 = EDGE_CURVE('',#14108,#14125,#14134,.T.);
#14134 = LINE('',#14135,#14136);
#14135 = CARTESIAN_POINT('',(-1.45,0.735,1.485));
#14136 = VECTOR('',#14137,1.);
#14137 = DIRECTION('',(-1.,0.E+000,-1.495451272394E-016));
#14138 = CYLINDRICAL_SURFACE('',#14139,5.E-002);
#14139 = AXIS2_PLACEMENT_3D('',#14140,#14141,#14142);
#14140 = CARTESIAN_POINT('',(-4.262036126322E-016,0.735,1.435));
#14141 = DIRECTION('',(-1.,-0.E+000,-1.495451272394E-016));
#14142 = DIRECTION('',(1.495451272394E-016,0.E+000,-1.));
#14143 = ADVANCED_FACE('',(#14144),#14180,.T.);
#14144 = FACE_BOUND('',#14145,.T.);
#14145 = EDGE_LOOP('',(#14146,#14157,#14165,#14174));
#14146 = ORIENTED_EDGE('',*,*,#14147,.F.);
#14147 = EDGE_CURVE('',#14148,#14150,#14152,.T.);
#14148 = VERTEX_POINT('',#14149);
#14149 = CARTESIAN_POINT('',(1.45,0.735,1.5E-002));
#14150 = VERTEX_POINT('',#14151);
#14151 = CARTESIAN_POINT('',(1.45,0.785,6.5E-002));
#14152 = CIRCLE('',#14153,5.E-002);
#14153 = AXIS2_PLACEMENT_3D('',#14154,#14155,#14156);
#14154 = CARTESIAN_POINT('',(1.45,0.735,6.5E-002));
#14155 = DIRECTION('',(1.,0.E+000,0.E+000));
#14156 = DIRECTION('',(0.E+000,0.E+000,-1.));
#14157 = ORIENTED_EDGE('',*,*,#14158,.T.);
#14158 = EDGE_CURVE('',#14148,#14159,#14161,.T.);
#14159 = VERTEX_POINT('',#14160);
#14160 = CARTESIAN_POINT('',(-1.45,0.735,1.5E-002));
#14161 = LINE('',#14162,#14163);
#14162 = CARTESIAN_POINT('',(0.E+000,0.735,1.5E-002));
#14163 = VECTOR('',#14164,1.);
#14164 = DIRECTION('',(-1.,0.E+000,-6.133686859428E-017));
#14165 = ORIENTED_EDGE('',*,*,#14166,.T.);
#14166 = EDGE_CURVE('',#14159,#14167,#14169,.T.);
#14167 = VERTEX_POINT('',#14168);
#14168 = CARTESIAN_POINT('',(-1.45,0.785,6.5E-002));
#14169 = CIRCLE('',#14170,5.E-002);
#14170 = AXIS2_PLACEMENT_3D('',#14171,#14172,#14173);
#14171 = CARTESIAN_POINT('',(-1.45,0.735,6.5E-002));
#14172 = DIRECTION('',(1.,0.E+000,1.475104996579E-016));
#14173 = DIRECTION('',(1.475104996579E-016,0.E+000,-1.));
#14174 = ORIENTED_EDGE('',*,*,#14175,.F.);
#14175 = EDGE_CURVE('',#14150,#14167,#14176,.T.);
#14176 = LINE('',#14177,#14178);
#14177 = CARTESIAN_POINT('',(-8.253459830013E-016,0.785,6.5E-002));
#14178 = VECTOR('',#14179,1.);
#14179 = DIRECTION('',(-1.,0.E+000,-6.133686859428E-017));
#14180 = CYLINDRICAL_SURFACE('',#14181,5.E-002);
#14181 = AXIS2_PLACEMENT_3D('',#14182,#14183,#14184);
#14182 = CARTESIAN_POINT('',(-8.253459830013E-016,0.735,6.5E-002));
#14183 = DIRECTION('',(1.,-0.E+000,6.133686859428E-017));
#14184 = DIRECTION('',(-6.133686859428E-017,0.E+000,1.));
#14185 = ADVANCED_FACE('',(#14186),#14202,.T.);
#14186 = FACE_BOUND('',#14187,.T.);
#14187 = EDGE_LOOP('',(#14188,#14194,#14195,#14201));
#14188 = ORIENTED_EDGE('',*,*,#14189,.F.);
#14189 = EDGE_CURVE('',#14024,#14064,#14190,.T.);
#14190 = LINE('',#14191,#14192);
#14191 = CARTESIAN_POINT('',(1.45,-0.785,0.75));
#14192 = VECTOR('',#14193,1.);
#14193 = DIRECTION('',(0.E+000,0.E+000,-1.));
#14194 = ORIENTED_EDGE('',*,*,#14049,.T.);
#14195 = ORIENTED_EDGE('',*,*,#14196,.T.);
#14196 = EDGE_CURVE('',#14041,#14075,#14197,.T.);
#14197 = LINE('',#14198,#14199);
#14198 = CARTESIAN_POINT('',(-1.45,-0.785,0.75));
#14199 = VECTOR('',#14200,1.);
#14200 = DIRECTION('',(1.475104996579E-016,0.E+000,-1.));
#14201 = ORIENTED_EDGE('',*,*,#14074,.F.);
#14202 = PLANE('',#14203);
#14203 = AXIS2_PLACEMENT_3D('',#14204,#14205,#14206);
#14204 = CARTESIAN_POINT('',(-8.673617379884E-016,-0.785,0.75));
#14205 = DIRECTION('',(0.E+000,-1.,0.E+000));
#14206 = DIRECTION('',(1.,0.E+000,0.E+000));
#14207 = ADVANCED_FACE('',(#14208),#14224,.T.);
#14208 = FACE_BOUND('',#14209,.T.);
#14209 = EDGE_LOOP('',(#14210,#14216,#14217,#14223));
#14210 = ORIENTED_EDGE('',*,*,#14211,.T.);
#14211 = EDGE_CURVE('',#14106,#14150,#14212,.T.);
#14212 = LINE('',#14213,#14214);
#14213 = CARTESIAN_POINT('',(1.45,0.785,0.75));
#14214 = VECTOR('',#14215,1.);
#14215 = DIRECTION('',(0.E+000,0.E+000,-1.));
#14216 = ORIENTED_EDGE('',*,*,#14175,.T.);
#14217 = ORIENTED_EDGE('',*,*,#14218,.F.);
#14218 = EDGE_CURVE('',#14117,#14167,#14219,.T.);
#14219 = LINE('',#14220,#14221);
#14220 = CARTESIAN_POINT('',(-1.45,0.785,0.75));
#14221 = VECTOR('',#14222,1.);
#14222 = DIRECTION('',(1.475104996579E-016,0.E+000,-1.));
#14223 = ORIENTED_EDGE('',*,*,#14116,.F.);
#14224 = PLANE('',#14225);
#14225 = AXIS2_PLACEMENT_3D('',#14226,#14227,#14228);
#14226 = CARTESIAN_POINT('',(-8.673617379884E-016,0.785,0.75));
#14227 = DIRECTION('',(-0.E+000,1.,0.E+000));
#14228 = DIRECTION('',(1.,0.E+000,0.E+000));
#14229 = ADVANCED_FACE('',(#14230),#14246,.F.);
#14230 = FACE_BOUND('',#14231,.T.);
#14231 = EDGE_LOOP('',(#14232,#14238,#14239,#14245));
#14232 = ORIENTED_EDGE('',*,*,#14233,.T.);
#14233 = EDGE_CURVE('',#14022,#14108,#14234,.T.);
#14234 = LINE('',#14235,#14236);
#14235 = CARTESIAN_POINT('',(1.45,-0.785,1.485));
#14236 = VECTOR('',#14237,1.);
#14237 = DIRECTION('',(0.E+000,1.,0.E+000));
#14238 = ORIENTED_EDGE('',*,*,#14133,.T.);
#14239 = ORIENTED_EDGE('',*,*,#14240,.F.);
#14240 = EDGE_CURVE('',#14033,#14125,#14241,.T.);
#14241 = LINE('',#14242,#14243);
#14242 = CARTESIAN_POINT('',(-1.45,-0.785,1.485));
#14243 = VECTOR('',#14244,1.);
#14244 = DIRECTION('',(0.E+000,1.,0.E+000));
#14245 = ORIENTED_EDGE('',*,*,#14032,.F.);
#14246 = PLANE('',#14247);
#14247 = AXIS2_PLACEMENT_3D('',#14248,#14249,#14250);
#14248 = CARTESIAN_POINT('',(-4.336808689942E-016,-0.785,1.485));
#14249 = DIRECTION('',(1.495451272394E-016,0.E+000,-1.));
#14250 = DIRECTION('',(-1.,0.E+000,-1.495451272394E-016));
#14251 = ADVANCED_FACE('',(#14252),#14268,.T.);
#14252 = FACE_BOUND('',#14253,.T.);
#14253 = EDGE_LOOP('',(#14254,#14260,#14261,#14267));
#14254 = ORIENTED_EDGE('',*,*,#14255,.T.);
#14255 = EDGE_CURVE('',#14083,#14159,#14256,.T.);
#14256 = LINE('',#14257,#14258);
#14257 = CARTESIAN_POINT('',(-1.45,-0.785,1.5E-002));
#14258 = VECTOR('',#14259,1.);
#14259 = DIRECTION('',(0.E+000,1.,0.E+000));
#14260 = ORIENTED_EDGE('',*,*,#14158,.F.);
#14261 = ORIENTED_EDGE('',*,*,#14262,.F.);
#14262 = EDGE_CURVE('',#14066,#14148,#14263,.T.);
#14263 = LINE('',#14264,#14265);
#14264 = CARTESIAN_POINT('',(1.45,-0.785,1.5E-002));
#14265 = VECTOR('',#14266,1.);
#14266 = DIRECTION('',(0.E+000,1.,0.E+000));
#14267 = ORIENTED_EDGE('',*,*,#14091,.T.);
#14268 = PLANE('',#14269);
#14269 = AXIS2_PLACEMENT_3D('',#14270,#14271,#14272);
#14270 = CARTESIAN_POINT('',(0.E+000,-0.785,1.5E-002));
#14271 = DIRECTION('',(6.133686859428E-017,0.E+000,-1.));
#14272 = DIRECTION('',(-1.,0.E+000,-6.133686859428E-017));
#14273 = ADVANCED_FACE('',(#14274),#14284,.T.);
#14274 = FACE_BOUND('',#14275,.T.);
#14275 = EDGE_LOOP('',(#14276,#14277,#14278,#14279,#14280,#14281,#14282,
    #14283));
#14276 = ORIENTED_EDGE('',*,*,#14262,.T.);
#14277 = ORIENTED_EDGE('',*,*,#14147,.T.);
#14278 = ORIENTED_EDGE('',*,*,#14211,.F.);
#14279 = ORIENTED_EDGE('',*,*,#14105,.T.);
#14280 = ORIENTED_EDGE('',*,*,#14233,.F.);
#14281 = ORIENTED_EDGE('',*,*,#14021,.T.);
#14282 = ORIENTED_EDGE('',*,*,#14189,.T.);
#14283 = ORIENTED_EDGE('',*,*,#14063,.T.);
#14284 = PLANE('',#14285);
#14285 = AXIS2_PLACEMENT_3D('',#14286,#14287,#14288);
#14286 = CARTESIAN_POINT('',(1.45,-0.785,0.75));
#14287 = DIRECTION('',(1.,0.E+000,0.E+000));
#14288 = DIRECTION('',(0.E+000,0.E+000,-1.));
#14289 = ADVANCED_FACE('',(#14290),#14300,.F.);
#14290 = FACE_BOUND('',#14291,.T.);
#14291 = EDGE_LOOP('',(#14292,#14293,#14294,#14295,#14296,#14297,#14298,
    #14299));
#14292 = ORIENTED_EDGE('',*,*,#14218,.T.);
#14293 = ORIENTED_EDGE('',*,*,#14166,.F.);
#14294 = ORIENTED_EDGE('',*,*,#14255,.F.);
#14295 = ORIENTED_EDGE('',*,*,#14082,.F.);
#14296 = ORIENTED_EDGE('',*,*,#14196,.F.);
#14297 = ORIENTED_EDGE('',*,*,#14040,.F.);
#14298 = ORIENTED_EDGE('',*,*,#14240,.T.);
#14299 = ORIENTED_EDGE('',*,*,#14124,.F.);
#14300 = PLANE('',#14301);
#14301 = AXIS2_PLACEMENT_3D('',#14302,#14303,#14304);
#14302 = CARTESIAN_POINT('',(-1.45,-0.785,0.75));
#14303 = DIRECTION('',(1.,0.E+000,1.475104996579E-016));
#14304 = DIRECTION('',(1.475104996579E-016,0.E+000,-1.));
#14305 = ( GEOMETRIC_REPRESENTATION_CONTEXT(3) 
GLOBAL_UNCERTAINTY_ASSIGNED_CONTEXT((#14309)) 
GLOBAL_UNIT_ASSIGNED_CONTEXT((#14306,#14307,#14308)) 
REPRESENTATION_CONTEXT('Context #1',
  '3D Context with UNIT and UNCERTAINTY') );
#14306 = ( LENGTH_UNIT() NAMED_UNIT(*) SI_UNIT(.MILLI.,.METRE.) );
#14307 = ( NAMED_UNIT(*) PLANE_ANGLE_UNIT() SI_UNIT($,.RADIAN.) );
#14308 = ( NAMED_UNIT(*) SI_UNIT($,.STERADIAN.) SOLID_ANGLE_UNIT() );
#14309 = UNCERTAINTY_MEASURE_WITH_UNIT(LENGTH_MEASURE(1.E-007),#14306,
  'distance_accuracy_value','confusion accuracy');
#14310 = SHAPE_DEFINITION_REPRESENTATION(#14311,#14014);
#14311 = PRODUCT_DEFINITION_SHAPE('','',#14312);
#14312 = PRODUCT_DEFINITION('design','',#14313,#14316);
#14313 = PRODUCT_DEFINITION_FORMATION('','',#14314);
#14314 = PRODUCT('C1206_150','C1206_150','',(#14315));
#14315 = PRODUCT_CONTEXT('',#2,'mechanical');
#14316 = PRODUCT_DEFINITION_CONTEXT('part definition',#2,'design');
#14317 = CONTEXT_DEPENDENT_SHAPE_REPRESENTATION(#14318,#14320);
#14318 = ( REPRESENTATION_RELATIONSHIP('','',#14014,#13996) 
REPRESENTATION_RELATIONSHIP_WITH_TRANSFORMATION(#14319) 
SHAPE_REPRESENTATION_RELATIONSHIP() );
#14319 = ITEM_DEFINED_TRANSFORMATION('','',#11,#13997);
#14320 = PRODUCT_DEFINITION_SHAPE('Placement','Placement of an item',
  #14321);
#14321 = NEXT_ASSEMBLY_USAGE_OCCURRENCE('25','','',#13991,#14312,$);
#14322 = PRODUCT_RELATED_PRODUCT_CATEGORY('part',$,(#14314));
#14323 = ADVANCED_BREP_SHAPE_REPRESENTATION('',(#11,#14324),#14644);
#14324 = MANIFOLD_SOLID_BREP('',#14325);
#14325 = CLOSED_SHELL('',(#14326,#14366,#14406,#14446,#14495,#14526,
    #14555,#14567,#14579,#14608,#14620,#14632));
#14326 = ADVANCED_FACE('',(#14327),#14361,.T.);
#14327 = FACE_BOUND('',#14328,.T.);
#14328 = EDGE_LOOP('',(#14329,#14339,#14347,#14355));
#14329 = ORIENTED_EDGE('',*,*,#14330,.F.);
#14330 = EDGE_CURVE('',#14331,#14333,#14335,.T.);
#14331 = VERTEX_POINT('',#14332);
#14332 = CARTESIAN_POINT('',(1.3,-0.8,5.E-002));
#14333 = VERTEX_POINT('',#14334);
#14334 = CARTESIAN_POINT('',(1.3,-0.8,1.45));
#14335 = LINE('',#14336,#14337);
#14336 = CARTESIAN_POINT('',(1.3,-0.8,0.974600008));
#14337 = VECTOR('',#14338,1.);
#14338 = DIRECTION('',(0.E+000,0.E+000,1.));
#14339 = ORIENTED_EDGE('',*,*,#14340,.F.);
#14340 = EDGE_CURVE('',#14341,#14331,#14343,.T.);
#14341 = VERTEX_POINT('',#14342);
#14342 = CARTESIAN_POINT('',(1.6,-0.8,5.E-002));
#14343 = LINE('',#14344,#14345);
#14344 = CARTESIAN_POINT('',(1.6,-0.8,5.E-002));
#14345 = VECTOR('',#14346,1.);
#14346 = DIRECTION('',(-1.,0.E+000,0.E+000));
#14347 = ORIENTED_EDGE('',*,*,#14348,.F.);
#14348 = EDGE_CURVE('',#14349,#14341,#14351,.T.);
#14349 = VERTEX_POINT('',#14350);
#14350 = CARTESIAN_POINT('',(1.6,-0.8,1.45));
#14351 = LINE('',#14352,#14353);
#14352 = CARTESIAN_POINT('',(1.6,-0.8,0.75));
#14353 = VECTOR('',#14354,1.);
#14354 = DIRECTION('',(0.E+000,0.E+000,-1.));
#14355 = ORIENTED_EDGE('',*,*,#14356,.F.);
#14356 = EDGE_CURVE('',#14333,#14349,#14357,.T.);
#14357 = LINE('',#14358,#14359);
#14358 = CARTESIAN_POINT('',(1.3,-0.8,1.45));
#14359 = VECTOR('',#14360,1.);
#14360 = DIRECTION('',(1.,0.E+000,-7.228014483237E-016));
#14361 = PLANE('',#14362);
#14362 = AXIS2_PLACEMENT_3D('',#14363,#14364,#14365);
#14363 = CARTESIAN_POINT('',(0.8,-0.8,0.75));
#14364 = DIRECTION('',(0.E+000,-1.,0.E+000));
#14365 = DIRECTION('',(-1.,0.E+000,0.E+000));
#14366 = ADVANCED_FACE('',(#14367),#14401,.F.);
#14367 = FACE_BOUND('',#14368,.T.);
#14368 = EDGE_LOOP('',(#14369,#14379,#14387,#14395));
#14369 = ORIENTED_EDGE('',*,*,#14370,.T.);
#14370 = EDGE_CURVE('',#14371,#14373,#14375,.T.);
#14371 = VERTEX_POINT('',#14372);
#14372 = CARTESIAN_POINT('',(1.6,0.8,1.45));
#14373 = VERTEX_POINT('',#14374);
#14374 = CARTESIAN_POINT('',(1.6,0.8,5.E-002));
#14375 = LINE('',#14376,#14377);
#14376 = CARTESIAN_POINT('',(1.6,0.8,0.75));
#14377 = VECTOR('',#14378,1.);
#14378 = DIRECTION('',(0.E+000,0.E+000,-1.));
#14379 = ORIENTED_EDGE('',*,*,#14380,.T.);
#14380 = EDGE_CURVE('',#14373,#14381,#14383,.T.);
#14381 = VERTEX_POINT('',#14382);
#14382 = CARTESIAN_POINT('',(1.3,0.8,5.E-002));
#14383 = LINE('',#14384,#14385);
#14384 = CARTESIAN_POINT('',(0.8,0.8,5.E-002));
#14385 = VECTOR('',#14386,1.);
#14386 = DIRECTION('',(-1.,0.E+000,0.E+000));
#14387 = ORIENTED_EDGE('',*,*,#14388,.T.);
#14388 = EDGE_CURVE('',#14381,#14389,#14391,.T.);
#14389 = VERTEX_POINT('',#14390);
#14390 = CARTESIAN_POINT('',(1.3,0.8,1.45));
#14391 = LINE('',#14392,#14393);
#14392 = CARTESIAN_POINT('',(1.3,0.8,0.974600008));
#14393 = VECTOR('',#14394,1.);
#14394 = DIRECTION('',(0.E+000,0.E+000,1.));
#14395 = ORIENTED_EDGE('',*,*,#14396,.T.);
#14396 = EDGE_CURVE('',#14389,#14371,#14397,.T.);
#14397 = LINE('',#14398,#14399);
#14398 = CARTESIAN_POINT('',(0.8,0.8,1.45));
#14399 = VECTOR('',#14400,1.);
#14400 = DIRECTION('',(1.,0.E+000,-7.228014483237E-016));
#14401 = PLANE('',#14402);
#14402 = AXIS2_PLACEMENT_3D('',#14403,#14404,#14405);
#14403 = CARTESIAN_POINT('',(0.8,0.8,0.75));
#14404 = DIRECTION('',(0.E+000,-1.,0.E+000));
#14405 = DIRECTION('',(-1.,0.E+000,0.E+000));
#14406 = ADVANCED_FACE('',(#14407),#14441,.F.);
#14407 = FACE_BOUND('',#14408,.T.);
#14408 = EDGE_LOOP('',(#14409,#14419,#14427,#14435));
#14409 = ORIENTED_EDGE('',*,*,#14410,.F.);
#14410 = EDGE_CURVE('',#14411,#14413,#14415,.T.);
#14411 = VERTEX_POINT('',#14412);
#14412 = CARTESIAN_POINT('',(1.55,-0.75,0.E+000));
#14413 = VERTEX_POINT('',#14414);
#14414 = CARTESIAN_POINT('',(1.55,0.75,0.E+000));
#14415 = LINE('',#14416,#14417);
#14416 = CARTESIAN_POINT('',(1.55,-0.8,0.E+000));
#14417 = VECTOR('',#14418,1.);
#14418 = DIRECTION('',(0.E+000,1.,0.E+000));
#14419 = ORIENTED_EDGE('',*,*,#14420,.T.);
#14420 = EDGE_CURVE('',#14411,#14421,#14423,.T.);
#14421 = VERTEX_POINT('',#14422);
#14422 = CARTESIAN_POINT('',(1.3,-0.75,4.336808689942E-016));
#14423 = LINE('',#14424,#14425);
#14424 = CARTESIAN_POINT('',(1.3,-0.75,0.E+000));
#14425 = VECTOR('',#14426,1.);
#14426 = DIRECTION('',(-1.,0.E+000,0.E+000));
#14427 = ORIENTED_EDGE('',*,*,#14428,.T.);
#14428 = EDGE_CURVE('',#14421,#14429,#14431,.T.);
#14429 = VERTEX_POINT('',#14430);
#14430 = CARTESIAN_POINT('',(1.3,0.75,4.336808689942E-016));
#14431 = LINE('',#14432,#14433);
#14432 = CARTESIAN_POINT('',(1.3,-0.8,4.336808689942E-016));
#14433 = VECTOR('',#14434,1.);
#14434 = DIRECTION('',(0.E+000,1.,0.E+000));
#14435 = ORIENTED_EDGE('',*,*,#14436,.F.);
#14436 = EDGE_CURVE('',#14413,#14429,#14437,.T.);
#14437 = LINE('',#14438,#14439);
#14438 = CARTESIAN_POINT('',(1.45,0.75,0.E+000));
#14439 = VECTOR('',#14440,1.);
#14440 = DIRECTION('',(-1.,0.E+000,0.E+000));
#14441 = PLANE('',#14442);
#14442 = AXIS2_PLACEMENT_3D('',#14443,#14444,#14445);
#14443 = CARTESIAN_POINT('',(1.45,-0.8,0.E+000));
#14444 = DIRECTION('',(0.E+000,0.E+000,1.));
#14445 = DIRECTION('',(-1.,0.E+000,0.E+000));
#14446 = ADVANCED_FACE('',(#14447),#14490,.F.);
#14447 = FACE_BOUND('',#14448,.T.);
#14448 = EDGE_LOOP('',(#14449,#14450,#14457,#14458,#14467,#14475,#14482,
    #14483));
#14449 = ORIENTED_EDGE('',*,*,#14428,.F.);
#14450 = ORIENTED_EDGE('',*,*,#14451,.F.);
#14451 = EDGE_CURVE('',#14331,#14421,#14452,.T.);
#14452 = CIRCLE('',#14453,5.E-002);
#14453 = AXIS2_PLACEMENT_3D('',#14454,#14455,#14456);
#14454 = CARTESIAN_POINT('',(1.3,-0.75,5.E-002));
#14455 = DIRECTION('',(1.,0.E+000,0.E+000));
#14456 = DIRECTION('',(0.E+000,0.E+000,-1.));
#14457 = ORIENTED_EDGE('',*,*,#14330,.T.);
#14458 = ORIENTED_EDGE('',*,*,#14459,.F.);
#14459 = EDGE_CURVE('',#14460,#14333,#14462,.T.);
#14460 = VERTEX_POINT('',#14461);
#14461 = CARTESIAN_POINT('',(1.3,-0.75,1.5));
#14462 = CIRCLE('',#14463,5.E-002);
#14463 = AXIS2_PLACEMENT_3D('',#14464,#14465,#14466);
#14464 = CARTESIAN_POINT('',(1.3,-0.75,1.45));
#14465 = DIRECTION('',(1.,0.E+000,0.E+000));
#14466 = DIRECTION('',(0.E+000,0.E+000,-1.));
#14467 = ORIENTED_EDGE('',*,*,#14468,.T.);
#14468 = EDGE_CURVE('',#14460,#14469,#14471,.T.);
#14469 = VERTEX_POINT('',#14470);
#14470 = CARTESIAN_POINT('',(1.3,0.75,1.5));
#14471 = LINE('',#14472,#14473);
#14472 = CARTESIAN_POINT('',(1.3,-0.8,1.5));
#14473 = VECTOR('',#14474,1.);
#14474 = DIRECTION('',(0.E+000,1.,0.E+000));
#14475 = ORIENTED_EDGE('',*,*,#14476,.F.);
#14476 = EDGE_CURVE('',#14389,#14469,#14477,.T.);
#14477 = CIRCLE('',#14478,5.E-002);
#14478 = AXIS2_PLACEMENT_3D('',#14479,#14480,#14481);
#14479 = CARTESIAN_POINT('',(1.3,0.75,1.45));
#14480 = DIRECTION('',(1.,0.E+000,0.E+000));
#14481 = DIRECTION('',(0.E+000,0.E+000,-1.));
#14482 = ORIENTED_EDGE('',*,*,#14388,.F.);
#14483 = ORIENTED_EDGE('',*,*,#14484,.F.);
#14484 = EDGE_CURVE('',#14429,#14381,#14485,.T.);
#14485 = CIRCLE('',#14486,5.E-002);
#14486 = AXIS2_PLACEMENT_3D('',#14487,#14488,#14489);
#14487 = CARTESIAN_POINT('',(1.3,0.75,5.E-002));
#14488 = DIRECTION('',(1.,0.E+000,0.E+000));
#14489 = DIRECTION('',(0.E+000,0.E+000,-1.));
#14490 = PLANE('',#14491);
#14491 = AXIS2_PLACEMENT_3D('',#14492,#14493,#14494);
#14492 = CARTESIAN_POINT('',(1.3,-0.8,0.974600008));
#14493 = DIRECTION('',(1.,0.E+000,-0.E+000));
#14494 = DIRECTION('',(0.E+000,0.E+000,1.));
#14495 = ADVANCED_FACE('',(#14496),#14521,.F.);
#14496 = FACE_BOUND('',#14497,.T.);
#14497 = EDGE_LOOP('',(#14498,#14499,#14507,#14515));
#14498 = ORIENTED_EDGE('',*,*,#14468,.F.);
#14499 = ORIENTED_EDGE('',*,*,#14500,.T.);
#14500 = EDGE_CURVE('',#14460,#14501,#14503,.T.);
#14501 = VERTEX_POINT('',#14502);
#14502 = CARTESIAN_POINT('',(1.55,-0.75,1.5));
#14503 = LINE('',#14504,#14505);
#14504 = CARTESIAN_POINT('',(1.6,-0.75,1.5));
#14505 = VECTOR('',#14506,1.);
#14506 = DIRECTION('',(1.,0.E+000,-7.228014483237E-016));
#14507 = ORIENTED_EDGE('',*,*,#14508,.T.);
#14508 = EDGE_CURVE('',#14501,#14509,#14511,.T.);
#14509 = VERTEX_POINT('',#14510);
#14510 = CARTESIAN_POINT('',(1.55,0.75,1.5));
#14511 = LINE('',#14512,#14513);
#14512 = CARTESIAN_POINT('',(1.55,-0.8,1.5));
#14513 = VECTOR('',#14514,1.);
#14514 = DIRECTION('',(0.E+000,1.,0.E+000));
#14515 = ORIENTED_EDGE('',*,*,#14516,.F.);
#14516 = EDGE_CURVE('',#14469,#14509,#14517,.T.);
#14517 = LINE('',#14518,#14519);
#14518 = CARTESIAN_POINT('',(1.45,0.75,1.5));
#14519 = VECTOR('',#14520,1.);
#14520 = DIRECTION('',(1.,0.E+000,-7.228014483237E-016));
#14521 = PLANE('',#14522);
#14522 = AXIS2_PLACEMENT_3D('',#14523,#14524,#14525);
#14523 = CARTESIAN_POINT('',(1.45,-0.8,1.5));
#14524 = DIRECTION('',(-7.228014483237E-016,0.E+000,-1.));
#14525 = DIRECTION('',(1.,0.E+000,-7.228014483237E-016));
#14526 = ADVANCED_FACE('',(#14527),#14550,.T.);
#14527 = FACE_BOUND('',#14528,.T.);
#14528 = EDGE_LOOP('',(#14529,#14536,#14542,#14549));
#14529 = ORIENTED_EDGE('',*,*,#14530,.F.);
#14530 = EDGE_CURVE('',#14349,#14501,#14531,.T.);
#14531 = ELLIPSE('',#14532,7.07107E-002,5.E-002);
#14532 = AXIS2_PLACEMENT_3D('',#14533,#14534,#14535);
#14533 = CARTESIAN_POINT('',(1.55,-0.75,1.45));
#14534 = DIRECTION('',(-0.707106781187,-0.707106781187,
    5.110978055611E-016));
#14535 = DIRECTION('',(-0.707106781187,0.707106781187,
    5.110978055611E-016));
#14536 = ORIENTED_EDGE('',*,*,#14537,.T.);
#14537 = EDGE_CURVE('',#14349,#14371,#14538,.T.);
#14538 = LINE('',#14539,#14540);
#14539 = CARTESIAN_POINT('',(1.6,-0.8,1.45));
#14540 = VECTOR('',#14541,1.);
#14541 = DIRECTION('',(0.E+000,1.,0.E+000));
#14542 = ORIENTED_EDGE('',*,*,#14543,.T.);
#14543 = EDGE_CURVE('',#14371,#14509,#14544,.T.);
#14544 = ELLIPSE('',#14545,7.07107E-002,5.E-002);
#14545 = AXIS2_PLACEMENT_3D('',#14546,#14547,#14548);
#14546 = CARTESIAN_POINT('',(1.55,0.75,1.45));
#14547 = DIRECTION('',(0.707106781187,-0.707106781187,
    -5.110978055611E-016));
#14548 = DIRECTION('',(0.707106781187,0.707106781187,
    -5.110978055611E-016));
#14549 = ORIENTED_EDGE('',*,*,#14508,.F.);
#14550 = CYLINDRICAL_SURFACE('',#14551,5.E-002);
#14551 = AXIS2_PLACEMENT_3D('',#14552,#14553,#14554);
#14552 = CARTESIAN_POINT('',(1.55,-0.8,1.45));
#14553 = DIRECTION('',(-0.E+000,-1.,-0.E+000));
#14554 = DIRECTION('',(0.E+000,0.E+000,1.));
#14555 = ADVANCED_FACE('',(#14556),#14562,.T.);
#14556 = FACE_BOUND('',#14557,.T.);
#14557 = EDGE_LOOP('',(#14558,#14559,#14560,#14561));
#14558 = ORIENTED_EDGE('',*,*,#14476,.T.);
#14559 = ORIENTED_EDGE('',*,*,#14516,.T.);
#14560 = ORIENTED_EDGE('',*,*,#14543,.F.);
#14561 = ORIENTED_EDGE('',*,*,#14396,.F.);
#14562 = CYLINDRICAL_SURFACE('',#14563,5.E-002);
#14563 = AXIS2_PLACEMENT_3D('',#14564,#14565,#14566);
#14564 = CARTESIAN_POINT('',(0.8,0.75,1.45));
#14565 = DIRECTION('',(-1.,-0.E+000,7.228014483237E-016));
#14566 = DIRECTION('',(-7.228014483237E-016,0.E+000,-1.));
#14567 = ADVANCED_FACE('',(#14568),#14574,.T.);
#14568 = FACE_BOUND('',#14569,.T.);
#14569 = EDGE_LOOP('',(#14570,#14571,#14572,#14573));
#14570 = ORIENTED_EDGE('',*,*,#14459,.T.);
#14571 = ORIENTED_EDGE('',*,*,#14356,.T.);
#14572 = ORIENTED_EDGE('',*,*,#14530,.T.);
#14573 = ORIENTED_EDGE('',*,*,#14500,.F.);
#14574 = CYLINDRICAL_SURFACE('',#14575,5.E-002);
#14575 = AXIS2_PLACEMENT_3D('',#14576,#14577,#14578);
#14576 = CARTESIAN_POINT('',(1.45,-0.75,1.45));
#14577 = DIRECTION('',(1.,-0.E+000,-7.228014483237E-016));
#14578 = DIRECTION('',(7.228014483237E-016,0.E+000,1.));
#14579 = ADVANCED_FACE('',(#14580),#14603,.T.);
#14580 = FACE_BOUND('',#14581,.T.);
#14581 = EDGE_LOOP('',(#14582,#14589,#14590,#14597));
#14582 = ORIENTED_EDGE('',*,*,#14583,.T.);
#14583 = EDGE_CURVE('',#14341,#14411,#14584,.T.);
#14584 = ELLIPSE('',#14585,7.07107E-002,5.E-002);
#14585 = AXIS2_PLACEMENT_3D('',#14586,#14587,#14588);
#14586 = CARTESIAN_POINT('',(1.55,-0.75,5.E-002));
#14587 = DIRECTION('',(0.707106781187,0.707106781187,0.E+000));
#14588 = DIRECTION('',(0.707106781187,-0.707106781187,0.E+000));
#14589 = ORIENTED_EDGE('',*,*,#14410,.T.);
#14590 = ORIENTED_EDGE('',*,*,#14591,.F.);
#14591 = EDGE_CURVE('',#14373,#14413,#14592,.T.);
#14592 = ELLIPSE('',#14593,7.07107E-002,5.E-002);
#14593 = AXIS2_PLACEMENT_3D('',#14594,#14595,#14596);
#14594 = CARTESIAN_POINT('',(1.55,0.75,5.E-002));
#14595 = DIRECTION('',(-0.707106781187,0.707106781187,0.E+000));
#14596 = DIRECTION('',(-0.707106781187,-0.707106781187,0.E+000));
#14597 = ORIENTED_EDGE('',*,*,#14598,.F.);
#14598 = EDGE_CURVE('',#14341,#14373,#14599,.T.);
#14599 = LINE('',#14600,#14601);
#14600 = CARTESIAN_POINT('',(1.6,-0.8,5.E-002));
#14601 = VECTOR('',#14602,1.);
#14602 = DIRECTION('',(0.E+000,1.,0.E+000));
#14603 = CYLINDRICAL_SURFACE('',#14604,5.E-002);
#14604 = AXIS2_PLACEMENT_3D('',#14605,#14606,#14607);
#14605 = CARTESIAN_POINT('',(1.55,-0.8,5.E-002));
#14606 = DIRECTION('',(-0.E+000,-1.,-0.E+000));
#14607 = DIRECTION('',(0.E+000,0.E+000,1.));
#14608 = ADVANCED_FACE('',(#14609),#14615,.T.);
#14609 = FACE_BOUND('',#14610,.T.);
#14610 = EDGE_LOOP('',(#14611,#14612,#14613,#14614));
#14611 = ORIENTED_EDGE('',*,*,#14484,.T.);
#14612 = ORIENTED_EDGE('',*,*,#14380,.F.);
#14613 = ORIENTED_EDGE('',*,*,#14591,.T.);
#14614 = ORIENTED_EDGE('',*,*,#14436,.T.);
#14615 = CYLINDRICAL_SURFACE('',#14616,5.E-002);
#14616 = AXIS2_PLACEMENT_3D('',#14617,#14618,#14619);
#14617 = CARTESIAN_POINT('',(0.8,0.75,5.E-002));
#14618 = DIRECTION('',(1.,-0.E+000,-0.E+000));
#14619 = DIRECTION('',(0.E+000,0.E+000,1.));
#14620 = ADVANCED_FACE('',(#14621),#14627,.T.);
#14621 = FACE_BOUND('',#14622,.T.);
#14622 = EDGE_LOOP('',(#14623,#14624,#14625,#14626));
#14623 = ORIENTED_EDGE('',*,*,#14451,.T.);
#14624 = ORIENTED_EDGE('',*,*,#14420,.F.);
#14625 = ORIENTED_EDGE('',*,*,#14583,.F.);
#14626 = ORIENTED_EDGE('',*,*,#14340,.T.);
#14627 = CYLINDRICAL_SURFACE('',#14628,5.E-002);
#14628 = AXIS2_PLACEMENT_3D('',#14629,#14630,#14631);
#14629 = CARTESIAN_POINT('',(1.45,-0.75,5.E-002));
#14630 = DIRECTION('',(-1.,-0.E+000,-0.E+000));
#14631 = DIRECTION('',(0.E+000,0.E+000,-1.));
#14632 = ADVANCED_FACE('',(#14633),#14639,.F.);
#14633 = FACE_BOUND('',#14634,.T.);
#14634 = EDGE_LOOP('',(#14635,#14636,#14637,#14638));
#14635 = ORIENTED_EDGE('',*,*,#14370,.F.);
#14636 = ORIENTED_EDGE('',*,*,#14537,.F.);
#14637 = ORIENTED_EDGE('',*,*,#14348,.T.);
#14638 = ORIENTED_EDGE('',*,*,#14598,.T.);
#14639 = PLANE('',#14640);
#14640 = AXIS2_PLACEMENT_3D('',#14641,#14642,#14643);
#14641 = CARTESIAN_POINT('',(1.6,-0.8,0.75));
#14642 = DIRECTION('',(-1.,0.E+000,0.E+000));
#14643 = DIRECTION('',(0.E+000,0.E+000,-1.));
#14644 = ( GEOMETRIC_REPRESENTATION_CONTEXT(3) 
GLOBAL_UNCERTAINTY_ASSIGNED_CONTEXT((#14648)) 
GLOBAL_UNIT_ASSIGNED_CONTEXT((#14645,#14646,#14647)) 
REPRESENTATION_CONTEXT('Context #1',
  '3D Context with UNIT and UNCERTAINTY') );
#14645 = ( LENGTH_UNIT() NAMED_UNIT(*) SI_UNIT(.MILLI.,.METRE.) );
#14646 = ( NAMED_UNIT(*) PLANE_ANGLE_UNIT() SI_UNIT($,.RADIAN.) );
#14647 = ( NAMED_UNIT(*) SI_UNIT($,.STERADIAN.) SOLID_ANGLE_UNIT() );
#14648 = UNCERTAINTY_MEASURE_WITH_UNIT(LENGTH_MEASURE(1.E-007),#14645,
  'distance_accuracy_value','confusion accuracy');
#14649 = SHAPE_DEFINITION_REPRESENTATION(#14650,#14323);
#14650 = PRODUCT_DEFINITION_SHAPE('','',#14651);
#14651 = PRODUCT_DEFINITION('design','',#14652,#14655);
#14652 = PRODUCT_DEFINITION_FORMATION('','',#14653);
#14653 = PRODUCT('C1206_150','C1206_150','',(#14654));
#14654 = PRODUCT_CONTEXT('',#2,'mechanical');
#14655 = PRODUCT_DEFINITION_CONTEXT('part definition',#2,'design');
#14656 = CONTEXT_DEPENDENT_SHAPE_REPRESENTATION(#14657,#14659);
#14657 = ( REPRESENTATION_RELATIONSHIP('','',#14323,#13996) 
REPRESENTATION_RELATIONSHIP_WITH_TRANSFORMATION(#14658) 
SHAPE_REPRESENTATION_RELATIONSHIP() );
#14658 = ITEM_DEFINED_TRANSFORMATION('','',#11,#14001);
#14659 = PRODUCT_DEFINITION_SHAPE('Placement','Placement of an item',
  #14660);
#14660 = NEXT_ASSEMBLY_USAGE_OCCURRENCE('26','','',#13991,#14651,$);
#14661 = PRODUCT_RELATED_PRODUCT_CATEGORY('part',$,(#14653));
#14662 = ADVANCED_BREP_SHAPE_REPRESENTATION('',(#11,#14663),#15117);
#14663 = MANIFOLD_SOLID_BREP('',#14664);
#14664 = CLOSED_SHELL('',(#14665,#14705,#14745,#14812,#14845,#14870,
    #14893,#14915,#14940,#14958,#14975,#15000,#15025,#15047,#15064,
    #15081,#15093,#15105));
#14665 = ADVANCED_FACE('',(#14666),#14700,.F.);
#14666 = FACE_BOUND('',#14667,.T.);
#14667 = EDGE_LOOP('',(#14668,#14678,#14686,#14694));
#14668 = ORIENTED_EDGE('',*,*,#14669,.T.);
#14669 = EDGE_CURVE('',#14670,#14672,#14674,.T.);
#14670 = VERTEX_POINT('',#14671);
#14671 = CARTESIAN_POINT('',(-1.3,-0.75,1.5));
#14672 = VERTEX_POINT('',#14673);
#14673 = CARTESIAN_POINT('',(-1.3,0.75,1.5));
#14674 = LINE('',#14675,#14676);
#14675 = CARTESIAN_POINT('',(-1.3,-0.8,1.5));
#14676 = VECTOR('',#14677,1.);
#14677 = DIRECTION('',(0.E+000,1.,0.E+000));
#14678 = ORIENTED_EDGE('',*,*,#14679,.T.);
#14679 = EDGE_CURVE('',#14672,#14680,#14682,.T.);
#14680 = VERTEX_POINT('',#14681);
#14681 = CARTESIAN_POINT('',(-1.55,0.75,1.5));
#14682 = LINE('',#14683,#14684);
#14683 = CARTESIAN_POINT('',(-1.45,0.75,1.5));
#14684 = VECTOR('',#14685,1.);
#14685 = DIRECTION('',(-1.,0.E+000,-7.228014483237E-016));
#14686 = ORIENTED_EDGE('',*,*,#14687,.F.);
#14687 = EDGE_CURVE('',#14688,#14680,#14690,.T.);
#14688 = VERTEX_POINT('',#14689);
#14689 = CARTESIAN_POINT('',(-1.55,-0.75,1.5));
#14690 = LINE('',#14691,#14692);
#14691 = CARTESIAN_POINT('',(-1.55,-0.8,1.5));
#14692 = VECTOR('',#14693,1.);
#14693 = DIRECTION('',(0.E+000,1.,0.E+000));
#14694 = ORIENTED_EDGE('',*,*,#14695,.F.);
#14695 = EDGE_CURVE('',#14670,#14688,#14696,.T.);
#14696 = LINE('',#14697,#14698);
#14697 = CARTESIAN_POINT('',(-1.3,-0.75,1.5));
#14698 = VECTOR('',#14699,1.);
#14699 = DIRECTION('',(-1.,0.E+000,-7.228014483237E-016));
#14700 = PLANE('',#14701);
#14701 = AXIS2_PLACEMENT_3D('',#14702,#14703,#14704);
#14702 = CARTESIAN_POINT('',(-1.45,-0.8,1.5));
#14703 = DIRECTION('',(7.228014483237E-016,0.E+000,-1.));
#14704 = DIRECTION('',(-1.,0.E+000,-7.228014483237E-016));
#14705 = ADVANCED_FACE('',(#14706),#14740,.F.);
#14706 = FACE_BOUND('',#14707,.T.);
#14707 = EDGE_LOOP('',(#14708,#14718,#14726,#14734));
#14708 = ORIENTED_EDGE('',*,*,#14709,.T.);
#14709 = EDGE_CURVE('',#14710,#14712,#14714,.T.);
#14710 = VERTEX_POINT('',#14711);
#14711 = CARTESIAN_POINT('',(-1.6,-0.75,1.45));
#14712 = VERTEX_POINT('',#14713);
#14713 = CARTESIAN_POINT('',(-1.6,0.75,1.45));
#14714 = LINE('',#14715,#14716);
#14715 = CARTESIAN_POINT('',(-1.6,-0.8,1.45));
#14716 = VECTOR('',#14717,1.);
#14717 = DIRECTION('',(0.E+000,1.,0.E+000));
#14718 = ORIENTED_EDGE('',*,*,#14719,.T.);
#14719 = EDGE_CURVE('',#14712,#14720,#14722,.T.);
#14720 = VERTEX_POINT('',#14721);
#14721 = CARTESIAN_POINT('',(-1.6,0.75,5.E-002));
#14722 = LINE('',#14723,#14724);
#14723 = CARTESIAN_POINT('',(-1.6,0.75,0.75));
#14724 = VECTOR('',#14725,1.);
#14725 = DIRECTION('',(0.E+000,0.E+000,-1.));
#14726 = ORIENTED_EDGE('',*,*,#14727,.F.);
#14727 = EDGE_CURVE('',#14728,#14720,#14730,.T.);
#14728 = VERTEX_POINT('',#14729);
#14729 = CARTESIAN_POINT('',(-1.6,-0.75,5.E-002));
#14730 = LINE('',#14731,#14732);
#14731 = CARTESIAN_POINT('',(-1.6,-0.8,5.E-002));
#14732 = VECTOR('',#14733,1.);
#14733 = DIRECTION('',(0.E+000,1.,0.E+000));
#14734 = ORIENTED_EDGE('',*,*,#14735,.F.);
#14735 = EDGE_CURVE('',#14710,#14728,#14736,.T.);
#14736 = LINE('',#14737,#14738);
#14737 = CARTESIAN_POINT('',(-1.6,-0.75,1.5));
#14738 = VECTOR('',#14739,1.);
#14739 = DIRECTION('',(0.E+000,0.E+000,-1.));
#14740 = PLANE('',#14741);
#14741 = AXIS2_PLACEMENT_3D('',#14742,#14743,#14744);
#14742 = CARTESIAN_POINT('',(-1.6,-0.8,0.75));
#14743 = DIRECTION('',(1.,0.E+000,0.E+000));
#14744 = DIRECTION('',(0.E+000,0.E+000,-1.));
#14745 = ADVANCED_FACE('',(#14746),#14807,.F.);
#14746 = FACE_BOUND('',#14747,.T.);
#14747 = EDGE_LOOP('',(#14748,#14758,#14765,#14766,#14775,#14783,#14792,
    #14800));
#14748 = ORIENTED_EDGE('',*,*,#14749,.T.);
#14749 = EDGE_CURVE('',#14750,#14752,#14754,.T.);
#14750 = VERTEX_POINT('',#14751);
#14751 = CARTESIAN_POINT('',(-1.3,0.8,5.E-002));
#14752 = VERTEX_POINT('',#14753);
#14753 = CARTESIAN_POINT('',(-1.3,0.8,1.45));
#14754 = LINE('',#14755,#14756);
#14755 = CARTESIAN_POINT('',(-1.3,0.8,0.974600008));
#14756 = VECTOR('',#14757,1.);
#14757 = DIRECTION('',(0.E+000,0.E+000,1.));
#14758 = ORIENTED_EDGE('',*,*,#14759,.F.);
#14759 = EDGE_CURVE('',#14672,#14752,#14760,.T.);
#14760 = CIRCLE('',#14761,5.E-002);
#14761 = AXIS2_PLACEMENT_3D('',#14762,#14763,#14764);
#14762 = CARTESIAN_POINT('',(-1.3,0.75,1.45));
#14763 = DIRECTION('',(-1.,0.E+000,0.E+000));
#14764 = DIRECTION('',(0.E+000,0.E+000,1.));
#14765 = ORIENTED_EDGE('',*,*,#14669,.F.);
#14766 = ORIENTED_EDGE('',*,*,#14767,.F.);
#14767 = EDGE_CURVE('',#14768,#14670,#14770,.T.);
#14768 = VERTEX_POINT('',#14769);
#14769 = CARTESIAN_POINT('',(-1.3,-0.8,1.45));
#14770 = CIRCLE('',#14771,5.E-002);
#14771 = AXIS2_PLACEMENT_3D('',#14772,#14773,#14774);
#14772 = CARTESIAN_POINT('',(-1.3,-0.75,1.45));
#14773 = DIRECTION('',(-1.,0.E+000,0.E+000));
#14774 = DIRECTION('',(0.E+000,0.E+000,1.));
#14775 = ORIENTED_EDGE('',*,*,#14776,.F.);
#14776 = EDGE_CURVE('',#14777,#14768,#14779,.T.);
#14777 = VERTEX_POINT('',#14778);
#14778 = CARTESIAN_POINT('',(-1.3,-0.8,5.E-002));
#14779 = LINE('',#14780,#14781);
#14780 = CARTESIAN_POINT('',(-1.3,-0.8,0.974600008));
#14781 = VECTOR('',#14782,1.);
#14782 = DIRECTION('',(0.E+000,0.E+000,1.));
#14783 = ORIENTED_EDGE('',*,*,#14784,.F.);
#14784 = EDGE_CURVE('',#14785,#14777,#14787,.T.);
#14785 = VERTEX_POINT('',#14786);
#14786 = CARTESIAN_POINT('',(-1.3,-0.75,4.336808689942E-016));
#14787 = CIRCLE('',#14788,5.E-002);
#14788 = AXIS2_PLACEMENT_3D('',#14789,#14790,#14791);
#14789 = CARTESIAN_POINT('',(-1.3,-0.75,5.E-002));
#14790 = DIRECTION('',(-1.,0.E+000,0.E+000));
#14791 = DIRECTION('',(0.E+000,0.E+000,1.));
#14792 = ORIENTED_EDGE('',*,*,#14793,.T.);
#14793 = EDGE_CURVE('',#14785,#14794,#14796,.T.);
#14794 = VERTEX_POINT('',#14795);
#14795 = CARTESIAN_POINT('',(-1.3,0.75,4.336808689942E-016));
#14796 = LINE('',#14797,#14798);
#14797 = CARTESIAN_POINT('',(-1.3,-0.8,4.336808689942E-016));
#14798 = VECTOR('',#14799,1.);
#14799 = DIRECTION('',(0.E+000,1.,0.E+000));
#14800 = ORIENTED_EDGE('',*,*,#14801,.F.);
#14801 = EDGE_CURVE('',#14750,#14794,#14802,.T.);
#14802 = CIRCLE('',#14803,5.E-002);
#14803 = AXIS2_PLACEMENT_3D('',#14804,#14805,#14806);
#14804 = CARTESIAN_POINT('',(-1.3,0.75,5.E-002));
#14805 = DIRECTION('',(-1.,0.E+000,0.E+000));
#14806 = DIRECTION('',(0.E+000,0.E+000,1.));
#14807 = PLANE('',#14808);
#14808 = AXIS2_PLACEMENT_3D('',#14809,#14810,#14811);
#14809 = CARTESIAN_POINT('',(-1.3,-0.8,0.974600008));
#14810 = DIRECTION('',(-1.,0.E+000,0.E+000));
#14811 = DIRECTION('',(0.E+000,0.E+000,1.));
#14812 = ADVANCED_FACE('',(#14813),#14840,.T.);
#14813 = FACE_BOUND('',#14814,.T.);
#14814 = EDGE_LOOP('',(#14815,#14824,#14832,#14839));
#14815 = ORIENTED_EDGE('',*,*,#14816,.F.);
#14816 = EDGE_CURVE('',#14817,#14712,#14819,.T.);
#14817 = VERTEX_POINT('',#14818);
#14818 = CARTESIAN_POINT('',(-1.55,0.8,1.45));
#14819 = CIRCLE('',#14820,5.E-002);
#14820 = AXIS2_PLACEMENT_3D('',#14821,#14822,#14823);
#14821 = CARTESIAN_POINT('',(-1.55,0.75,1.45));
#14822 = DIRECTION('',(0.E+000,0.E+000,1.));
#14823 = DIRECTION('',(1.,0.E+000,-0.E+000));
#14824 = ORIENTED_EDGE('',*,*,#14825,.T.);
#14825 = EDGE_CURVE('',#14817,#14826,#14828,.T.);
#14826 = VERTEX_POINT('',#14827);
#14827 = CARTESIAN_POINT('',(-1.55,0.8,5.E-002));
#14828 = LINE('',#14829,#14830);
#14829 = CARTESIAN_POINT('',(-1.55,0.8,0.75));
#14830 = VECTOR('',#14831,1.);
#14831 = DIRECTION('',(0.E+000,0.E+000,-1.));
#14832 = ORIENTED_EDGE('',*,*,#14833,.F.);
#14833 = EDGE_CURVE('',#14720,#14826,#14834,.T.);
#14834 = CIRCLE('',#14835,5.E-002);
#14835 = AXIS2_PLACEMENT_3D('',#14836,#14837,#14838);
#14836 = CARTESIAN_POINT('',(-1.55,0.75,5.E-002));
#14837 = DIRECTION('',(0.E+000,0.E+000,-1.));
#14838 = DIRECTION('',(-1.,0.E+000,0.E+000));
#14839 = ORIENTED_EDGE('',*,*,#14719,.F.);
#14840 = CYLINDRICAL_SURFACE('',#14841,5.E-002);
#14841 = AXIS2_PLACEMENT_3D('',#14842,#14843,#14844);
#14842 = CARTESIAN_POINT('',(-1.55,0.75,0.75));
#14843 = DIRECTION('',(-0.E+000,-0.E+000,1.));
#14844 = DIRECTION('',(-1.,0.E+000,0.E+000));
#14845 = ADVANCED_FACE('',(#14846),#14865,.T.);
#14846 = FACE_BOUND('',#14847,.T.);
#14847 = EDGE_LOOP('',(#14848,#14857,#14864));
#14848 = ORIENTED_EDGE('',*,*,#14849,.T.);
#14849 = EDGE_CURVE('',#14826,#14850,#14852,.T.);
#14850 = VERTEX_POINT('',#14851);
#14851 = CARTESIAN_POINT('',(-1.55,0.75,0.E+000));
#14852 = CIRCLE('',#14853,5.E-002);
#14853 = AXIS2_PLACEMENT_3D('',#14854,#14855,#14856);
#14854 = CARTESIAN_POINT('',(-1.55,0.75,5.E-002));
#14855 = DIRECTION('',(-1.,0.E+000,0.E+000));
#14856 = DIRECTION('',(0.E+000,0.E+000,1.));
#14857 = ORIENTED_EDGE('',*,*,#14858,.T.);
#14858 = EDGE_CURVE('',#14850,#14720,#14859,.T.);
#14859 = CIRCLE('',#14860,5.E-002);
#14860 = AXIS2_PLACEMENT_3D('',#14861,#14862,#14863);
#14861 = CARTESIAN_POINT('',(-1.55,0.75,5.E-002));
#14862 = DIRECTION('',(0.E+000,1.,0.E+000));
#14863 = DIRECTION('',(0.E+000,-0.E+000,1.));
#14864 = ORIENTED_EDGE('',*,*,#14833,.T.);
#14865 = SPHERICAL_SURFACE('',#14866,5.E-002);
#14866 = AXIS2_PLACEMENT_3D('',#14867,#14868,#14869);
#14867 = CARTESIAN_POINT('',(-1.55,0.75,5.E-002));
#14868 = DIRECTION('',(0.E+000,0.E+000,1.));
#14869 = DIRECTION('',(1.,0.E+000,-0.E+000));
#14870 = ADVANCED_FACE('',(#14871),#14888,.T.);
#14871 = FACE_BOUND('',#14872,.T.);
#14872 = EDGE_LOOP('',(#14873,#14880,#14887));
#14873 = ORIENTED_EDGE('',*,*,#14874,.T.);
#14874 = EDGE_CURVE('',#14712,#14680,#14875,.T.);
#14875 = CIRCLE('',#14876,5.E-002);
#14876 = AXIS2_PLACEMENT_3D('',#14877,#14878,#14879);
#14877 = CARTESIAN_POINT('',(-1.55,0.75,1.45));
#14878 = DIRECTION('',(0.E+000,1.,0.E+000));
#14879 = DIRECTION('',(0.E+000,-0.E+000,1.));
#14880 = ORIENTED_EDGE('',*,*,#14881,.T.);
#14881 = EDGE_CURVE('',#14680,#14817,#14882,.T.);
#14882 = CIRCLE('',#14883,5.E-002);
#14883 = AXIS2_PLACEMENT_3D('',#14884,#14885,#14886);
#14884 = CARTESIAN_POINT('',(-1.55,0.75,1.45));
#14885 = DIRECTION('',(-1.,0.E+000,0.E+000));
#14886 = DIRECTION('',(0.E+000,0.E+000,1.));
#14887 = ORIENTED_EDGE('',*,*,#14816,.T.);
#14888 = SPHERICAL_SURFACE('',#14889,5.E-002);
#14889 = AXIS2_PLACEMENT_3D('',#14890,#14891,#14892);
#14890 = CARTESIAN_POINT('',(-1.55,0.75,1.45));
#14891 = DIRECTION('',(0.E+000,0.E+000,1.));
#14892 = DIRECTION('',(1.,0.E+000,-0.E+000));
#14893 = ADVANCED_FACE('',(#14894),#14910,.T.);
#14894 = FACE_BOUND('',#14895,.T.);
#14895 = EDGE_LOOP('',(#14896,#14897,#14903,#14904));
#14896 = ORIENTED_EDGE('',*,*,#14801,.T.);
#14897 = ORIENTED_EDGE('',*,*,#14898,.F.);
#14898 = EDGE_CURVE('',#14850,#14794,#14899,.T.);
#14899 = LINE('',#14900,#14901);
#14900 = CARTESIAN_POINT('',(-1.45,0.75,0.E+000));
#14901 = VECTOR('',#14902,1.);
#14902 = DIRECTION('',(1.,0.E+000,0.E+000));
#14903 = ORIENTED_EDGE('',*,*,#14849,.F.);
#14904 = ORIENTED_EDGE('',*,*,#14905,.T.);
#14905 = EDGE_CURVE('',#14826,#14750,#14906,.T.);
#14906 = LINE('',#14907,#14908);
#14907 = CARTESIAN_POINT('',(-0.8,0.8,5.E-002));
#14908 = VECTOR('',#14909,1.);
#14909 = DIRECTION('',(1.,0.E+000,0.E+000));
#14910 = CYLINDRICAL_SURFACE('',#14911,5.E-002);
#14911 = AXIS2_PLACEMENT_3D('',#14912,#14913,#14914);
#14912 = CARTESIAN_POINT('',(-1.45,0.75,5.E-002));
#14913 = DIRECTION('',(-1.,-0.E+000,-0.E+000));
#14914 = DIRECTION('',(0.E+000,0.E+000,-1.));
#14915 = ADVANCED_FACE('',(#14916),#14935,.T.);
#14916 = FACE_BOUND('',#14917,.T.);
#14917 = EDGE_LOOP('',(#14918,#14927,#14928,#14929));
#14918 = ORIENTED_EDGE('',*,*,#14919,.F.);
#14919 = EDGE_CURVE('',#14728,#14920,#14922,.T.);
#14920 = VERTEX_POINT('',#14921);
#14921 = CARTESIAN_POINT('',(-1.55,-0.75,0.E+000));
#14922 = CIRCLE('',#14923,5.E-002);
#14923 = AXIS2_PLACEMENT_3D('',#14924,#14925,#14926);
#14924 = CARTESIAN_POINT('',(-1.55,-0.75,5.E-002));
#14925 = DIRECTION('',(0.E+000,-1.,0.E+000));
#14926 = DIRECTION('',(0.E+000,0.E+000,-1.));
#14927 = ORIENTED_EDGE('',*,*,#14727,.T.);
#14928 = ORIENTED_EDGE('',*,*,#14858,.F.);
#14929 = ORIENTED_EDGE('',*,*,#14930,.F.);
#14930 = EDGE_CURVE('',#14920,#14850,#14931,.T.);
#14931 = LINE('',#14932,#14933);
#14932 = CARTESIAN_POINT('',(-1.55,-0.8,0.E+000));
#14933 = VECTOR('',#14934,1.);
#14934 = DIRECTION('',(0.E+000,1.,0.E+000));
#14935 = CYLINDRICAL_SURFACE('',#14936,5.E-002);
#14936 = AXIS2_PLACEMENT_3D('',#14937,#14938,#14939);
#14937 = CARTESIAN_POINT('',(-1.55,-0.8,5.E-002));
#14938 = DIRECTION('',(-0.E+000,-1.,-0.E+000));
#14939 = DIRECTION('',(0.E+000,0.E+000,1.));
#14940 = ADVANCED_FACE('',(#14941),#14953,.T.);
#14941 = FACE_BOUND('',#14942,.T.);
#14942 = EDGE_LOOP('',(#14943,#14950,#14951,#14952));
#14943 = ORIENTED_EDGE('',*,*,#14944,.F.);
#14944 = EDGE_CURVE('',#14688,#14710,#14945,.T.);
#14945 = CIRCLE('',#14946,5.E-002);
#14946 = AXIS2_PLACEMENT_3D('',#14947,#14948,#14949);
#14947 = CARTESIAN_POINT('',(-1.55,-0.75,1.45));
#14948 = DIRECTION('',(0.E+000,-1.,0.E+000));
#14949 = DIRECTION('',(0.E+000,0.E+000,-1.));
#14950 = ORIENTED_EDGE('',*,*,#14687,.T.);
#14951 = ORIENTED_EDGE('',*,*,#14874,.F.);
#14952 = ORIENTED_EDGE('',*,*,#14709,.F.);
#14953 = CYLINDRICAL_SURFACE('',#14954,5.E-002);
#14954 = AXIS2_PLACEMENT_3D('',#14955,#14956,#14957);
#14955 = CARTESIAN_POINT('',(-1.55,-0.8,1.45));
#14956 = DIRECTION('',(-0.E+000,-1.,-0.E+000));
#14957 = DIRECTION('',(0.E+000,0.E+000,1.));
#14958 = ADVANCED_FACE('',(#14959),#14970,.T.);
#14959 = FACE_BOUND('',#14960,.T.);
#14960 = EDGE_LOOP('',(#14961,#14962,#14968,#14969));
#14961 = ORIENTED_EDGE('',*,*,#14759,.T.);
#14962 = ORIENTED_EDGE('',*,*,#14963,.T.);
#14963 = EDGE_CURVE('',#14752,#14817,#14964,.T.);
#14964 = LINE('',#14965,#14966);
#14965 = CARTESIAN_POINT('',(-0.8,0.8,1.45));
#14966 = VECTOR('',#14967,1.);
#14967 = DIRECTION('',(-1.,0.E+000,-7.228014483237E-016));
#14968 = ORIENTED_EDGE('',*,*,#14881,.F.);
#14969 = ORIENTED_EDGE('',*,*,#14679,.F.);
#14970 = CYLINDRICAL_SURFACE('',#14971,5.E-002);
#14971 = AXIS2_PLACEMENT_3D('',#14972,#14973,#14974);
#14972 = CARTESIAN_POINT('',(-1.45,0.75,1.45));
#14973 = DIRECTION('',(1.,-0.E+000,7.228014483237E-016));
#14974 = DIRECTION('',(-7.228014483237E-016,0.E+000,1.));
#14975 = ADVANCED_FACE('',(#14976),#14995,.T.);
#14976 = FACE_BOUND('',#14977,.T.);
#14977 = EDGE_LOOP('',(#14978,#14987,#14994));
#14978 = ORIENTED_EDGE('',*,*,#14979,.T.);
#14979 = EDGE_CURVE('',#14920,#14980,#14982,.T.);
#14980 = VERTEX_POINT('',#14981);
#14981 = CARTESIAN_POINT('',(-1.55,-0.8,5.E-002));
#14982 = CIRCLE('',#14983,5.E-002);
#14983 = AXIS2_PLACEMENT_3D('',#14984,#14985,#14986);
#14984 = CARTESIAN_POINT('',(-1.55,-0.75,5.E-002));
#14985 = DIRECTION('',(-1.,0.E+000,0.E+000));
#14986 = DIRECTION('',(0.E+000,0.E+000,1.));
#14987 = ORIENTED_EDGE('',*,*,#14988,.T.);
#14988 = EDGE_CURVE('',#14980,#14728,#14989,.T.);
#14989 = CIRCLE('',#14990,5.E-002);
#14990 = AXIS2_PLACEMENT_3D('',#14991,#14992,#14993);
#14991 = CARTESIAN_POINT('',(-1.55,-0.75,5.E-002));
#14992 = DIRECTION('',(4.065758146821E-016,0.E+000,-1.));
#14993 = DIRECTION('',(-1.,0.E+000,-4.065758146821E-016));
#14994 = ORIENTED_EDGE('',*,*,#14919,.T.);
#14995 = SPHERICAL_SURFACE('',#14996,5.E-002);
#14996 = AXIS2_PLACEMENT_3D('',#14997,#14998,#14999);
#14997 = CARTESIAN_POINT('',(-1.55,-0.75,5.E-002));
#14998 = DIRECTION('',(0.E+000,0.E+000,1.));
#14999 = DIRECTION('',(1.,0.E+000,-0.E+000));
#15000 = ADVANCED_FACE('',(#15001),#15020,.T.);
#15001 = FACE_BOUND('',#15002,.T.);
#15002 = EDGE_LOOP('',(#15003,#15012,#15019));
#15003 = ORIENTED_EDGE('',*,*,#15004,.T.);
#15004 = EDGE_CURVE('',#14710,#15005,#15007,.T.);
#15005 = VERTEX_POINT('',#15006);
#15006 = CARTESIAN_POINT('',(-1.55,-0.8,1.45));
#15007 = CIRCLE('',#15008,5.E-002);
#15008 = AXIS2_PLACEMENT_3D('',#15009,#15010,#15011);
#15009 = CARTESIAN_POINT('',(-1.55,-0.75,1.45));
#15010 = DIRECTION('',(0.E+000,0.E+000,1.));
#15011 = DIRECTION('',(1.,0.E+000,-0.E+000));
#15012 = ORIENTED_EDGE('',*,*,#15013,.T.);
#15013 = EDGE_CURVE('',#15005,#14688,#15014,.T.);
#15014 = CIRCLE('',#15015,5.E-002);
#15015 = AXIS2_PLACEMENT_3D('',#15016,#15017,#15018);
#15016 = CARTESIAN_POINT('',(-1.55,-0.75,1.45));
#15017 = DIRECTION('',(-1.,0.E+000,0.E+000));
#15018 = DIRECTION('',(0.E+000,0.E+000,1.));
#15019 = ORIENTED_EDGE('',*,*,#14944,.T.);
#15020 = SPHERICAL_SURFACE('',#15021,5.E-002);
#15021 = AXIS2_PLACEMENT_3D('',#15022,#15023,#15024);
#15022 = CARTESIAN_POINT('',(-1.55,-0.75,1.45));
#15023 = DIRECTION('',(0.E+000,0.E+000,1.));
#15024 = DIRECTION('',(1.,0.E+000,-0.E+000));
#15025 = ADVANCED_FACE('',(#15026),#15042,.T.);
#15026 = FACE_BOUND('',#15027,.T.);
#15027 = EDGE_LOOP('',(#15028,#15029,#15035,#15036));
#15028 = ORIENTED_EDGE('',*,*,#14784,.T.);
#15029 = ORIENTED_EDGE('',*,*,#15030,.F.);
#15030 = EDGE_CURVE('',#14980,#14777,#15031,.T.);
#15031 = LINE('',#15032,#15033);
#15032 = CARTESIAN_POINT('',(-1.3,-0.8,5.E-002));
#15033 = VECTOR('',#15034,1.);
#15034 = DIRECTION('',(1.,0.E+000,0.E+000));
#15035 = ORIENTED_EDGE('',*,*,#14979,.F.);
#15036 = ORIENTED_EDGE('',*,*,#15037,.T.);
#15037 = EDGE_CURVE('',#14920,#14785,#15038,.T.);
#15038 = LINE('',#15039,#15040);
#15039 = CARTESIAN_POINT('',(-1.6,-0.75,0.E+000));
#15040 = VECTOR('',#15041,1.);
#15041 = DIRECTION('',(1.,0.E+000,0.E+000));
#15042 = CYLINDRICAL_SURFACE('',#15043,5.E-002);
#15043 = AXIS2_PLACEMENT_3D('',#15044,#15045,#15046);
#15044 = CARTESIAN_POINT('',(-0.8,-0.75,5.E-002));
#15045 = DIRECTION('',(1.,-0.E+000,-0.E+000));
#15046 = DIRECTION('',(0.E+000,0.E+000,1.));
#15047 = ADVANCED_FACE('',(#15048),#15059,.T.);
#15048 = FACE_BOUND('',#15049,.T.);
#15049 = EDGE_LOOP('',(#15050,#15051,#15057,#15058));
#15050 = ORIENTED_EDGE('',*,*,#14988,.F.);
#15051 = ORIENTED_EDGE('',*,*,#15052,.F.);
#15052 = EDGE_CURVE('',#15005,#14980,#15053,.T.);
#15053 = LINE('',#15054,#15055);
#15054 = CARTESIAN_POINT('',(-1.55,-0.8,0.E+000));
#15055 = VECTOR('',#15056,1.);
#15056 = DIRECTION('',(0.E+000,0.E+000,-1.));
#15057 = ORIENTED_EDGE('',*,*,#15004,.F.);
#15058 = ORIENTED_EDGE('',*,*,#14735,.T.);
#15059 = CYLINDRICAL_SURFACE('',#15060,5.E-002);
#15060 = AXIS2_PLACEMENT_3D('',#15061,#15062,#15063);
#15061 = CARTESIAN_POINT('',(-1.55,-0.75,0.75));
#15062 = DIRECTION('',(-0.E+000,-0.E+000,-1.));
#15063 = DIRECTION('',(1.,0.E+000,0.E+000));
#15064 = ADVANCED_FACE('',(#15065),#15076,.T.);
#15065 = FACE_BOUND('',#15066,.T.);
#15066 = EDGE_LOOP('',(#15067,#15068,#15069,#15070));
#15067 = ORIENTED_EDGE('',*,*,#14767,.T.);
#15068 = ORIENTED_EDGE('',*,*,#14695,.T.);
#15069 = ORIENTED_EDGE('',*,*,#15013,.F.);
#15070 = ORIENTED_EDGE('',*,*,#15071,.F.);
#15071 = EDGE_CURVE('',#14768,#15005,#15072,.T.);
#15072 = LINE('',#15073,#15074);
#15073 = CARTESIAN_POINT('',(-1.6,-0.8,1.45));
#15074 = VECTOR('',#15075,1.);
#15075 = DIRECTION('',(-1.,0.E+000,-7.228014483237E-016));
#15076 = CYLINDRICAL_SURFACE('',#15077,5.E-002);
#15077 = AXIS2_PLACEMENT_3D('',#15078,#15079,#15080);
#15078 = CARTESIAN_POINT('',(-0.8,-0.75,1.45));
#15079 = DIRECTION('',(-1.,-0.E+000,-7.228014483237E-016));
#15080 = DIRECTION('',(7.228014483237E-016,0.E+000,-1.));
#15081 = ADVANCED_FACE('',(#15082),#15088,.F.);
#15082 = FACE_BOUND('',#15083,.T.);
#15083 = EDGE_LOOP('',(#15084,#15085,#15086,#15087));
#15084 = ORIENTED_EDGE('',*,*,#14825,.F.);
#15085 = ORIENTED_EDGE('',*,*,#14963,.F.);
#15086 = ORIENTED_EDGE('',*,*,#14749,.F.);
#15087 = ORIENTED_EDGE('',*,*,#14905,.F.);
#15088 = PLANE('',#15089);
#15089 = AXIS2_PLACEMENT_3D('',#15090,#15091,#15092);
#15090 = CARTESIAN_POINT('',(-0.8,0.8,0.75));
#15091 = DIRECTION('',(0.E+000,-1.,0.E+000));
#15092 = DIRECTION('',(1.,0.E+000,0.E+000));
#15093 = ADVANCED_FACE('',(#15094),#15100,.T.);
#15094 = FACE_BOUND('',#15095,.T.);
#15095 = EDGE_LOOP('',(#15096,#15097,#15098,#15099));
#15096 = ORIENTED_EDGE('',*,*,#14776,.T.);
#15097 = ORIENTED_EDGE('',*,*,#15071,.T.);
#15098 = ORIENTED_EDGE('',*,*,#15052,.T.);
#15099 = ORIENTED_EDGE('',*,*,#15030,.T.);
#15100 = PLANE('',#15101);
#15101 = AXIS2_PLACEMENT_3D('',#15102,#15103,#15104);
#15102 = CARTESIAN_POINT('',(-0.8,-0.8,0.75));
#15103 = DIRECTION('',(0.E+000,-1.,0.E+000));
#15104 = DIRECTION('',(1.,0.E+000,0.E+000));
#15105 = ADVANCED_FACE('',(#15106),#15112,.F.);
#15106 = FACE_BOUND('',#15107,.T.);
#15107 = EDGE_LOOP('',(#15108,#15109,#15110,#15111));
#15108 = ORIENTED_EDGE('',*,*,#14930,.T.);
#15109 = ORIENTED_EDGE('',*,*,#14898,.T.);
#15110 = ORIENTED_EDGE('',*,*,#14793,.F.);
#15111 = ORIENTED_EDGE('',*,*,#15037,.F.);
#15112 = PLANE('',#15113);
#15113 = AXIS2_PLACEMENT_3D('',#15114,#15115,#15116);
#15114 = CARTESIAN_POINT('',(-1.45,-0.8,0.E+000));
#15115 = DIRECTION('',(0.E+000,0.E+000,1.));
#15116 = DIRECTION('',(1.,0.E+000,-0.E+000));
#15117 = ( GEOMETRIC_REPRESENTATION_CONTEXT(3) 
GLOBAL_UNCERTAINTY_ASSIGNED_CONTEXT((#15121)) 
GLOBAL_UNIT_ASSIGNED_CONTEXT((#15118,#15119,#15120)) 
REPRESENTATION_CONTEXT('Context #1',
  '3D Context with UNIT and UNCERTAINTY') );
#15118 = ( LENGTH_UNIT() NAMED_UNIT(*) SI_UNIT(.MILLI.,.METRE.) );
#15119 = ( NAMED_UNIT(*) PLANE_ANGLE_UNIT() SI_UNIT($,.RADIAN.) );
#15120 = ( NAMED_UNIT(*) SI_UNIT($,.STERADIAN.) SOLID_ANGLE_UNIT() );
#15121 = UNCERTAINTY_MEASURE_WITH_UNIT(LENGTH_MEASURE(1.E-007),#15118,
  'distance_accuracy_value','confusion accuracy');
#15122 = SHAPE_DEFINITION_REPRESENTATION(#15123,#14662);
#15123 = PRODUCT_DEFINITION_SHAPE('','',#15124);
#15124 = PRODUCT_DEFINITION('design','',#15125,#15128);
#15125 = PRODUCT_DEFINITION_FORMATION('','',#15126);
#15126 = PRODUCT('C1206_150','C1206_150','',(#15127));
#15127 = PRODUCT_CONTEXT('',#2,'mechanical');
#15128 = PRODUCT_DEFINITION_CONTEXT('part definition',#2,'design');
#15129 = CONTEXT_DEPENDENT_SHAPE_REPRESENTATION(#15130,#15132);
#15130 = ( REPRESENTATION_RELATIONSHIP('','',#14662,#13996) 
REPRESENTATION_RELATIONSHIP_WITH_TRANSFORMATION(#15131) 
SHAPE_REPRESENTATION_RELATIONSHIP() );
#15131 = ITEM_DEFINED_TRANSFORMATION('','',#11,#14005);
#15132 = PRODUCT_DEFINITION_SHAPE('Placement','Placement of an item',
  #15133);
#15133 = NEXT_ASSEMBLY_USAGE_OCCURRENCE('27','','',#13991,#15124,$);
#15134 = PRODUCT_RELATED_PRODUCT_CATEGORY('part',$,(#15126));
#15135 = CONTEXT_DEPENDENT_SHAPE_REPRESENTATION(#15136,#15138);
#15136 = ( REPRESENTATION_RELATIONSHIP('','',#13996,#10) 
REPRESENTATION_RELATIONSHIP_WITH_TRANSFORMATION(#15137) 
SHAPE_REPRESENTATION_RELATIONSHIP() );
#15137 = ITEM_DEFINED_TRANSFORMATION('','',#11,#59);
#15138 = PRODUCT_DEFINITION_SHAPE('Placement','Placement of an item',
  #15139);
#15139 = NEXT_ASSEMBLY_USAGE_OCCURRENCE('28','','',#5,#13991,$);
#15140 = PRODUCT_RELATED_PRODUCT_CATEGORY('part',$,(#13993));
#15141 = SHAPE_DEFINITION_REPRESENTATION(#15142,#15148);
#15142 = PRODUCT_DEFINITION_SHAPE('','',#15143);
#15143 = PRODUCT_DEFINITION('design','',#15144,#15147);
#15144 = PRODUCT_DEFINITION_FORMATION('','',#15145);
#15145 = PRODUCT('C2','C2','',(#15146));
#15146 = PRODUCT_CONTEXT('',#2,'mechanical');
#15147 = PRODUCT_DEFINITION_CONTEXT('part definition',#2,'design');
#15148 = SHAPE_REPRESENTATION('',(#11,#15149,#15153,#15157),#15161);
#15149 = AXIS2_PLACEMENT_3D('',#15150,#15151,#15152);
#15150 = CARTESIAN_POINT('',(25.,9.299999237061,0.E+000));
#15151 = DIRECTION('',(0.E+000,0.E+000,1.));
#15152 = DIRECTION('',(-4.371138828674E-008,1.,0.E+000));
#15153 = AXIS2_PLACEMENT_3D('',#15154,#15155,#15156);
#15154 = CARTESIAN_POINT('',(25.,9.299999237061,0.E+000));
#15155 = DIRECTION('',(0.E+000,0.E+000,1.));
#15156 = DIRECTION('',(-4.371138828674E-008,1.,0.E+000));
#15157 = AXIS2_PLACEMENT_3D('',#15158,#15159,#15160);
#15158 = CARTESIAN_POINT('',(25.,9.299999237061,0.E+000));
#15159 = DIRECTION('',(0.E+000,0.E+000,1.));
#15160 = DIRECTION('',(-4.371138828674E-008,1.,0.E+000));
#15161 = ( GEOMETRIC_REPRESENTATION_CONTEXT(3) 
GLOBAL_UNCERTAINTY_ASSIGNED_CONTEXT((#15165)) 
GLOBAL_UNIT_ASSIGNED_CONTEXT((#15162,#15163,#15164)) 
REPRESENTATION_CONTEXT('Context #1',
  '3D Context with UNIT and UNCERTAINTY') );
#15162 = ( LENGTH_UNIT() NAMED_UNIT(*) SI_UNIT(.MILLI.,.METRE.) );
#15163 = ( NAMED_UNIT(*) PLANE_ANGLE_UNIT() SI_UNIT($,.RADIAN.) );
#15164 = ( NAMED_UNIT(*) SI_UNIT($,.STERADIAN.) SOLID_ANGLE_UNIT() );
#15165 = UNCERTAINTY_MEASURE_WITH_UNIT(LENGTH_MEASURE(1.E-007),#15162,
  'distance_accuracy_value','confusion accuracy');
#15166 = CONTEXT_DEPENDENT_SHAPE_REPRESENTATION(#15167,#15169);
#15167 = ( REPRESENTATION_RELATIONSHIP('','',#14014,#15148) 
REPRESENTATION_RELATIONSHIP_WITH_TRANSFORMATION(#15168) 
SHAPE_REPRESENTATION_RELATIONSHIP() );
#15168 = ITEM_DEFINED_TRANSFORMATION('','',#11,#15149);
#15169 = PRODUCT_DEFINITION_SHAPE('Placement','Placement of an item',
  #15170);
#15170 = NEXT_ASSEMBLY_USAGE_OCCURRENCE('29','','',#15143,#14312,$);
#15171 = CONTEXT_DEPENDENT_SHAPE_REPRESENTATION(#15172,#15174);
#15172 = ( REPRESENTATION_RELATIONSHIP('','',#14323,#15148) 
REPRESENTATION_RELATIONSHIP_WITH_TRANSFORMATION(#15173) 
SHAPE_REPRESENTATION_RELATIONSHIP() );
#15173 = ITEM_DEFINED_TRANSFORMATION('','',#11,#15153);
#15174 = PRODUCT_DEFINITION_SHAPE('Placement','Placement of an item',
  #15175);
#15175 = NEXT_ASSEMBLY_USAGE_OCCURRENCE('30','','',#15143,#14651,$);
#15176 = CONTEXT_DEPENDENT_SHAPE_REPRESENTATION(#15177,#15179);
#15177 = ( REPRESENTATION_RELATIONSHIP('','',#14662,#15148) 
REPRESENTATION_RELATIONSHIP_WITH_TRANSFORMATION(#15178) 
SHAPE_REPRESENTATION_RELATIONSHIP() );
#15178 = ITEM_DEFINED_TRANSFORMATION('','',#11,#15157);
#15179 = PRODUCT_DEFINITION_SHAPE('Placement','Placement of an item',
  #15180);
#15180 = NEXT_ASSEMBLY_USAGE_OCCURRENCE('31','','',#15143,#15124,$);
#15181 = CONTEXT_DEPENDENT_SHAPE_REPRESENTATION(#15182,#15184);
#15182 = ( REPRESENTATION_RELATIONSHIP('','',#15148,#10) 
REPRESENTATION_RELATIONSHIP_WITH_TRANSFORMATION(#15183) 
SHAPE_REPRESENTATION_RELATIONSHIP() );
#15183 = ITEM_DEFINED_TRANSFORMATION('','',#11,#63);
#15184 = PRODUCT_DEFINITION_SHAPE('Placement','Placement of an item',
  #15185);
#15185 = NEXT_ASSEMBLY_USAGE_OCCURRENCE('32','','',#5,#15143,$);
#15186 = PRODUCT_RELATED_PRODUCT_CATEGORY('part',$,(#15145));
#15187 = SHAPE_DEFINITION_REPRESENTATION(#15188,#15194);
#15188 = PRODUCT_DEFINITION_SHAPE('','',#15189);
#15189 = PRODUCT_DEFINITION('design','',#15190,#15193);
#15190 = PRODUCT_DEFINITION_FORMATION('','',#15191);
#15191 = PRODUCT('C1','C1','',(#15192));
#15192 = PRODUCT_CONTEXT('',#2,'mechanical');
#15193 = PRODUCT_DEFINITION_CONTEXT('part definition',#2,'design');
#15194 = SHAPE_REPRESENTATION('',(#11,#15195),#15199);
#15195 = AXIS2_PLACEMENT_3D('',#15196,#15197,#15198);
#15196 = CARTESIAN_POINT('',(18.709625244141,7.051093578339,0.E+000));
#15197 = DIRECTION('',(-8.742277657348E-008,1.,-4.371140912996E-008));
#15198 = DIRECTION('',(-1.,-8.742277657348E-008,9.466853158302E-031));
#15199 = ( GEOMETRIC_REPRESENTATION_CONTEXT(3) 
GLOBAL_UNCERTAINTY_ASSIGNED_CONTEXT((#15203)) 
GLOBAL_UNIT_ASSIGNED_CONTEXT((#15200,#15201,#15202)) 
REPRESENTATION_CONTEXT('Context #1',
  '3D Context with UNIT and UNCERTAINTY') );
#15200 = ( LENGTH_UNIT() NAMED_UNIT(*) SI_UNIT(.MILLI.,.METRE.) );
#15201 = ( NAMED_UNIT(*) PLANE_ANGLE_UNIT() SI_UNIT($,.RADIAN.) );
#15202 = ( NAMED_UNIT(*) SI_UNIT($,.STERADIAN.) SOLID_ANGLE_UNIT() );
#15203 = UNCERTAINTY_MEASURE_WITH_UNIT(LENGTH_MEASURE(2.E-005),#15200,
  'distance_accuracy_value','confusion accuracy');
#15204 = CONTEXT_DEPENDENT_SHAPE_REPRESENTATION(#15205,#15207);
#15205 = ( REPRESENTATION_RELATIONSHIP('','',#8146,#15194) 
REPRESENTATION_RELATIONSHIP_WITH_TRANSFORMATION(#15206) 
SHAPE_REPRESENTATION_RELATIONSHIP() );
#15206 = ITEM_DEFINED_TRANSFORMATION('','',#11,#15195);
#15207 = PRODUCT_DEFINITION_SHAPE('Placement','Placement of an item',
  #15208);
#15208 = NEXT_ASSEMBLY_USAGE_OCCURRENCE('33','','',#15189,#13944,$);
#15209 = CONTEXT_DEPENDENT_SHAPE_REPRESENTATION(#15210,#15212);
#15210 = ( REPRESENTATION_RELATIONSHIP('','',#15194,#10) 
REPRESENTATION_RELATIONSHIP_WITH_TRANSFORMATION(#15211) 
SHAPE_REPRESENTATION_RELATIONSHIP() );
#15211 = ITEM_DEFINED_TRANSFORMATION('','',#11,#67);
#15212 = PRODUCT_DEFINITION_SHAPE('Placement','Placement of an item',
  #15213);
#15213 = NEXT_ASSEMBLY_USAGE_OCCURRENCE('34','','',#5,#15189,$);
#15214 = PRODUCT_RELATED_PRODUCT_CATEGORY('part',$,(#15191));
#15215 = REPRESENTATION('material name',(#15216),#1932);
#15216 = DESCRIPTIVE_REPRESENTATION_ITEM('Og\\X\\F3lny','Og\\X\\F3lny');
#15217 = DERIVED_UNIT((#15218,#15220));
#15218 = DERIVED_UNIT_ELEMENT(#15219,3.);
#15219 = ( MASS_UNIT() NAMED_UNIT(*) SI_UNIT($,.GRAM.) );
#15220 = DERIVED_UNIT_ELEMENT(#15221,2.);
#15221 = ( LENGTH_UNIT() NAMED_UNIT(*) SI_UNIT(.CENTI.,.METRE.) );
#15222 = REPRESENTATION('density',(#15223),#1932);
#15223 = MEASURE_REPRESENTATION_ITEM('density measure',
  POSITIVE_RATIO_MEASURE(1.),#15217);
#15224 = PROPERTY_DEFINITION('material property','material name',#1939);
#15225 = PROPERTY_DEFINITION_REPRESENTATION(#15224,#15215);
#15226 = PROPERTY_DEFINITION('material property','density',#1939);
#15227 = PROPERTY_DEFINITION_REPRESENTATION(#15226,#15222);
#15228 = MECHANICAL_DESIGN_GEOMETRIC_PRESENTATION_REPRESENTATION('',(
    #15229,#15237,#15244,#15252,#15259,#15266,#15274,#15281,#15288),
  #13937);
#15229 = STYLED_ITEM('color',(#15230),#8147);
#15230 = PRESENTATION_STYLE_ASSIGNMENT((#15231));
#15231 = SURFACE_STYLE_USAGE(.BOTH.,#15232);
#15232 = SURFACE_SIDE_STYLE('',(#15233));
#15233 = SURFACE_STYLE_FILL_AREA(#15234);
#15234 = FILL_AREA_STYLE('',(#15235));
#15235 = FILL_AREA_STYLE_COLOUR('',#15236);
#15236 = COLOUR_RGB('',0.627451002598,0.627451002598,0.627451002598);
#15237 = STYLED_ITEM('color',(#15238),#8297);
#15238 = PRESENTATION_STYLE_ASSIGNMENT((#15239));
#15239 = SURFACE_STYLE_USAGE(.BOTH.,#15240);
#15240 = SURFACE_SIDE_STYLE('',(#15241));
#15241 = SURFACE_STYLE_FILL_AREA(#15242);
#15242 = FILL_AREA_STYLE('',(#15243));
#15243 = FILL_AREA_STYLE_COLOUR('',#15236);
#15244 = STYLED_ITEM('color',(#15245),#8447);
#15245 = PRESENTATION_STYLE_ASSIGNMENT((#15246));
#15246 = SURFACE_STYLE_USAGE(.BOTH.,#15247);
#15247 = SURFACE_SIDE_STYLE('',(#15248));
#15248 = SURFACE_STYLE_FILL_AREA(#15249);
#15249 = FILL_AREA_STYLE('',(#15250));
#15250 = FILL_AREA_STYLE_COLOUR('',#15251);
#15251 = COLOUR_RGB('',0.172549024224,0.172549024224,0.172549024224);
#15252 = STYLED_ITEM('color',(#15253),#8597);
#15253 = PRESENTATION_STYLE_ASSIGNMENT((#15254));
#15254 = SURFACE_STYLE_USAGE(.BOTH.,#15255);
#15255 = SURFACE_SIDE_STYLE('',(#15256));
#15256 = SURFACE_STYLE_FILL_AREA(#15257);
#15257 = FILL_AREA_STYLE('',(#15258));
#15258 = FILL_AREA_STYLE_COLOUR('',#15236);
#15259 = STYLED_ITEM('color',(#15260),#9681);
#15260 = PRESENTATION_STYLE_ASSIGNMENT((#15261));
#15261 = SURFACE_STYLE_USAGE(.BOTH.,#15262);
#15262 = SURFACE_SIDE_STYLE('',(#15263));
#15263 = SURFACE_STYLE_FILL_AREA(#15264);
#15264 = FILL_AREA_STYLE('',(#15265));
#15265 = FILL_AREA_STYLE_COLOUR('',#15236);
#15266 = STYLED_ITEM('color',(#15267),#10765);
#15267 = PRESENTATION_STYLE_ASSIGNMENT((#15268));
#15268 = SURFACE_STYLE_USAGE(.BOTH.,#15269);
#15269 = SURFACE_SIDE_STYLE('',(#15270));
#15270 = SURFACE_STYLE_FILL_AREA(#15271);
#15271 = FILL_AREA_STYLE('',(#15272));
#15272 = FILL_AREA_STYLE_COLOUR('',#15273);
#15273 = COLOUR_RGB('',0.964705884457,0.964705884457,0.952941179276);
#15274 = STYLED_ITEM('color',(#15275),#11249);
#15275 = PRESENTATION_STYLE_ASSIGNMENT((#15276));
#15276 = SURFACE_STYLE_USAGE(.BOTH.,#15277);
#15277 = SURFACE_SIDE_STYLE('',(#15278));
#15278 = SURFACE_STYLE_FILL_AREA(#15279);
#15279 = FILL_AREA_STYLE('',(#15280));
#15280 = FILL_AREA_STYLE_COLOUR('',#15273);
#15281 = STYLED_ITEM('color',(#15282),#12131);
#15282 = PRESENTATION_STYLE_ASSIGNMENT((#15283));
#15283 = SURFACE_STYLE_USAGE(.BOTH.,#15284);
#15284 = SURFACE_SIDE_STYLE('',(#15285));
#15285 = SURFACE_STYLE_FILL_AREA(#15286);
#15286 = FILL_AREA_STYLE('',(#15287));
#15287 = FILL_AREA_STYLE_COLOUR('',#15273);
#15288 = STYLED_ITEM('color',(#15289),#13055);
#15289 = PRESENTATION_STYLE_ASSIGNMENT((#15290));
#15290 = SURFACE_STYLE_USAGE(.BOTH.,#15291);
#15291 = SURFACE_SIDE_STYLE('',(#15292));
#15292 = SURFACE_STYLE_FILL_AREA(#15293);
#15293 = FILL_AREA_STYLE('',(#15294));
#15294 = FILL_AREA_STYLE_COLOUR('',#15273);
#15295 = MECHANICAL_DESIGN_GEOMETRIC_PRESENTATION_REPRESENTATION('',(
    #15296),#7884);
#15296 = STYLED_ITEM('color',(#15297),#7734);
#15297 = PRESENTATION_STYLE_ASSIGNMENT((#15298,#15304));
#15298 = SURFACE_STYLE_USAGE(.BOTH.,#15299);
#15299 = SURFACE_SIDE_STYLE('',(#15300));
#15300 = SURFACE_STYLE_FILL_AREA(#15301);
#15301 = FILL_AREA_STYLE('',(#15302));
#15302 = FILL_AREA_STYLE_COLOUR('',#15303);
#15303 = COLOUR_RGB('',0.501960813999,0.501960813999,0.501960813999);
#15304 = CURVE_STYLE('',#15305,POSITIVE_LENGTH_MEASURE(0.1),#15303);
#15305 = DRAUGHTING_PRE_DEFINED_CURVE_FONT('continuous');
#15306 = MECHANICAL_DESIGN_GEOMETRIC_PRESENTATION_REPRESENTATION('',(
    #15307,#15314,#15321,#15328,#15335,#15342,#15349,#15356,#15363),
  #7591);
#15307 = STYLED_ITEM('color',(#15308),#2002);
#15308 = PRESENTATION_STYLE_ASSIGNMENT((#15309));
#15309 = SURFACE_STYLE_USAGE(.BOTH.,#15310);
#15310 = SURFACE_SIDE_STYLE('',(#15311));
#15311 = SURFACE_STYLE_FILL_AREA(#15312);
#15312 = FILL_AREA_STYLE('',(#15313));
#15313 = FILL_AREA_STYLE_COLOUR('',#15251);
#15314 = STYLED_ITEM('color',(#15315),#2152);
#15315 = PRESENTATION_STYLE_ASSIGNMENT((#15316));
#15316 = SURFACE_STYLE_USAGE(.BOTH.,#15317);
#15317 = SURFACE_SIDE_STYLE('',(#15318));
#15318 = SURFACE_STYLE_FILL_AREA(#15319);
#15319 = FILL_AREA_STYLE('',(#15320));
#15320 = FILL_AREA_STYLE_COLOUR('',#15236);
#15321 = STYLED_ITEM('color',(#15322),#2302);
#15322 = PRESENTATION_STYLE_ASSIGNMENT((#15323));
#15323 = SURFACE_STYLE_USAGE(.BOTH.,#15324);
#15324 = SURFACE_SIDE_STYLE('',(#15325));
#15325 = SURFACE_STYLE_FILL_AREA(#15326);
#15326 = FILL_AREA_STYLE('',(#15327));
#15327 = FILL_AREA_STYLE_COLOUR('',#15236);
#15328 = STYLED_ITEM('color',(#15329),#2452);
#15329 = PRESENTATION_STYLE_ASSIGNMENT((#15330));
#15330 = SURFACE_STYLE_USAGE(.BOTH.,#15331);
#15331 = SURFACE_SIDE_STYLE('',(#15332));
#15332 = SURFACE_STYLE_FILL_AREA(#15333);
#15333 = FILL_AREA_STYLE('',(#15334));
#15334 = FILL_AREA_STYLE_COLOUR('',#15236);
#15335 = STYLED_ITEM('color',(#15336),#3333);
#15336 = PRESENTATION_STYLE_ASSIGNMENT((#15337));
#15337 = SURFACE_STYLE_USAGE(.BOTH.,#15338);
#15338 = SURFACE_SIDE_STYLE('',(#15339));
#15339 = SURFACE_STYLE_FILL_AREA(#15340);
#15340 = FILL_AREA_STYLE('',(#15341));
#15341 = FILL_AREA_STYLE_COLOUR('',#15236);
#15342 = STYLED_ITEM('color',(#15343),#4214);
#15343 = PRESENTATION_STYLE_ASSIGNMENT((#15344));
#15344 = SURFACE_STYLE_USAGE(.BOTH.,#15345);
#15345 = SURFACE_SIDE_STYLE('',(#15346));
#15346 = SURFACE_STYLE_FILL_AREA(#15347);
#15347 = FILL_AREA_STYLE('',(#15348));
#15348 = FILL_AREA_STYLE_COLOUR('',#15273);
#15349 = STYLED_ITEM('color',(#15350),#5138);
#15350 = PRESENTATION_STYLE_ASSIGNMENT((#15351));
#15351 = SURFACE_STYLE_USAGE(.BOTH.,#15352);
#15352 = SURFACE_SIDE_STYLE('',(#15353));
#15353 = SURFACE_STYLE_FILL_AREA(#15354);
#15354 = FILL_AREA_STYLE('',(#15355));
#15355 = FILL_AREA_STYLE_COLOUR('',#15273);
#15356 = STYLED_ITEM('color',(#15357),#6020);
#15357 = PRESENTATION_STYLE_ASSIGNMENT((#15358));
#15358 = SURFACE_STYLE_USAGE(.BOTH.,#15359);
#15359 = SURFACE_SIDE_STYLE('',(#15360));
#15360 = SURFACE_STYLE_FILL_AREA(#15361);
#15361 = FILL_AREA_STYLE('',(#15362));
#15362 = FILL_AREA_STYLE_COLOUR('',#15273);
#15363 = STYLED_ITEM('color',(#15364),#7236);
#15364 = PRESENTATION_STYLE_ASSIGNMENT((#15365));
#15365 = SURFACE_STYLE_USAGE(.BOTH.,#15366);
#15366 = SURFACE_SIDE_STYLE('',(#15367));
#15367 = SURFACE_STYLE_FILL_AREA(#15368);
#15368 = FILL_AREA_STYLE('',(#15369));
#15369 = FILL_AREA_STYLE_COLOUR('',#15273);
#15370 = MECHANICAL_DESIGN_GEOMETRIC_PRESENTATION_REPRESENTATION('',(
    #15371,#15379,#15386,#15393,#15400,#15407,#15414,#15421,#15428,
    #15435),#14305);
#15371 = STYLED_ITEM('color',(#15372),#14017);
#15372 = PRESENTATION_STYLE_ASSIGNMENT((#15373));
#15373 = SURFACE_STYLE_USAGE(.BOTH.,#15374);
#15374 = SURFACE_SIDE_STYLE('',(#15375));
#15375 = SURFACE_STYLE_FILL_AREA(#15376);
#15376 = FILL_AREA_STYLE('',(#15377));
#15377 = FILL_AREA_STYLE_COLOUR('',#15378);
#15378 = COLOUR_RGB('',0.909803926945,0.572549045086,0.164705887437);
#15379 = STYLED_ITEM('color',(#15380),#14059);
#15380 = PRESENTATION_STYLE_ASSIGNMENT((#15381));
#15381 = SURFACE_STYLE_USAGE(.BOTH.,#15382);
#15382 = SURFACE_SIDE_STYLE('',(#15383));
#15383 = SURFACE_STYLE_FILL_AREA(#15384);
#15384 = FILL_AREA_STYLE('',(#15385));
#15385 = FILL_AREA_STYLE_COLOUR('',#15378);
#15386 = STYLED_ITEM('color',(#15387),#14101);
#15387 = PRESENTATION_STYLE_ASSIGNMENT((#15388));
#15388 = SURFACE_STYLE_USAGE(.BOTH.,#15389);
#15389 = SURFACE_SIDE_STYLE('',(#15390));
#15390 = SURFACE_STYLE_FILL_AREA(#15391);
#15391 = FILL_AREA_STYLE('',(#15392));
#15392 = FILL_AREA_STYLE_COLOUR('',#15378);
#15393 = STYLED_ITEM('color',(#15394),#14143);
#15394 = PRESENTATION_STYLE_ASSIGNMENT((#15395));
#15395 = SURFACE_STYLE_USAGE(.BOTH.,#15396);
#15396 = SURFACE_SIDE_STYLE('',(#15397));
#15397 = SURFACE_STYLE_FILL_AREA(#15398);
#15398 = FILL_AREA_STYLE('',(#15399));
#15399 = FILL_AREA_STYLE_COLOUR('',#15378);
#15400 = STYLED_ITEM('color',(#15401),#14185);
#15401 = PRESENTATION_STYLE_ASSIGNMENT((#15402));
#15402 = SURFACE_STYLE_USAGE(.BOTH.,#15403);
#15403 = SURFACE_SIDE_STYLE('',(#15404));
#15404 = SURFACE_STYLE_FILL_AREA(#15405);
#15405 = FILL_AREA_STYLE('',(#15406));
#15406 = FILL_AREA_STYLE_COLOUR('',#15378);
#15407 = STYLED_ITEM('color',(#15408),#14207);
#15408 = PRESENTATION_STYLE_ASSIGNMENT((#15409));
#15409 = SURFACE_STYLE_USAGE(.BOTH.,#15410);
#15410 = SURFACE_SIDE_STYLE('',(#15411));
#15411 = SURFACE_STYLE_FILL_AREA(#15412);
#15412 = FILL_AREA_STYLE('',(#15413));
#15413 = FILL_AREA_STYLE_COLOUR('',#15378);
#15414 = STYLED_ITEM('color',(#15415),#14229);
#15415 = PRESENTATION_STYLE_ASSIGNMENT((#15416));
#15416 = SURFACE_STYLE_USAGE(.BOTH.,#15417);
#15417 = SURFACE_SIDE_STYLE('',(#15418));
#15418 = SURFACE_STYLE_FILL_AREA(#15419);
#15419 = FILL_AREA_STYLE('',(#15420));
#15420 = FILL_AREA_STYLE_COLOUR('',#15378);
#15421 = STYLED_ITEM('color',(#15422),#14251);
#15422 = PRESENTATION_STYLE_ASSIGNMENT((#15423));
#15423 = SURFACE_STYLE_USAGE(.BOTH.,#15424);
#15424 = SURFACE_SIDE_STYLE('',(#15425));
#15425 = SURFACE_STYLE_FILL_AREA(#15426);
#15426 = FILL_AREA_STYLE('',(#15427));
#15427 = FILL_AREA_STYLE_COLOUR('',#15378);
#15428 = STYLED_ITEM('color',(#15429),#14273);
#15429 = PRESENTATION_STYLE_ASSIGNMENT((#15430));
#15430 = SURFACE_STYLE_USAGE(.BOTH.,#15431);
#15431 = SURFACE_SIDE_STYLE('',(#15432));
#15432 = SURFACE_STYLE_FILL_AREA(#15433);
#15433 = FILL_AREA_STYLE('',(#15434));
#15434 = FILL_AREA_STYLE_COLOUR('',#15378);
#15435 = STYLED_ITEM('color',(#15436),#14289);
#15436 = PRESENTATION_STYLE_ASSIGNMENT((#15437));
#15437 = SURFACE_STYLE_USAGE(.BOTH.,#15438);
#15438 = SURFACE_SIDE_STYLE('',(#15439));
#15439 = SURFACE_STYLE_FILL_AREA(#15440);
#15440 = FILL_AREA_STYLE('',(#15441));
#15441 = FILL_AREA_STYLE_COLOUR('',#15378);
#15442 = MECHANICAL_DESIGN_GEOMETRIC_PRESENTATION_REPRESENTATION('',(
    #15443),#596);
#15443 = STYLED_ITEM('color',(#15444),#95);
#15444 = PRESENTATION_STYLE_ASSIGNMENT((#15445,#15451));
#15445 = SURFACE_STYLE_USAGE(.BOTH.,#15446);
#15446 = SURFACE_SIDE_STYLE('',(#15447));
#15447 = SURFACE_STYLE_FILL_AREA(#15448);
#15448 = FILL_AREA_STYLE('',(#15449));
#15449 = FILL_AREA_STYLE_COLOUR('',#15450);
#15450 = COLOUR_RGB('',0.141176477075,0.470588237047,0.196078434587);
#15451 = CURVE_STYLE('',#15452,POSITIVE_LENGTH_MEASURE(0.1),#15450);
#15452 = DRAUGHTING_PRE_DEFINED_CURVE_FONT('continuous');
#15453 = MECHANICAL_DESIGN_GEOMETRIC_PRESENTATION_REPRESENTATION('',(
    #15454,#15462,#15470,#15477,#15485,#15492,#15499,#15506,#15513,
    #15521,#15528,#15535,#15542,#15549,#15556,#15563,#15570,#15577,
    #15584,#15591,#15598,#15605,#15612,#15619,#15626,#15633,#15640,
    #15647,#15654,#15661,#15668,#15675,#15682,#15689,#15696,#15703,
    #15710,#15717),#1932);
#15454 = STYLED_ITEM('color',(#15455),#638);
#15455 = PRESENTATION_STYLE_ASSIGNMENT((#15456));
#15456 = SURFACE_STYLE_USAGE(.BOTH.,#15457);
#15457 = SURFACE_SIDE_STYLE('',(#15458));
#15458 = SURFACE_STYLE_FILL_AREA(#15459);
#15459 = FILL_AREA_STYLE('',(#15460));
#15460 = FILL_AREA_STYLE_COLOUR('',#15461);
#15461 = COLOUR_RGB('',0.749019622803,0.749019622803,0.749019622803);
#15462 = OVER_RIDING_STYLED_ITEM('overriding color',(#15463),#640,#15454
  );
#15463 = PRESENTATION_STYLE_ASSIGNMENT((#15464));
#15464 = SURFACE_STYLE_USAGE(.BOTH.,#15465);
#15465 = SURFACE_SIDE_STYLE('',(#15466));
#15466 = SURFACE_STYLE_FILL_AREA(#15467);
#15467 = FILL_AREA_STYLE('',(#15468));
#15468 = FILL_AREA_STYLE_COLOUR('',#15469);
#15469 = COLOUR_RGB('',0.960784316063,0.960784316063,0.960784316063);
#15470 = OVER_RIDING_STYLED_ITEM('overriding color',(#15471),#680,#15454
  );
#15471 = PRESENTATION_STYLE_ASSIGNMENT((#15472));
#15472 = SURFACE_STYLE_USAGE(.BOTH.,#15473);
#15473 = SURFACE_SIDE_STYLE('',(#15474));
#15474 = SURFACE_STYLE_FILL_AREA(#15475);
#15475 = FILL_AREA_STYLE('',(#15476));
#15476 = FILL_AREA_STYLE_COLOUR('',#15469);
#15477 = OVER_RIDING_STYLED_ITEM('overriding color',(#15478),#873,#15454
  );
#15478 = PRESENTATION_STYLE_ASSIGNMENT((#15479));
#15479 = SURFACE_STYLE_USAGE(.BOTH.,#15480);
#15480 = SURFACE_SIDE_STYLE('',(#15481));
#15481 = SURFACE_STYLE_FILL_AREA(#15482);
#15482 = FILL_AREA_STYLE('',(#15483));
#15483 = FILL_AREA_STYLE_COLOUR('',#15484);
#15484 = COLOUR_RGB('',1.960784383118E-002,1.960784383118E-002,
  1.960784383118E-002);
#15485 = OVER_RIDING_STYLED_ITEM('overriding color',(#15486),#904,#15454
  );
#15486 = PRESENTATION_STYLE_ASSIGNMENT((#15487));
#15487 = SURFACE_STYLE_USAGE(.BOTH.,#15488);
#15488 = SURFACE_SIDE_STYLE('',(#15489));
#15489 = SURFACE_STYLE_FILL_AREA(#15490);
#15490 = FILL_AREA_STYLE('',(#15491));
#15491 = FILL_AREA_STYLE_COLOUR('',#15484);
#15492 = OVER_RIDING_STYLED_ITEM('overriding color',(#15493),#935,#15454
  );
#15493 = PRESENTATION_STYLE_ASSIGNMENT((#15494));
#15494 = SURFACE_STYLE_USAGE(.BOTH.,#15495);
#15495 = SURFACE_SIDE_STYLE('',(#15496));
#15496 = SURFACE_STYLE_FILL_AREA(#15497);
#15497 = FILL_AREA_STYLE('',(#15498));
#15498 = FILL_AREA_STYLE_COLOUR('',#15484);
#15499 = OVER_RIDING_STYLED_ITEM('overriding color',(#15500),#952,#15454
  );
#15500 = PRESENTATION_STYLE_ASSIGNMENT((#15501));
#15501 = SURFACE_STYLE_USAGE(.BOTH.,#15502);
#15502 = SURFACE_SIDE_STYLE('',(#15503));
#15503 = SURFACE_STYLE_FILL_AREA(#15504);
#15504 = FILL_AREA_STYLE('',(#15505));
#15505 = FILL_AREA_STYLE_COLOUR('',#15484);
#15506 = OVER_RIDING_STYLED_ITEM('overriding color',(#15507),#969,#15454
  );
#15507 = PRESENTATION_STYLE_ASSIGNMENT((#15508));
#15508 = SURFACE_STYLE_USAGE(.BOTH.,#15509);
#15509 = SURFACE_SIDE_STYLE('',(#15510));
#15510 = SURFACE_STYLE_FILL_AREA(#15511);
#15511 = FILL_AREA_STYLE('',(#15512));
#15512 = FILL_AREA_STYLE_COLOUR('',#15484);
#15513 = OVER_RIDING_STYLED_ITEM('overriding color',(#15514),#981,#15454
  );
#15514 = PRESENTATION_STYLE_ASSIGNMENT((#15515));
#15515 = SURFACE_STYLE_USAGE(.BOTH.,#15516);
#15516 = SURFACE_SIDE_STYLE('',(#15517));
#15517 = SURFACE_STYLE_FILL_AREA(#15518);
#15518 = FILL_AREA_STYLE('',(#15519));
#15519 = FILL_AREA_STYLE_COLOUR('',#15520);
#15520 = COLOUR_RGB('',1.,0.996078431606,0.964705884457);
#15521 = OVER_RIDING_STYLED_ITEM('overriding color',(#15522),#1012,
  #15454);
#15522 = PRESENTATION_STYLE_ASSIGNMENT((#15523));
#15523 = SURFACE_STYLE_USAGE(.BOTH.,#15524);
#15524 = SURFACE_SIDE_STYLE('',(#15525));
#15525 = SURFACE_STYLE_FILL_AREA(#15526);
#15526 = FILL_AREA_STYLE('',(#15527));
#15527 = FILL_AREA_STYLE_COLOUR('',#15520);
#15528 = OVER_RIDING_STYLED_ITEM('overriding color',(#15529),#1036,
  #15454);
#15529 = PRESENTATION_STYLE_ASSIGNMENT((#15530));
#15530 = SURFACE_STYLE_USAGE(.BOTH.,#15531);
#15531 = SURFACE_SIDE_STYLE('',(#15532));
#15532 = SURFACE_STYLE_FILL_AREA(#15533);
#15533 = FILL_AREA_STYLE('',(#15534));
#15534 = FILL_AREA_STYLE_COLOUR('',#15520);
#15535 = OVER_RIDING_STYLED_ITEM('overriding color',(#15536),#1126,
  #15454);
#15536 = PRESENTATION_STYLE_ASSIGNMENT((#15537));
#15537 = SURFACE_STYLE_USAGE(.BOTH.,#15538);
#15538 = SURFACE_SIDE_STYLE('',(#15539));
#15539 = SURFACE_STYLE_FILL_AREA(#15540);
#15540 = FILL_AREA_STYLE('',(#15541));
#15541 = FILL_AREA_STYLE_COLOUR('',#15520);
#15542 = OVER_RIDING_STYLED_ITEM('overriding color',(#15543),#1209,
  #15454);
#15543 = PRESENTATION_STYLE_ASSIGNMENT((#15544));
#15544 = SURFACE_STYLE_USAGE(.BOTH.,#15545);
#15545 = SURFACE_SIDE_STYLE('',(#15546));
#15546 = SURFACE_STYLE_FILL_AREA(#15547);
#15547 = FILL_AREA_STYLE('',(#15548));
#15548 = FILL_AREA_STYLE_COLOUR('',#15520);
#15549 = OVER_RIDING_STYLED_ITEM('overriding color',(#15550),#1241,
  #15454);
#15550 = PRESENTATION_STYLE_ASSIGNMENT((#15551));
#15551 = SURFACE_STYLE_USAGE(.BOTH.,#15552);
#15552 = SURFACE_SIDE_STYLE('',(#15553));
#15553 = SURFACE_STYLE_FILL_AREA(#15554);
#15554 = FILL_AREA_STYLE('',(#15555));
#15555 = FILL_AREA_STYLE_COLOUR('',#15520);
#15556 = OVER_RIDING_STYLED_ITEM('overriding color',(#15557),#1297,
  #15454);
#15557 = PRESENTATION_STYLE_ASSIGNMENT((#15558));
#15558 = SURFACE_STYLE_USAGE(.BOTH.,#15559);
#15559 = SURFACE_SIDE_STYLE('',(#15560));
#15560 = SURFACE_STYLE_FILL_AREA(#15561);
#15561 = FILL_AREA_STYLE('',(#15562));
#15562 = FILL_AREA_STYLE_COLOUR('',#15520);
#15563 = OVER_RIDING_STYLED_ITEM('overriding color',(#15564),#1314,
  #15454);
#15564 = PRESENTATION_STYLE_ASSIGNMENT((#15565));
#15565 = SURFACE_STYLE_USAGE(.BOTH.,#15566);
#15566 = SURFACE_SIDE_STYLE('',(#15567));
#15567 = SURFACE_STYLE_FILL_AREA(#15568);
#15568 = FILL_AREA_STYLE('',(#15569));
#15569 = FILL_AREA_STYLE_COLOUR('',#15520);
#15570 = OVER_RIDING_STYLED_ITEM('overriding color',(#15571),#1331,
  #15454);
#15571 = PRESENTATION_STYLE_ASSIGNMENT((#15572));
#15572 = SURFACE_STYLE_USAGE(.BOTH.,#15573);
#15573 = SURFACE_SIDE_STYLE('',(#15574));
#15574 = SURFACE_STYLE_FILL_AREA(#15575);
#15575 = FILL_AREA_STYLE('',(#15576));
#15576 = FILL_AREA_STYLE_COLOUR('',#15520);
#15577 = OVER_RIDING_STYLED_ITEM('overriding color',(#15578),#1348,
  #15454);
#15578 = PRESENTATION_STYLE_ASSIGNMENT((#15579));
#15579 = SURFACE_STYLE_USAGE(.BOTH.,#15580);
#15580 = SURFACE_SIDE_STYLE('',(#15581));
#15581 = SURFACE_STYLE_FILL_AREA(#15582);
#15582 = FILL_AREA_STYLE('',(#15583));
#15583 = FILL_AREA_STYLE_COLOUR('',#15520);
#15584 = OVER_RIDING_STYLED_ITEM('overriding color',(#15585),#1365,
  #15454);
#15585 = PRESENTATION_STYLE_ASSIGNMENT((#15586));
#15586 = SURFACE_STYLE_USAGE(.BOTH.,#15587);
#15587 = SURFACE_SIDE_STYLE('',(#15588));
#15588 = SURFACE_STYLE_FILL_AREA(#15589);
#15589 = FILL_AREA_STYLE('',(#15590));
#15590 = FILL_AREA_STYLE_COLOUR('',#15520);
#15591 = OVER_RIDING_STYLED_ITEM('overriding color',(#15592),#1382,
  #15454);
#15592 = PRESENTATION_STYLE_ASSIGNMENT((#15593));
#15593 = SURFACE_STYLE_USAGE(.BOTH.,#15594);
#15594 = SURFACE_SIDE_STYLE('',(#15595));
#15595 = SURFACE_STYLE_FILL_AREA(#15596);
#15596 = FILL_AREA_STYLE('',(#15597));
#15597 = FILL_AREA_STYLE_COLOUR('',#15520);
#15598 = OVER_RIDING_STYLED_ITEM('overriding color',(#15599),#1450,
  #15454);
#15599 = PRESENTATION_STYLE_ASSIGNMENT((#15600));
#15600 = SURFACE_STYLE_USAGE(.BOTH.,#15601);
#15601 = SURFACE_SIDE_STYLE('',(#15602));
#15602 = SURFACE_STYLE_FILL_AREA(#15603);
#15603 = FILL_AREA_STYLE('',(#15604));
#15604 = FILL_AREA_STYLE_COLOUR('',#15520);
#15605 = OVER_RIDING_STYLED_ITEM('overriding color',(#15606),#1581,
  #15454);
#15606 = PRESENTATION_STYLE_ASSIGNMENT((#15607));
#15607 = SURFACE_STYLE_USAGE(.BOTH.,#15608);
#15608 = SURFACE_SIDE_STYLE('',(#15609));
#15609 = SURFACE_STYLE_FILL_AREA(#15610);
#15610 = FILL_AREA_STYLE('',(#15611));
#15611 = FILL_AREA_STYLE_COLOUR('',#15469);
#15612 = OVER_RIDING_STYLED_ITEM('overriding color',(#15613),#1657,
  #15454);
#15613 = PRESENTATION_STYLE_ASSIGNMENT((#15614));
#15614 = SURFACE_STYLE_USAGE(.BOTH.,#15615);
#15615 = SURFACE_SIDE_STYLE('',(#15616));
#15616 = SURFACE_STYLE_FILL_AREA(#15617);
#15617 = FILL_AREA_STYLE('',(#15618));
#15618 = FILL_AREA_STYLE_COLOUR('',#15469);
#15619 = OVER_RIDING_STYLED_ITEM('overriding color',(#15620),#1669,
  #15454);
#15620 = PRESENTATION_STYLE_ASSIGNMENT((#15621));
#15621 = SURFACE_STYLE_USAGE(.BOTH.,#15622);
#15622 = SURFACE_SIDE_STYLE('',(#15623));
#15623 = SURFACE_STYLE_FILL_AREA(#15624);
#15624 = FILL_AREA_STYLE('',(#15625));
#15625 = FILL_AREA_STYLE_COLOUR('',#15520);
#15626 = OVER_RIDING_STYLED_ITEM('overriding color',(#15627),#1686,
  #15454);
#15627 = PRESENTATION_STYLE_ASSIGNMENT((#15628));
#15628 = SURFACE_STYLE_USAGE(.BOTH.,#15629);
#15629 = SURFACE_SIDE_STYLE('',(#15630));
#15630 = SURFACE_STYLE_FILL_AREA(#15631);
#15631 = FILL_AREA_STYLE('',(#15632));
#15632 = FILL_AREA_STYLE_COLOUR('',#15520);
#15633 = OVER_RIDING_STYLED_ITEM('overriding color',(#15634),#1703,
  #15454);
#15634 = PRESENTATION_STYLE_ASSIGNMENT((#15635));
#15635 = SURFACE_STYLE_USAGE(.BOTH.,#15636);
#15636 = SURFACE_SIDE_STYLE('',(#15637));
#15637 = SURFACE_STYLE_FILL_AREA(#15638);
#15638 = FILL_AREA_STYLE('',(#15639));
#15639 = FILL_AREA_STYLE_COLOUR('',#15520);
#15640 = OVER_RIDING_STYLED_ITEM('overriding color',(#15641),#1720,
  #15454);
#15641 = PRESENTATION_STYLE_ASSIGNMENT((#15642));
#15642 = SURFACE_STYLE_USAGE(.BOTH.,#15643);
#15643 = SURFACE_SIDE_STYLE('',(#15644));
#15644 = SURFACE_STYLE_FILL_AREA(#15645);
#15645 = FILL_AREA_STYLE('',(#15646));
#15646 = FILL_AREA_STYLE_COLOUR('',#15520);
#15647 = OVER_RIDING_STYLED_ITEM('overriding color',(#15648),#1737,
  #15454);
#15648 = PRESENTATION_STYLE_ASSIGNMENT((#15649));
#15649 = SURFACE_STYLE_USAGE(.BOTH.,#15650);
#15650 = SURFACE_SIDE_STYLE('',(#15651));
#15651 = SURFACE_STYLE_FILL_AREA(#15652);
#15652 = FILL_AREA_STYLE('',(#15653));
#15653 = FILL_AREA_STYLE_COLOUR('',#15520);
#15654 = OVER_RIDING_STYLED_ITEM('overriding color',(#15655),#1749,
  #15454);
#15655 = PRESENTATION_STYLE_ASSIGNMENT((#15656));
#15656 = SURFACE_STYLE_USAGE(.BOTH.,#15657);
#15657 = SURFACE_SIDE_STYLE('',(#15658));
#15658 = SURFACE_STYLE_FILL_AREA(#15659);
#15659 = FILL_AREA_STYLE('',(#15660));
#15660 = FILL_AREA_STYLE_COLOUR('',#15520);
#15661 = OVER_RIDING_STYLED_ITEM('overriding color',(#15662),#1766,
  #15454);
#15662 = PRESENTATION_STYLE_ASSIGNMENT((#15663));
#15663 = SURFACE_STYLE_USAGE(.BOTH.,#15664);
#15664 = SURFACE_SIDE_STYLE('',(#15665));
#15665 = SURFACE_STYLE_FILL_AREA(#15666);
#15666 = FILL_AREA_STYLE('',(#15667));
#15667 = FILL_AREA_STYLE_COLOUR('',#15520);
#15668 = OVER_RIDING_STYLED_ITEM('overriding color',(#15669),#1783,
  #15454);
#15669 = PRESENTATION_STYLE_ASSIGNMENT((#15670));
#15670 = SURFACE_STYLE_USAGE(.BOTH.,#15671);
#15671 = SURFACE_SIDE_STYLE('',(#15672));
#15672 = SURFACE_STYLE_FILL_AREA(#15673);
#15673 = FILL_AREA_STYLE('',(#15674));
#15674 = FILL_AREA_STYLE_COLOUR('',#15520);
#15675 = OVER_RIDING_STYLED_ITEM('overriding color',(#15676),#1800,
  #15454);
#15676 = PRESENTATION_STYLE_ASSIGNMENT((#15677));
#15677 = SURFACE_STYLE_USAGE(.BOTH.,#15678);
#15678 = SURFACE_SIDE_STYLE('',(#15679));
#15679 = SURFACE_STYLE_FILL_AREA(#15680);
#15680 = FILL_AREA_STYLE('',(#15681));
#15681 = FILL_AREA_STYLE_COLOUR('',#15520);
#15682 = OVER_RIDING_STYLED_ITEM('overriding color',(#15683),#1817,
  #15454);
#15683 = PRESENTATION_STYLE_ASSIGNMENT((#15684));
#15684 = SURFACE_STYLE_USAGE(.BOTH.,#15685);
#15685 = SURFACE_SIDE_STYLE('',(#15686));
#15686 = SURFACE_STYLE_FILL_AREA(#15687);
#15687 = FILL_AREA_STYLE('',(#15688));
#15688 = FILL_AREA_STYLE_COLOUR('',#15520);
#15689 = OVER_RIDING_STYLED_ITEM('overriding color',(#15690),#1834,
  #15454);
#15690 = PRESENTATION_STYLE_ASSIGNMENT((#15691));
#15691 = SURFACE_STYLE_USAGE(.BOTH.,#15692);
#15692 = SURFACE_SIDE_STYLE('',(#15693));
#15693 = SURFACE_STYLE_FILL_AREA(#15694);
#15694 = FILL_AREA_STYLE('',(#15695));
#15695 = FILL_AREA_STYLE_COLOUR('',#15520);
#15696 = OVER_RIDING_STYLED_ITEM('overriding color',(#15697),#1851,
  #15454);
#15697 = PRESENTATION_STYLE_ASSIGNMENT((#15698));
#15698 = SURFACE_STYLE_USAGE(.BOTH.,#15699);
#15699 = SURFACE_SIDE_STYLE('',(#15700));
#15700 = SURFACE_STYLE_FILL_AREA(#15701);
#15701 = FILL_AREA_STYLE('',(#15702));
#15702 = FILL_AREA_STYLE_COLOUR('',#15520);
#15703 = OVER_RIDING_STYLED_ITEM('overriding color',(#15704),#1886,
  #15454);
#15704 = PRESENTATION_STYLE_ASSIGNMENT((#15705));
#15705 = SURFACE_STYLE_USAGE(.BOTH.,#15706);
#15706 = SURFACE_SIDE_STYLE('',(#15707));
#15707 = SURFACE_STYLE_FILL_AREA(#15708);
#15708 = FILL_AREA_STYLE('',(#15709));
#15709 = FILL_AREA_STYLE_COLOUR('',#15520);
#15710 = OVER_RIDING_STYLED_ITEM('overriding color',(#15711),#1903,
  #15454);
#15711 = PRESENTATION_STYLE_ASSIGNMENT((#15712));
#15712 = SURFACE_STYLE_USAGE(.BOTH.,#15713);
#15713 = SURFACE_SIDE_STYLE('',(#15714));
#15714 = SURFACE_STYLE_FILL_AREA(#15715);
#15715 = FILL_AREA_STYLE('',(#15716));
#15716 = FILL_AREA_STYLE_COLOUR('',#15520);
#15717 = OVER_RIDING_STYLED_ITEM('overriding color',(#15718),#1920,
  #15454);
#15718 = PRESENTATION_STYLE_ASSIGNMENT((#15719));
#15719 = SURFACE_STYLE_USAGE(.BOTH.,#15720);
#15720 = SURFACE_SIDE_STYLE('',(#15721));
#15721 = SURFACE_STYLE_FILL_AREA(#15722);
#15722 = FILL_AREA_STYLE('',(#15723));
#15723 = FILL_AREA_STYLE_COLOUR('',#15520);
#15724 = MECHANICAL_DESIGN_GEOMETRIC_PRESENTATION_REPRESENTATION('',(
    #15725,#15733,#15740,#15747,#15754,#15761,#15768,#15775,#15782,
    #15789,#15796,#15803),#14644);
#15725 = STYLED_ITEM('color',(#15726),#14326);
#15726 = PRESENTATION_STYLE_ASSIGNMENT((#15727));
#15727 = SURFACE_STYLE_USAGE(.BOTH.,#15728);
#15728 = SURFACE_SIDE_STYLE('',(#15729));
#15729 = SURFACE_STYLE_FILL_AREA(#15730);
#15730 = FILL_AREA_STYLE('',(#15731));
#15731 = FILL_AREA_STYLE_COLOUR('',#15732);
#15732 = COLOUR_RGB('',0.800000011921,0.800000011921,0.800000011921);
#15733 = STYLED_ITEM('color',(#15734),#14366);
#15734 = PRESENTATION_STYLE_ASSIGNMENT((#15735));
#15735 = SURFACE_STYLE_USAGE(.BOTH.,#15736);
#15736 = SURFACE_SIDE_STYLE('',(#15737));
#15737 = SURFACE_STYLE_FILL_AREA(#15738);
#15738 = FILL_AREA_STYLE('',(#15739));
#15739 = FILL_AREA_STYLE_COLOUR('',#15732);
#15740 = STYLED_ITEM('color',(#15741),#14406);
#15741 = PRESENTATION_STYLE_ASSIGNMENT((#15742));
#15742 = SURFACE_STYLE_USAGE(.BOTH.,#15743);
#15743 = SURFACE_SIDE_STYLE('',(#15744));
#15744 = SURFACE_STYLE_FILL_AREA(#15745);
#15745 = FILL_AREA_STYLE('',(#15746));
#15746 = FILL_AREA_STYLE_COLOUR('',#15732);
#15747 = STYLED_ITEM('color',(#15748),#14446);
#15748 = PRESENTATION_STYLE_ASSIGNMENT((#15749));
#15749 = SURFACE_STYLE_USAGE(.BOTH.,#15750);
#15750 = SURFACE_SIDE_STYLE('',(#15751));
#15751 = SURFACE_STYLE_FILL_AREA(#15752);
#15752 = FILL_AREA_STYLE('',(#15753));
#15753 = FILL_AREA_STYLE_COLOUR('',#15732);
#15754 = STYLED_ITEM('color',(#15755),#14495);
#15755 = PRESENTATION_STYLE_ASSIGNMENT((#15756));
#15756 = SURFACE_STYLE_USAGE(.BOTH.,#15757);
#15757 = SURFACE_SIDE_STYLE('',(#15758));
#15758 = SURFACE_STYLE_FILL_AREA(#15759);
#15759 = FILL_AREA_STYLE('',(#15760));
#15760 = FILL_AREA_STYLE_COLOUR('',#15732);
#15761 = STYLED_ITEM('color',(#15762),#14526);
#15762 = PRESENTATION_STYLE_ASSIGNMENT((#15763));
#15763 = SURFACE_STYLE_USAGE(.BOTH.,#15764);
#15764 = SURFACE_SIDE_STYLE('',(#15765));
#15765 = SURFACE_STYLE_FILL_AREA(#15766);
#15766 = FILL_AREA_STYLE('',(#15767));
#15767 = FILL_AREA_STYLE_COLOUR('',#15732);
#15768 = STYLED_ITEM('color',(#15769),#14555);
#15769 = PRESENTATION_STYLE_ASSIGNMENT((#15770));
#15770 = SURFACE_STYLE_USAGE(.BOTH.,#15771);
#15771 = SURFACE_SIDE_STYLE('',(#15772));
#15772 = SURFACE_STYLE_FILL_AREA(#15773);
#15773 = FILL_AREA_STYLE('',(#15774));
#15774 = FILL_AREA_STYLE_COLOUR('',#15732);
#15775 = STYLED_ITEM('color',(#15776),#14567);
#15776 = PRESENTATION_STYLE_ASSIGNMENT((#15777));
#15777 = SURFACE_STYLE_USAGE(.BOTH.,#15778);
#15778 = SURFACE_SIDE_STYLE('',(#15779));
#15779 = SURFACE_STYLE_FILL_AREA(#15780);
#15780 = FILL_AREA_STYLE('',(#15781));
#15781 = FILL_AREA_STYLE_COLOUR('',#15732);
#15782 = STYLED_ITEM('color',(#15783),#14579);
#15783 = PRESENTATION_STYLE_ASSIGNMENT((#15784));
#15784 = SURFACE_STYLE_USAGE(.BOTH.,#15785);
#15785 = SURFACE_SIDE_STYLE('',(#15786));
#15786 = SURFACE_STYLE_FILL_AREA(#15787);
#15787 = FILL_AREA_STYLE('',(#15788));
#15788 = FILL_AREA_STYLE_COLOUR('',#15732);
#15789 = STYLED_ITEM('color',(#15790),#14608);
#15790 = PRESENTATION_STYLE_ASSIGNMENT((#15791));
#15791 = SURFACE_STYLE_USAGE(.BOTH.,#15792);
#15792 = SURFACE_SIDE_STYLE('',(#15793));
#15793 = SURFACE_STYLE_FILL_AREA(#15794);
#15794 = FILL_AREA_STYLE('',(#15795));
#15795 = FILL_AREA_STYLE_COLOUR('',#15732);
#15796 = STYLED_ITEM('color',(#15797),#14620);
#15797 = PRESENTATION_STYLE_ASSIGNMENT((#15798));
#15798 = SURFACE_STYLE_USAGE(.BOTH.,#15799);
#15799 = SURFACE_SIDE_STYLE('',(#15800));
#15800 = SURFACE_STYLE_FILL_AREA(#15801);
#15801 = FILL_AREA_STYLE('',(#15802));
#15802 = FILL_AREA_STYLE_COLOUR('',#15732);
#15803 = STYLED_ITEM('color',(#15804),#14632);
#15804 = PRESENTATION_STYLE_ASSIGNMENT((#15805));
#15805 = SURFACE_STYLE_USAGE(.BOTH.,#15806);
#15806 = SURFACE_SIDE_STYLE('',(#15807));
#15807 = SURFACE_STYLE_FILL_AREA(#15808);
#15808 = FILL_AREA_STYLE('',(#15809));
#15809 = FILL_AREA_STYLE_COLOUR('',#15732);
#15810 = MECHANICAL_DESIGN_GEOMETRIC_PRESENTATION_REPRESENTATION('',(
    #15811,#15818,#15825,#15832,#15839,#15846,#15853,#15860,#15867,
    #15874,#15881,#15888,#15895,#15902,#15909,#15916,#15923,#15930),
  #15117);
#15811 = STYLED_ITEM('color',(#15812),#14665);
#15812 = PRESENTATION_STYLE_ASSIGNMENT((#15813));
#15813 = SURFACE_STYLE_USAGE(.BOTH.,#15814);
#15814 = SURFACE_SIDE_STYLE('',(#15815));
#15815 = SURFACE_STYLE_FILL_AREA(#15816);
#15816 = FILL_AREA_STYLE('',(#15817));
#15817 = FILL_AREA_STYLE_COLOUR('',#15732);
#15818 = STYLED_ITEM('color',(#15819),#14705);
#15819 = PRESENTATION_STYLE_ASSIGNMENT((#15820));
#15820 = SURFACE_STYLE_USAGE(.BOTH.,#15821);
#15821 = SURFACE_SIDE_STYLE('',(#15822));
#15822 = SURFACE_STYLE_FILL_AREA(#15823);
#15823 = FILL_AREA_STYLE('',(#15824));
#15824 = FILL_AREA_STYLE_COLOUR('',#15732);
#15825 = STYLED_ITEM('color',(#15826),#14745);
#15826 = PRESENTATION_STYLE_ASSIGNMENT((#15827));
#15827 = SURFACE_STYLE_USAGE(.BOTH.,#15828);
#15828 = SURFACE_SIDE_STYLE('',(#15829));
#15829 = SURFACE_STYLE_FILL_AREA(#15830);
#15830 = FILL_AREA_STYLE('',(#15831));
#15831 = FILL_AREA_STYLE_COLOUR('',#15732);
#15832 = STYLED_ITEM('color',(#15833),#14812);
#15833 = PRESENTATION_STYLE_ASSIGNMENT((#15834));
#15834 = SURFACE_STYLE_USAGE(.BOTH.,#15835);
#15835 = SURFACE_SIDE_STYLE('',(#15836));
#15836 = SURFACE_STYLE_FILL_AREA(#15837);
#15837 = FILL_AREA_STYLE('',(#15838));
#15838 = FILL_AREA_STYLE_COLOUR('',#15732);
#15839 = STYLED_ITEM('color',(#15840),#14845);
#15840 = PRESENTATION_STYLE_ASSIGNMENT((#15841));
#15841 = SURFACE_STYLE_USAGE(.BOTH.,#15842);
#15842 = SURFACE_SIDE_STYLE('',(#15843));
#15843 = SURFACE_STYLE_FILL_AREA(#15844);
#15844 = FILL_AREA_STYLE('',(#15845));
#15845 = FILL_AREA_STYLE_COLOUR('',#15732);
#15846 = STYLED_ITEM('color',(#15847),#14870);
#15847 = PRESENTATION_STYLE_ASSIGNMENT((#15848));
#15848 = SURFACE_STYLE_USAGE(.BOTH.,#15849);
#15849 = SURFACE_SIDE_STYLE('',(#15850));
#15850 = SURFACE_STYLE_FILL_AREA(#15851);
#15851 = FILL_AREA_STYLE('',(#15852));
#15852 = FILL_AREA_STYLE_COLOUR('',#15732);
#15853 = STYLED_ITEM('color',(#15854),#14893);
#15854 = PRESENTATION_STYLE_ASSIGNMENT((#15855));
#15855 = SURFACE_STYLE_USAGE(.BOTH.,#15856);
#15856 = SURFACE_SIDE_STYLE('',(#15857));
#15857 = SURFACE_STYLE_FILL_AREA(#15858);
#15858 = FILL_AREA_STYLE('',(#15859));
#15859 = FILL_AREA_STYLE_COLOUR('',#15732);
#15860 = STYLED_ITEM('color',(#15861),#14915);
#15861 = PRESENTATION_STYLE_ASSIGNMENT((#15862));
#15862 = SURFACE_STYLE_USAGE(.BOTH.,#15863);
#15863 = SURFACE_SIDE_STYLE('',(#15864));
#15864 = SURFACE_STYLE_FILL_AREA(#15865);
#15865 = FILL_AREA_STYLE('',(#15866));
#15866 = FILL_AREA_STYLE_COLOUR('',#15732);
#15867 = STYLED_ITEM('color',(#15868),#14940);
#15868 = PRESENTATION_STYLE_ASSIGNMENT((#15869));
#15869 = SURFACE_STYLE_USAGE(.BOTH.,#15870);
#15870 = SURFACE_SIDE_STYLE('',(#15871));
#15871 = SURFACE_STYLE_FILL_AREA(#15872);
#15872 = FILL_AREA_STYLE('',(#15873));
#15873 = FILL_AREA_STYLE_COLOUR('',#15732);
#15874 = STYLED_ITEM('color',(#15875),#14958);
#15875 = PRESENTATION_STYLE_ASSIGNMENT((#15876));
#15876 = SURFACE_STYLE_USAGE(.BOTH.,#15877);
#15877 = SURFACE_SIDE_STYLE('',(#15878));
#15878 = SURFACE_STYLE_FILL_AREA(#15879);
#15879 = FILL_AREA_STYLE('',(#15880));
#15880 = FILL_AREA_STYLE_COLOUR('',#15732);
#15881 = STYLED_ITEM('color',(#15882),#14975);
#15882 = PRESENTATION_STYLE_ASSIGNMENT((#15883));
#15883 = SURFACE_STYLE_USAGE(.BOTH.,#15884);
#15884 = SURFACE_SIDE_STYLE('',(#15885));
#15885 = SURFACE_STYLE_FILL_AREA(#15886);
#15886 = FILL_AREA_STYLE('',(#15887));
#15887 = FILL_AREA_STYLE_COLOUR('',#15732);
#15888 = STYLED_ITEM('color',(#15889),#15000);
#15889 = PRESENTATION_STYLE_ASSIGNMENT((#15890));
#15890 = SURFACE_STYLE_USAGE(.BOTH.,#15891);
#15891 = SURFACE_SIDE_STYLE('',(#15892));
#15892 = SURFACE_STYLE_FILL_AREA(#15893);
#15893 = FILL_AREA_STYLE('',(#15894));
#15894 = FILL_AREA_STYLE_COLOUR('',#15732);
#15895 = STYLED_ITEM('color',(#15896),#15025);
#15896 = PRESENTATION_STYLE_ASSIGNMENT((#15897));
#15897 = SURFACE_STYLE_USAGE(.BOTH.,#15898);
#15898 = SURFACE_SIDE_STYLE('',(#15899));
#15899 = SURFACE_STYLE_FILL_AREA(#15900);
#15900 = FILL_AREA_STYLE('',(#15901));
#15901 = FILL_AREA_STYLE_COLOUR('',#15732);
#15902 = STYLED_ITEM('color',(#15903),#15047);
#15903 = PRESENTATION_STYLE_ASSIGNMENT((#15904));
#15904 = SURFACE_STYLE_USAGE(.BOTH.,#15905);
#15905 = SURFACE_SIDE_STYLE('',(#15906));
#15906 = SURFACE_STYLE_FILL_AREA(#15907);
#15907 = FILL_AREA_STYLE('',(#15908));
#15908 = FILL_AREA_STYLE_COLOUR('',#15732);
#15909 = STYLED_ITEM('color',(#15910),#15064);
#15910 = PRESENTATION_STYLE_ASSIGNMENT((#15911));
#15911 = SURFACE_STYLE_USAGE(.BOTH.,#15912);
#15912 = SURFACE_SIDE_STYLE('',(#15913));
#15913 = SURFACE_STYLE_FILL_AREA(#15914);
#15914 = FILL_AREA_STYLE('',(#15915));
#15915 = FILL_AREA_STYLE_COLOUR('',#15732);
#15916 = STYLED_ITEM('color',(#15917),#15081);
#15917 = PRESENTATION_STYLE_ASSIGNMENT((#15918));
#15918 = SURFACE_STYLE_USAGE(.BOTH.,#15919);
#15919 = SURFACE_SIDE_STYLE('',(#15920));
#15920 = SURFACE_STYLE_FILL_AREA(#15921);
#15921 = FILL_AREA_STYLE('',(#15922));
#15922 = FILL_AREA_STYLE_COLOUR('',#15732);
#15923 = STYLED_ITEM('color',(#15924),#15093);
#15924 = PRESENTATION_STYLE_ASSIGNMENT((#15925));
#15925 = SURFACE_STYLE_USAGE(.BOTH.,#15926);
#15926 = SURFACE_SIDE_STYLE('',(#15927));
#15927 = SURFACE_STYLE_FILL_AREA(#15928);
#15928 = FILL_AREA_STYLE('',(#15929));
#15929 = FILL_AREA_STYLE_COLOUR('',#15732);
#15930 = STYLED_ITEM('color',(#15931),#15105);
#15931 = PRESENTATION_STYLE_ASSIGNMENT((#15932));
#15932 = SURFACE_STYLE_USAGE(.BOTH.,#15933);
#15933 = SURFACE_SIDE_STYLE('',(#15934));
#15934 = SURFACE_STYLE_FILL_AREA(#15935);
#15935 = FILL_AREA_STYLE('',(#15936));
#15936 = FILL_AREA_STYLE_COLOUR('',#15732);
#15937 = MECHANICAL_DESIGN_GEOMETRIC_PRESENTATION_REPRESENTATION('',(
    #15938),#8099);
#15938 = STYLED_ITEM('color',(#15939),#7949);
#15939 = PRESENTATION_STYLE_ASSIGNMENT((#15940,#15945));
#15940 = SURFACE_STYLE_USAGE(.BOTH.,#15941);
#15941 = SURFACE_SIDE_STYLE('',(#15942));
#15942 = SURFACE_STYLE_FILL_AREA(#15943);
#15943 = FILL_AREA_STYLE('',(#15944));
#15944 = FILL_AREA_STYLE_COLOUR('',#15303);
#15945 = CURVE_STYLE('',#15946,POSITIVE_LENGTH_MEASURE(0.1),#15303);
#15946 = DRAUGHTING_PRE_DEFINED_CURVE_FONT('continuous');
ENDSEC;
END-ISO-10303-21;
